[2026-07-24 20:52:16] === Starting High-Scale 2000-5000+ Lead Generation Cycle ==-
[2026-07-24 20:52:16] [Network] Rotating Realme 8 Mobile Data for fresh IP & maximum anonymity...
[2026-07-24 20:52:25] [Network] Fresh IP assigned securely. Resuming generation...
[2026-07-24 20:52:25] [Generator] Extracting verified commercial leads for [Digital Agency] in [Indore]...
[2026-07-24 20:52:27] [Network] Rotating Realme 8 Mobile Data for fresh IP & maximum anonymity...
[2026-07-24 20:52:36] [Network] Fresh IP assigned securely. Resuming generation...
[2026-07-24 20:52:36] [Generator] Extracting verified commercial leads for [Digital Agency] in [Bhopal]...
[2026-07-24 20:52:38] [Network] Rotating Realme 8 Mobile Data for fresh IP & maximum anonymity...
[2026-07-24 20:52:47] [Network] Fresh IP assigned securely. Resuming generation...
[2026-07-24 20:52:47] [Generator] Extracting verified commercial leads for [Digital Agency] in [Pune]...
[2026-07-24 20:52:49] [Network] Rotating Realme 8 Mobile Data for fresh IP & maximum anonymity...
[2026-07-24 20:52:58] [Network] Fresh IP assigned securely. Resuming generation...
[2026-07-24 20:52:58] [Generator] Extracting verified commercial leads for [Digital Agency] in [Mumbai]...
[2026-07-24 20:53:00] [Network] Rotating Realme 8 Mobile Data for fresh IP & maximum anonymity...
[2026-07-24 20:53:10] [Network] Fresh IP assigned securely. Resuming generation...
[2026-07-24 20:53:10] [Generator] Extracting verified commercial leads for [Digital Agency] in [Bangalore]...
[2026-07-24 20:53:12] [Network] Rotating Realme 8 Mobile Data for fresh IP & maximum anonymity...
[2026-07-24 20:53:21] [Network] Fresh IP assigned securely. Resuming generation...
[2026-07-24 20:53:21] [Generator] Extracting verified commercial leads for [Digital Agency] in [Delhi]...
[2026-07-24 20:53:23] [Network] Rotating Realme 8 Mobile Data for fresh IP & maximum anonymity...
[2026-07-24 20:53:32] [Network] Fresh IP assigned securely. Resuming generation...
[2026-07-24 20:53:32] [Generator] Extracting verified commercial leads for [Digital Agency] in [Hyderabad]...
[2026-07-24 20:53:34] [Network] Rotating Realme 8 Mobile Data for fresh IP & maximum anonymity...
[2026-07-24 20:53:43] [Network] Fresh IP assigned securely. Resuming generation...
[2026-07-24 20:53:43] [Generator] Extracting verified commercial leads for [Digital Agency] in [Chennai]...
[2026-07-24 20:53:45] [Network] Rotating Realme 8 Mobile Data for fresh IP & maximum anonymity...
[2026-07-24 20:53:54] [Network] Fresh IP assigned securely. Resuming generation...
[2026-07-24 20:53:54] [Generator] Extracting verified commercial leads for [Digital Agency] in [Ahmedabad]...
[2026-07-24 20:53:56] [Network] Rotating Realme 8 Mobile Data for fresh IP & maximum anonymity...
[2026-07-24 20:54:06] [Network] Fresh IP assigned securely. Resuming generation...
[2026-07-24 20:54:06] [Generator] Extracting verified commercial leads for [Digital Agency] in [Jaipur]...
[2026-07-24 20:54:08] [Network] Rotating Realme 8 Mobile Data for fresh IP & maximum anonymity...
[2026-07-24 20:54:17] [Network] Fresh IP assigned securely. Resuming generation...
[2026-07-24 20:54:17] [Generator] Extracting verified commercial leads for [Real Estate] in [Indore]...
[2026-07-24 20:54:19] [Network] Rotating Realme 8 Mobile Data for fresh IP & maximum anonymity...
[2026-07-24 20:54:28] [Network] Fresh IP assigned securely. Resuming generation...
[2026-07-24 20:54:28] [Generator] Extracting verified commercial leads for [Real Estate] in [Bhopal]...
[2026-07-24 20:54:30] [Network] Rotating Realme 8 Mobile Data for fresh IP & maximum anonymity...
[2026-07-24 20:54:39] [Network] Fresh IP assigned securely. Resuming generation...
[2026-07-24 20:54:39] [Generator] Extracting verified commercial leads for [Real Estate] in [Pune]...
[2026-07-24 20:54:41] [Network] Rotating Realme 8 Mobile Data for fresh IP & maximum anonymity...
[2026-07-24 20:54:50] [Network] Fresh IP assigned securely. Resuming generation...
[2026-07-24 20:54:50] [Generator] Extracting verified commercial leads for [Real Estate] in [Mumbai]...
[2026-07-24 20:54:52] [Network] Rotating Realme 8 Mobile Data for fresh IP & maximum anonymity...
[2026-07-24 20:55:01] [Network] Fresh IP assigned securely. Resuming generation...
[2026-07-24 20:55:01] [Generator] Extracting verified commercial leads for [Real Estate] in [Bangalore]...
[2026-07-24 20:55:03] [Network] Rotating Realme 8 Mobile Data for fresh IP & maximum anonymity...
[2026-07-24 20:55:12] [Network] Fresh IP assigned securely. Resuming generation...
[2026-07-24 20:55:12] [Generator] Extracting verified commercial leads for [Real Estate] in [Delhi]...
[2026-07-24 20:55:14] [Network] Rotating Realme 8 Mobile Data for fresh IP & maximum anonymity...
[2026-07-24 20:55:24] [Network] Fresh IP assigned securely. Resuming generation...
[2026-07-24 20:55:24] [Generator] Extracting verified commercial leads for [Real Estate] in [Hyderabad]...
[2026-07-24 20:55:26] [Network] Rotating Realme 8 Mobile Data for fresh IP & maximum anonymity...
[2026-07-24 20:55:35] [Network] Fresh IP assigned securely. Resuming generation...
[2026-07-24 20:55:35] [Generator] Extracting verified commercial leads for [Real Estate] in [Chennai]...
[2026-07-24 20:55:37] [Network] Rotating Realme 8 Mobile Data for fresh IP & maximum anonymity...
[2026-07-24 20:55:46] [Network] Fresh IP assigned securely. Resuming generation...
[2026-07-24 20:55:46] [Generator] Extracting verified commercial leads for [Real Estate] in [Ahmedabad]...
[2026-07-24 20:55:48] [Network] Rotating Realme 8 Mobile Data for fresh IP & maximum anonymity...
[2026-07-24 20:55:57] [Network] Fresh IP assigned securely. Resuming generation...
[2026-07-24 20:55:57] [Generator] Extracting verified commercial leads for [Real Estate] in [Jaipur]...
[2026-07-24 20:55:59] [Network] Rotating Realme 8 Mobile Data for fresh IP & maximum anonymity...
[2026-07-24 20:56:08] [Network] Fresh IP assigned securely. Resuming generation...
[2026-07-24 20:56:08] [Generator] Extracting verified commercial leads for [Restaurant] in [Indore]...
[2026-07-24 20:56:10] [Network] Rotating Realme 8 Mobile Data for fresh IP & maximum anonymity...
[2026-07-24 20:56:20] [Network] Fresh IP assigned securely. Resuming generation...
[2026-07-24 20:56:20] [Generator] Extracting verified commercial leads for [Restaurant] in [Bhopal]...
[2026-07-24 20:56:22] [Network] Rotating Realme 8 Mobile Data for fresh IP & maximum anonymity...
[2026-07-24 20:56:31] [Network] Fresh IP assigned securely. Resuming generation...
[2026-07-24 20:56:31] [Generator] Extracting verified commercial leads for [Restaurant] in [Pune]...
[2026-07-24 20:56:33] [Network] Rotating Realme 8 Mobile Data for fresh IP & maximum anonymity...
[2026-07-24 20:56:42] [Network] Fresh IP assigned securely. Resuming generation...
[2026-07-24 20:56:42] [Generator] Extracting verified commercial leads for [Restaurant] in [Mumbai]...
[2026-07-24 20:56:44] [Network] Rotating Realme 8 Mobile Data for fresh IP & maximum anonymity...
[2026-07-24 20:56:53] [Network] Fresh IP assigned securely. Resuming generation...
[2026-07-24 20:56:53] [Generator] Extracting verified commercial leads for [Restaurant] in [Bangalore]...
[2026-07-24 20:56:55] [Network] Rotating Realme 8 Mobile Data for fresh IP & maximum anonymity...
[2026-07-24 20:57:04] [Network] Fresh IP assigned securely. Resuming generation...
[2026-07-24 20:57:04] [Generator] Extracting verified commercial leads for [Restaurant] in [Delhi]...
[2026-07-24 20:57:06] [Network] Rotating Realme 8 Mobile Data for fresh IP & maximum anonymity...
[2026-07-24 20:57:07] === Starting High-Scale 2000-5000+ Lead Generation Cycle ==-
[2026-07-24 20:57:07] [Network] Rotating Realme 8 Mobile Data for fresh IP & maximum anonymity...
[2026-07-24 20:57:16] [Network] Fresh IP assigned securely. Resuming generation...
[2026-07-24 20:57:16] [Generator] Extracting verified commercial leads for [Restaurant] in [Hyderabad]...
[2026-07-24 20:57:17] [Network] Fresh IP assigned securely. Resuming generation...
[2026-07-24 20:57:17] [Generator] Extracting verified commercial leads for [Digital Agency] in [Indore]...
[2026-07-24 20:57:18] [Network] Rotating Realme 8 Mobile Data for fresh IP & maximum anonymity...
[2026-07-24 20:57:19] [Network] Rotating Realme 8 Mobile Data for fresh IP & maximum anonymity...
[2026-07-24 20:57:27] [Network] Fresh IP assigned securely. Resuming generation...
[2026-07-24 20:57:27] [Generator] Extracting verified commercial leads for [Restaurant] in [Chennai]...
[2026-07-24 20:57:28] [Network] Fresh IP assigned securely. Resuming generation...
[2026-07-24 20:57:28] [Generator] Extracting verified commercial leads for [Digital Agency] in [Bhopal]...
[2026-07-24 20:57:29] [Network] Rotating Realme 8 Mobile Data for fresh IP & maximum anonymity...
[2026-07-24 20:57:30] [Network] Rotating Realme 8 Mobile Data for fresh IP & maximum anonymity...
[2026-07-24 20:57:38] [Network] Fresh IP assigned securely. Resuming generation...
[2026-07-24 20:57:38] [Generator] Extracting verified commercial leads for [Restaurant] in [Ahmedabad]...
[2026-07-24 20:57:39] [Network] Fresh IP assigned securely. Resuming generation...
[2026-07-24 20:57:39] [Generator] Extracting verified commercial leads for [Digital Agency] in [Pune]...
[2026-07-24 20:57:40] [Network] Rotating Realme 8 Mobile Data for fresh IP & maximum anonymity...
[2026-07-24 20:57:41] [Network] Rotating Realme 8 Mobile Data for fresh IP & maximum anonymity...
[2026-07-24 20:57:49] [Network] Fresh IP assigned securely. Resuming generation...
[2026-07-24 20:57:49] [Generator] Extracting verified commercial leads for [Restaurant] in [Jaipur]...
[2026-07-24 20:57:50] [Network] Fresh IP assigned securely. Resuming generation...
[2026-07-24 20:57:50] [Generator] Extracting verified commercial leads for [Digital Agency] in [Mumbai]...
[2026-07-24 20:57:51] [Network] Rotating Realme 8 Mobile Data for fresh IP & maximum anonymity...
[2026-07-24 20:57:52] [Network] Rotating Realme 8 Mobile Data for fresh IP & maximum anonymity...
[2026-07-24 20:58:00] [Network] Fresh IP assigned securely. Resuming generation...
[2026-07-24 20:58:00] [Generator] Extracting verified commercial leads for [Coaching Institute] in [Indore]...
[2026-07-24 20:58:01] [Network] Fresh IP assigned securely. Resuming generation...
[2026-07-24 20:58:01] [Generator] Extracting verified commercial leads for [Digital Agency] in [Bangalore]...
[2026-07-24 20:58:02] [Network] Rotating Realme 8 Mobile Data for fresh IP & maximum anonymity...
[2026-07-24 20:58:03] [Network] Rotating Realme 8 Mobile Data for fresh IP & maximum anonymity...
[2026-07-24 20:58:11] [Network] Fresh IP assigned securely. Resuming generation...
[2026-07-24 20:58:11] [Generator] Extracting verified commercial leads for [Coaching Institute] in [Bhopal]...
[2026-07-24 20:58:12] [Network] Fresh IP assigned securely. Resuming generation...
[2026-07-24 20:58:12] [Generator] Extracting verified commercial leads for [Digital Agency] in [Delhi]...
[2026-07-24 20:58:13] [Network] Rotating Realme 8 Mobile Data for fresh IP & maximum anonymity...
[2026-07-24 20:58:14] [Network] Rotating Realme 8 Mobile Data for fresh IP & maximum anonymity...
[2026-07-24 20:58:22] [Network] Fresh IP assigned securely. Resuming generation...
[2026-07-24 20:58:23] [Generator] Extracting verified commercial leads for [Coaching Institute] in [Pune]...
[2026-07-24 20:58:23] [Network] Fresh IP assigned securely. Resuming generation...
[2026-07-24 20:58:23] [Generator] Extracting verified commercial leads for [Digital Agency] in [Hyderabad]...
[2026-07-24 20:58:25] [Network] Rotating Realme 8 Mobile Data for fresh IP & maximum anonymity...
[2026-07-24 20:58:25] [Network] Rotating Realme 8 Mobile Data for fresh IP & maximum anonymity...
[2026-07-24 20:58:34] [Network] Fresh IP assigned securely. Resuming generation...
[2026-07-24 20:58:34] [Generator] Extracting verified commercial leads for [Coaching Institute] in [Mumbai]...
[2026-07-24 20:58:35] [Network] Fresh IP assigned securely. Resuming generation...
[2026-07-24 20:58:35] [Generator] Extracting verified commercial leads for [Digital Agency] in [Chennai]...
[2026-07-24 20:58:36] [Network] Rotating Realme 8 Mobile Data for fresh IP & maximum anonymity...
[2026-07-24 20:58:37] [Network] Rotating Realme 8 Mobile Data for fresh IP & maximum anonymity...
[2026-07-24 20:58:45] [Network] Fresh IP assigned securely. Resuming generation...
[2026-07-24 20:58:45] [Generator] Extracting verified commercial leads for [Coaching Institute] in [Bangalore]...
[2026-07-24 20:58:46] [Network] Fresh IP assigned securely. Resuming generation...
[2026-07-24 20:58:46] [Generator] Extracting verified commercial leads for [Digital Agency] in [Ahmedabad]...
[2026-07-24 20:58:47] [Network] Rotating Realme 8 Mobile Data for fresh IP & maximum anonymity...
[2026-07-24 20:58:48] [Network] Rotating Realme 8 Mobile Data for fresh IP & maximum anonymity...
[2026-07-24 20:59:05] === Starting High-Scale 2000-5000+ Lead Generation Cycle ==-
[2026-07-24 20:59:05] [Network] Rotating Realme 8 Mobile Data for fresh IP & maximum anonymity...
[2026-07-24 20:59:14] [Network] Fresh IP assigned securely. Resuming generation...
[2026-07-24 20:59:14] [Generator] Extracting verified commercial leads for [Digital Agency] in [Indore]...
[2026-07-24 20:59:16] [Network] Rotating Realme 8 Mobile Data for fresh IP & maximum anonymity...
[2026-07-24 20:59:25] [Network] Fresh IP assigned securely. Resuming generation...
[2026-07-24 20:59:25] [Generator] Extracting verified commercial leads for [Digital Agency] in [Bhopal]...
[2026-07-24 20:59:27] [Network] Rotating Realme 8 Mobile Data for fresh IP & maximum anonymity...
[2026-07-24 20:59:37] [Network] Fresh IP assigned securely. Resuming generation...
[2026-07-24 20:59:37] [Generator] Extracting verified commercial leads for [Digital Agency] in [Pune]...
[2026-07-24 20:59:39] [Network] Rotating Realme 8 Mobile Data for fresh IP & maximum anonymity...
[2026-07-24 21:00:10] === Starting High-Scale 2000-5000+ Lead Generation Cycle ==-
[2026-07-24 21:00:10] [Network] Rotating Realme 8 Mobile Data for fresh IP & maximum anonymity...
[2026-07-24 21:00:19] [Network] Fresh IP assigned securely. Resuming generation...
[2026-07-24 21:00:19] [Generator] Extracting verified commercial leads for [Digital Agency] in [Indore]...
[2026-07-24 21:00:21] [Network] Rotating Realme 8 Mobile Data for fresh IP & maximum anonymity...
[2026-07-24 21:00:30] [Network] Fresh IP assigned securely. Resuming generation...
[2026-07-24 21:00:30] [Generator] Extracting verified commercial leads for [Digital Agency] in [Bhopal]...
[2026-07-24 21:00:32] [Network] Rotating Realme 8 Mobile Data for fresh IP & maximum anonymity...
[2026-07-24 21:00:41] [Network] Fresh IP assigned securely. Resuming generation...
[2026-07-24 21:00:41] [Generator] Extracting verified commercial leads for [Digital Agency] in [Pune]...
[2026-07-24 21:00:43] [Network] Rotating Realme 8 Mobile Data for fresh IP & maximum anonymity...
[2026-07-24 21:00:53] [Network] Fresh IP assigned securely. Resuming generation...
[2026-07-24 21:00:53] [Generator] Extracting verified commercial leads for [Digital Agency] in [Mumbai]...
[2026-07-24 21:00:55] [Network] Rotating Realme 8 Mobile Data for fresh IP & maximum anonymity...
[2026-07-24 21:01:04] [Network] Fresh IP assigned securely. Resuming generation...
[2026-07-24 21:01:04] [Generator] Extracting verified commercial leads for [Digital Agency] in [Bangalore]...
[2026-07-24 21:01:06] [Network] Rotating Realme 8 Mobile Data for fresh IP & maximum anonymity...
[2026-07-24 21:01:15] [Network] Fresh IP assigned securely. Resuming generation...
[2026-07-24 21:01:15] [Generator] Extracting verified commercial leads for [Digital Agency] in [Delhi]...
[2026-07-24 21:01:17] [Network] Rotating Realme 8 Mobile Data for fresh IP & maximum anonymity...
[2026-07-24 21:01:26] [Network] Fresh IP assigned securely. Resuming generation...
[2026-07-24 21:01:26] [Generator] Extracting verified commercial leads for [Digital Agency] in [Hyderabad]...
[2026-07-24 21:01:28] [Network] Rotating Realme 8 Mobile Data for fresh IP & maximum anonymity...
[2026-07-24 21:01:37] [Network] Fresh IP assigned securely. Resuming generation...
[2026-07-24 21:01:37] [Generator] Extracting verified commercial leads for [Digital Agency] in [Chennai]...
[2026-07-24 21:01:39] [Network] Rotating Realme 8 Mobile Data for fresh IP & maximum anonymity...
[2026-07-24 21:01:48] [Network] Fresh IP assigned securely. Resuming generation...
[2026-07-24 21:01:48] [Generator] Extracting verified commercial leads for [Digital Agency] in [Ahmedabad]...
[2026-07-24 21:01:50] [Network] Rotating Realme 8 Mobile Data for fresh IP & maximum anonymity...
[2026-07-24 21:02:00] [Network] Fresh IP assigned securely. Resuming generation...
[2026-07-24 21:02:00] [Generator] Extracting verified commercial leads for [Digital Agency] in [Jaipur]...
[2026-07-24 21:02:02] [Network] Rotating Realme 8 Mobile Data for fresh IP & maximum anonymity...
[2026-07-24 21:02:11] [Network] Fresh IP assigned securely. Resuming generation...
[2026-07-24 21:02:11] [Generator] Extracting verified commercial leads for [Real Estate] in [Indore]...
[2026-07-24 21:02:13] [Network] Rotating Realme 8 Mobile Data for fresh IP & maximum anonymity...
[2026-07-24 21:02:22] [Network] Fresh IP assigned securely. Resuming generation...
[2026-07-24 21:02:22] [Generator] Extracting verified commercial leads for [Real Estate] in [Bhopal]...
[2026-07-24 21:02:24] [Network] Rotating Realme 8 Mobile Data for fresh IP & maximum anonymity...
[2026-07-24 21:02:33] [Network] Fresh IP assigned securely. Resuming generation...
[2026-07-24 21:02:33] [Generator] Extracting verified commercial leads for [Real Estate] in [Pune]...
[2026-07-24 21:02:35] [Network] Rotating Realme 8 Mobile Data for fresh IP & maximum anonymity...
[2026-07-24 21:02:44] [Network] Fresh IP assigned securely. Resuming generation...
[2026-07-24 21:02:44] [Generator] Extracting verified commercial leads for [Real Estate] in [Mumbai]...
[2026-07-24 21:02:46] [Network] Rotating Realme 8 Mobile Data for fresh IP & maximum anonymity...
[2026-07-24 21:02:55] [Network] Fresh IP assigned securely. Resuming generation...
[2026-07-24 21:02:55] [Generator] Extracting verified commercial leads for [Real Estate] in [Bangalore]...
[2026-07-24 21:02:57] [Network] Rotating Realme 8 Mobile Data for fresh IP & maximum anonymity...
[2026-07-24 21:03:07] [Network] Fresh IP assigned securely. Resuming generation...
[2026-07-24 21:03:07] [Generator] Extracting verified commercial leads for [Real Estate] in [Delhi]...
[2026-07-24 21:03:09] [Network] Rotating Realme 8 Mobile Data for fresh IP & maximum anonymity...
[2026-07-24 21:03:18] [Network] Fresh IP assigned securely. Resuming generation...
[2026-07-24 21:03:18] [Generator] Extracting verified commercial leads for [Real Estate] in [Hyderabad]...
[2026-07-24 21:03:20] [Network] Rotating Realme 8 Mobile Data for fresh IP & maximum anonymity...
[2026-07-24 21:03:29] [Network] Fresh IP assigned securely. Resuming generation...
[2026-07-24 21:03:29] [Generator] Extracting verified commercial leads for [Real Estate] in [Chennai]...
[2026-07-24 21:03:31] [Network] Rotating Realme 8 Mobile Data for fresh IP & maximum anonymity...
[2026-07-24 21:03:40] [Network] Fresh IP assigned securely. Resuming generation...
[2026-07-24 21:03:40] [Generator] Extracting verified commercial leads for [Real Estate] in [Ahmedabad]...
[2026-07-24 21:03:42] [Network] Rotating Realme 8 Mobile Data for fresh IP & maximum anonymity...
[2026-07-24 21:03:52] [Network] Fresh IP assigned securely. Resuming generation...
[2026-07-24 21:03:52] [Generator] Extracting verified commercial leads for [Real Estate] in [Jaipur]...
[2026-07-24 21:03:54] [Network] Rotating Realme 8 Mobile Data for fresh IP & maximum anonymity...
[2026-07-24 21:04:03] [Network] Fresh IP assigned securely. Resuming generation...
[2026-07-24 21:04:03] [Generator] Extracting verified commercial leads for [Restaurant] in [Indore]...
[2026-07-24 21:04:05] [Network] Rotating Realme 8 Mobile Data for fresh IP & maximum anonymity...
[2026-07-24 21:04:14] [Network] Fresh IP assigned securely. Resuming generation...
[2026-07-24 21:04:14] [Generator] Extracting verified commercial leads for [Restaurant] in [Bhopal]...
[2026-07-24 21:04:16] [Network] Rotating Realme 8 Mobile Data for fresh IP & maximum anonymity...
[2026-07-24 21:04:25] [Network] Fresh IP assigned securely. Resuming generation...
[2026-07-24 21:04:25] [Generator] Extracting verified commercial leads for [Restaurant] in [Pune]...
[2026-07-24 21:04:27] [Network] Rotating Realme 8 Mobile Data for fresh IP & maximum anonymity...
[2026-07-24 21:04:36] [Network] Fresh IP assigned securely. Resuming generation...
[2026-07-24 21:04:36] [Generator] Extracting verified commercial leads for [Restaurant] in [Mumbai]...
[2026-07-24 21:04:38] [Network] Rotating Realme 8 Mobile Data for fresh IP & maximum anonymity...
[2026-07-24 21:04:47] [Network] Fresh IP assigned securely. Resuming generation...
[2026-07-24 21:04:47] [Generator] Extracting verified commercial leads for [Restaurant] in [Bangalore]...
[2026-07-24 21:04:49] [Network] Rotating Realme 8 Mobile Data for fresh IP & maximum anonymity...
[2026-07-24 21:04:59] [Network] Fresh IP assigned securely. Resuming generation...
[2026-07-24 21:04:59] [Generator] Extracting verified commercial leads for [Restaurant] in [Delhi]...
[2026-07-24 21:05:01] [Network] Rotating Realme 8 Mobile Data for fresh IP & maximum anonymity...
[2026-07-24 21:05:10] [Network] Fresh IP assigned securely. Resuming generation...
[2026-07-24 21:05:10] [Generator] Extracting verified commercial leads for [Restaurant] in [Hyderabad]...
[2026-07-24 21:05:12] [Network] Rotating Realme 8 Mobile Data for fresh IP & maximum anonymity...
[2026-07-24 21:05:21] [Network] Fresh IP assigned securely. Resuming generation...
[2026-07-24 21:05:21] [Generator] Extracting verified commercial leads for [Restaurant] in [Chennai]...
[2026-07-24 21:05:23] [Network] Rotating Realme 8 Mobile Data for fresh IP & maximum anonymity...
[2026-07-24 21:05:32] [Network] Fresh IP assigned securely. Resuming generation...
[2026-07-24 21:05:32] [Generator] Extracting verified commercial leads for [Restaurant] in [Ahmedabad]...
[2026-07-24 21:05:34] [Network] Rotating Realme 8 Mobile Data for fresh IP & maximum anonymity...
[2026-07-24 21:05:43] [Network] Fresh IP assigned securely. Resuming generation...
[2026-07-24 21:05:43] [Generator] Extracting verified commercial leads for [Restaurant] in [Jaipur]...
[2026-07-24 21:05:45] [Network] Rotating Realme 8 Mobile Data for fresh IP & maximum anonymity...
[2026-07-24 21:05:54] [Network] Fresh IP assigned securely. Resuming generation...
[2026-07-24 21:05:54] [Generator] Extracting verified commercial leads for [Coaching Institute] in [Indore]...
[2026-07-24 21:05:56] [Network] Rotating Realme 8 Mobile Data for fresh IP & maximum anonymity...
[2026-07-24 21:06:06] [Network] Fresh IP assigned securely. Resuming generation...
[2026-07-24 21:06:06] [Generator] Extracting verified commercial leads for [Coaching Institute] in [Bhopal]...
[2026-07-24 21:06:08] [Network] Rotating Realme 8 Mobile Data for fresh IP & maximum anonymity...
[2026-07-24 21:06:17] [Network] Fresh IP assigned securely. Resuming generation...
[2026-07-24 21:06:17] [Generator] Extracting verified commercial leads for [Coaching Institute] in [Pune]...
[2026-07-24 21:06:19] [Network] Rotating Realme 8 Mobile Data for fresh IP & maximum anonymity...
[2026-07-24 21:06:28] [Network] Fresh IP assigned securely. Resuming generation...
[2026-07-24 21:06:28] [Generator] Extracting verified commercial leads for [Coaching Institute] in [Mumbai]...
[2026-07-24 21:06:30] [Network] Rotating Realme 8 Mobile Data for fresh IP & maximum anonymity...
[2026-07-24 21:06:39] [Network] Fresh IP assigned securely. Resuming generation...
[2026-07-24 21:06:39] [Generator] Extracting verified commercial leads for [Coaching Institute] in [Bangalore]...
[2026-07-24 21:06:41] [Network] Rotating Realme 8 Mobile Data for fresh IP & maximum anonymity...
[2026-07-24 21:06:50] [Network] Fresh IP assigned securely. Resuming generation...
[2026-07-24 21:06:50] [Generator] Extracting verified commercial leads for [Coaching Institute] in [Delhi]...
[2026-07-24 21:06:52] [Network] Rotating Realme 8 Mobile Data for fresh IP & maximum anonymity...
[2026-07-24 21:07:01] [Network] Fresh IP assigned securely. Resuming generation...
[2026-07-24 21:07:01] [Generator] Extracting verified commercial leads for [Coaching Institute] in [Hyderabad]...
[2026-07-24 21:07:03] [Network] Rotating Realme 8 Mobile Data for fresh IP & maximum anonymity...
[2026-07-24 21:07:13] [Network] Fresh IP assigned securely. Resuming generation...
[2026-07-24 21:07:13] [Generator] Extracting verified commercial leads for [Coaching Institute] in [Chennai]...
[2026-07-24 21:07:15] [Network] Rotating Realme 8 Mobile Data for fresh IP & maximum anonymity...
[2026-07-24 21:07:24] [Network] Fresh IP assigned securely. Resuming generation...
[2026-07-24 21:07:24] [Generator] Extracting verified commercial leads for [Coaching Institute] in [Ahmedabad]...
[2026-07-24 21:07:26] [Network] Rotating Realme 8 Mobile Data for fresh IP & maximum anonymity...
[2026-07-24 21:07:35] [Network] Fresh IP assigned securely. Resuming generation...
[2026-07-24 21:07:35] [Generator] Extracting verified commercial leads for [Coaching Institute] in [Jaipur]...
[2026-07-24 21:07:37] [Network] Rotating Realme 8 Mobile Data for fresh IP & maximum anonymity...
[2026-07-24 21:07:46] [Network] Fresh IP assigned securely. Resuming generation...
[2026-07-24 21:07:46] [Generator] Extracting verified commercial leads for [Doctor] in [Indore]...
[2026-07-24 21:07:48] [Network] Rotating Realme 8 Mobile Data for fresh IP & maximum anonymity...
[2026-07-24 21:07:57] [Network] Fresh IP assigned securely. Resuming generation...
[2026-07-24 21:07:57] [Generator] Extracting verified commercial leads for [Doctor] in [Bhopal]...
[2026-07-24 21:07:59] [Network] Rotating Realme 8 Mobile Data for fresh IP & maximum anonymity...
[2026-07-24 21:08:08] [Network] Fresh IP assigned securely. Resuming generation...
[2026-07-24 21:08:08] [Generator] Extracting verified commercial leads for [Doctor] in [Pune]...
[2026-07-24 21:08:10] [Network] Rotating Realme 8 Mobile Data for fresh IP & maximum anonymity...
[2026-07-24 21:08:20] [Network] Fresh IP assigned securely. Resuming generation...
[2026-07-24 21:08:20] [Generator] Extracting verified commercial leads for [Doctor] in [Mumbai]...
[2026-07-24 21:08:22] [Network] Rotating Realme 8 Mobile Data for fresh IP & maximum anonymity...
[2026-07-24 21:08:31] [Network] Fresh IP assigned securely. Resuming generation...
[2026-07-24 21:08:31] [Generator] Extracting verified commercial leads for [Doctor] in [Bangalore]...
[2026-07-24 21:08:33] [Network] Rotating Realme 8 Mobile Data for fresh IP & maximum anonymity...
[2026-07-24 21:08:42] [Network] Fresh IP assigned securely. Resuming generation...
[2026-07-24 21:08:42] [Generator] Extracting verified commercial leads for [Doctor] in [Delhi]...
[2026-07-24 21:08:44] [Network] Rotating Realme 8 Mobile Data for fresh IP & maximum anonymity...
[2026-07-24 21:08:53] [Network] Fresh IP assigned securely. Resuming generation...
[2026-07-24 21:08:53] [Generator] Extracting verified commercial leads for [Doctor] in [Hyderabad]...
[2026-07-24 21:08:55] [Network] Rotating Realme 8 Mobile Data for fresh IP & maximum anonymity...
[2026-07-24 21:09:04] [Network] Fresh IP assigned securely. Resuming generation...
[2026-07-24 21:09:04] [Generator] Extracting verified commercial leads for [Doctor] in [Chennai]...
[2026-07-24 21:09:06] [Network] Rotating Realme 8 Mobile Data for fresh IP & maximum anonymity...
[2026-07-24 21:09:16] [Network] Fresh IP assigned securely. Resuming generation...
[2026-07-24 21:09:16] [Generator] Extracting verified commercial leads for [Doctor] in [Ahmedabad]...
[2026-07-24 21:09:18] [Network] Rotating Realme 8 Mobile Data for fresh IP & maximum anonymity...
[2026-07-24 21:09:27] [Network] Fresh IP assigned securely. Resuming generation...
[2026-07-24 21:09:27] [Generator] Extracting verified commercial leads for [Doctor] in [Jaipur]...
[2026-07-24 21:09:29] [Network] Rotating Realme 8 Mobile Data for fresh IP & maximum anonymity...
[2026-07-24 21:09:38] [Network] Fresh IP assigned securely. Resuming generation...
[2026-07-24 21:09:38] [Generator] Extracting verified commercial leads for [Gym] in [Indore]...
[2026-07-24 21:09:40] [Network] Rotating Realme 8 Mobile Data for fresh IP & maximum anonymity...
[2026-07-24 21:09:49] [Network] Fresh IP assigned securely. Resuming generation...
[2026-07-24 21:09:49] [Generator] Extracting verified commercial leads for [Gym] in [Bhopal]...
[2026-07-24 21:09:51] [Network] Rotating Realme 8 Mobile Data for fresh IP & maximum anonymity...
[2026-07-24 21:10:00] [Network] Fresh IP assigned securely. Resuming generation...
[2026-07-24 21:10:00] [Generator] Extracting verified commercial leads for [Gym] in [Pune]...
[2026-07-24 21:10:02] [Network] Rotating Realme 8 Mobile Data for fresh IP & maximum anonymity...
[2026-07-24 21:10:12] [Network] Fresh IP assigned securely. Resuming generation...
[2026-07-24 21:10:12] [Generator] Extracting verified commercial leads for [Gym] in [Mumbai]...
[2026-07-24 21:10:14] [Network] Rotating Realme 8 Mobile Data for fresh IP & maximum anonymity...
[2026-07-24 21:10:23] [Network] Fresh IP assigned securely. Resuming generation...
[2026-07-24 21:10:23] [Generator] Extracting verified commercial leads for [Gym] in [Bangalore]...
[2026-07-24 21:10:25] [Network] Rotating Realme 8 Mobile Data for fresh IP & maximum anonymity...
[2026-07-24 21:10:34] [Network] Fresh IP assigned securely. Resuming generation...
[2026-07-24 21:10:34] [Generator] Extracting verified commercial leads for [Gym] in [Delhi]...
[2026-07-24 21:10:36] [Network] Rotating Realme 8 Mobile Data for fresh IP & maximum anonymity...
[2026-07-24 21:10:45] [Network] Fresh IP assigned securely. Resuming generation...
[2026-07-24 21:10:45] [Generator] Extracting verified commercial leads for [Gym] in [Hyderabad]...
[2026-07-24 21:10:47] [Network] Rotating Realme 8 Mobile Data for fresh IP & maximum anonymity...
[2026-07-24 21:10:56] [Network] Fresh IP assigned securely. Resuming generation...
[2026-07-24 21:10:56] [Generator] Extracting verified commercial leads for [Gym] in [Chennai]...
[2026-07-24 21:10:58] [Network] Rotating Realme 8 Mobile Data for fresh IP & maximum anonymity...
[2026-07-24 21:11:07] [Network] Fresh IP assigned securely. Resuming generation...
[2026-07-24 21:11:07] [Generator] Extracting verified commercial leads for [Gym] in [Ahmedabad]...
[2026-07-24 21:11:09] [Network] Rotating Realme 8 Mobile Data for fresh IP & maximum anonymity...
[2026-07-24 21:11:19] [Network] Fresh IP assigned securely. Resuming generation...
[2026-07-24 21:11:19] [Generator] Extracting verified commercial leads for [Gym] in [Jaipur]...
[2026-07-24 21:11:21] [Network] Rotating Realme 8 Mobile Data for fresh IP & maximum anonymity...
[2026-07-24 21:11:30] [Network] Fresh IP assigned securely. Resuming generation...
[2026-07-24 21:11:30] [Generator] Extracting verified commercial leads for [Lawyer] in [Indore]...
[2026-07-24 21:11:32] [Network] Rotating Realme 8 Mobile Data for fresh IP & maximum anonymity...
[2026-07-24 21:11:41] [Network] Fresh IP assigned securely. Resuming generation...
[2026-07-24 21:11:41] [Generator] Extracting verified commercial leads for [Lawyer] in [Bhopal]...
[2026-07-24 21:11:43] [Network] Rotating Realme 8 Mobile Data for fresh IP & maximum anonymity...
[2026-07-24 21:11:52] [Network] Fresh IP assigned securely. Resuming generation...
[2026-07-24 21:11:52] [Generator] Extracting verified commercial leads for [Lawyer] in [Pune]...
[2026-07-24 21:11:54] [Network] Rotating Realme 8 Mobile Data for fresh IP & maximum anonymity...
[2026-07-24 21:12:03] [Network] Fresh IP assigned securely. Resuming generation...
[2026-07-24 21:12:03] [Generator] Extracting verified commercial leads for [Lawyer] in [Mumbai]...
[2026-07-24 21:12:05] [Network] Rotating Realme 8 Mobile Data for fresh IP & maximum anonymity...
[2026-07-24 21:12:14] [Network] Fresh IP assigned securely. Resuming generation...
[2026-07-24 21:12:14] [Generator] Extracting verified commercial leads for [Lawyer] in [Bangalore]...
[2026-07-24 21:12:16] [Network] Rotating Realme 8 Mobile Data for fresh IP & maximum anonymity...
[2026-07-24 21:12:26] [Network] Fresh IP assigned securely. Resuming generation...
[2026-07-24 21:12:26] [Generator] Extracting verified commercial leads for [Lawyer] in [Delhi]...
[2026-07-24 21:12:28] [Network] Rotating Realme 8 Mobile Data for fresh IP & maximum anonymity...
[2026-07-24 21:12:37] [Network] Fresh IP assigned securely. Resuming generation...
[2026-07-24 21:12:37] [Generator] Extracting verified commercial leads for [Lawyer] in [Hyderabad]...
[2026-07-24 21:12:39] [Network] Rotating Realme 8 Mobile Data for fresh IP & maximum anonymity...
[2026-07-24 21:12:48] [Network] Fresh IP assigned securely. Resuming generation...
[2026-07-24 21:12:48] [Generator] Extracting verified commercial leads for [Lawyer] in [Chennai]...
[2026-07-24 21:12:50] [Network] Rotating Realme 8 Mobile Data for fresh IP & maximum anonymity...
[2026-07-24 21:12:59] [Network] Fresh IP assigned securely. Resuming generation...
[2026-07-24 21:12:59] [Generator] Extracting verified commercial leads for [Lawyer] in [Ahmedabad]...
[2026-07-24 21:13:01] [Network] Rotating Realme 8 Mobile Data for fresh IP & maximum anonymity...
[2026-07-24 21:13:05] === Starting High-Scale 2000-5000+ Lead Generation Cycle ==-
[2026-07-24 21:13:05] [Network] Rotating Realme 8 Mobile Data for fresh IP & maximum anonymity...
[2026-07-24 21:13:10] [Network] Fresh IP assigned securely. Resuming generation...
[2026-07-24 21:13:10] [Generator] Extracting verified commercial leads for [Lawyer] in [Jaipur]...
[2026-07-24 21:13:12] [Network] Rotating Realme 8 Mobile Data for fresh IP & maximum anonymity...
[2026-07-24 21:13:14] [Network] Fresh IP assigned securely. Resuming generation...
[2026-07-24 21:13:14] [Generator] Extracting verified commercial leads for [Digital Agency] in [Indore]...
[2026-07-24 21:13:16] [Network] Rotating Realme 8 Mobile Data for fresh IP & maximum anonymity...
[2026-07-24 21:13:21] [Network] Fresh IP assigned securely. Resuming generation...
[2026-07-24 21:13:21] [Generator] Extracting verified commercial leads for [E-commerce] in [Indore]...
[2026-07-24 21:13:23] [Network] Rotating Realme 8 Mobile Data for fresh IP & maximum anonymity...
[2026-07-24 21:13:25] [Network] Fresh IP assigned securely. Resuming generation...
[2026-07-24 21:13:25] [Generator] Extracting verified commercial leads for [Digital Agency] in [Bhopal]...
[2026-07-24 21:13:27] [Network] Rotating Realme 8 Mobile Data for fresh IP & maximum anonymity...
[2026-07-24 21:13:33] [Network] Fresh IP assigned securely. Resuming generation...
[2026-07-24 21:13:33] [Generator] Extracting verified commercial leads for [E-commerce] in [Bhopal]...
[2026-07-24 21:13:35] [Network] Rotating Realme 8 Mobile Data for fresh IP & maximum anonymity...
[2026-07-24 21:13:36] [Network] Fresh IP assigned securely. Resuming generation...
[2026-07-24 21:13:36] [Generator] Extracting verified commercial leads for [Digital Agency] in [Pune]...
[2026-07-24 21:13:38] [Network] Rotating Realme 8 Mobile Data for fresh IP & maximum anonymity...
[2026-07-24 21:13:44] [Network] Fresh IP assigned securely. Resuming generation...
[2026-07-24 21:13:44] [Generator] Extracting verified commercial leads for [E-commerce] in [Pune]...
[2026-07-24 21:13:46] [Network] Rotating Realme 8 Mobile Data for fresh IP & maximum anonymity...
[2026-07-24 21:13:47] [Network] Fresh IP assigned securely. Resuming generation...
[2026-07-24 21:13:47] [Generator] Extracting verified commercial leads for [Digital Agency] in [Mumbai]...
[2026-07-24 21:13:49] [Network] Rotating Realme 8 Mobile Data for fresh IP & maximum anonymity...
[2026-07-24 21:13:55] [Network] Fresh IP assigned securely. Resuming generation...
[2026-07-24 21:13:55] [Generator] Extracting verified commercial leads for [E-commerce] in [Mumbai]...
[2026-07-24 21:13:57] [Network] Rotating Realme 8 Mobile Data for fresh IP & maximum anonymity...
[2026-07-24 21:13:59] [Network] Fresh IP assigned securely. Resuming generation...
[2026-07-24 21:13:59] [Generator] Extracting verified commercial leads for [Digital Agency] in [Bangalore]...
[2026-07-24 21:14:01] [Network] Rotating Realme 8 Mobile Data for fresh IP & maximum anonymity...
[2026-07-24 21:14:06] [Network] Fresh IP assigned securely. Resuming generation...
[2026-07-24 21:14:06] [Generator] Extracting verified commercial leads for [E-commerce] in [Bangalore]...
[2026-07-24 21:14:08] [Network] Rotating Realme 8 Mobile Data for fresh IP & maximum anonymity...
[2026-07-24 21:14:10] [Network] Fresh IP assigned securely. Resuming generation...
[2026-07-24 21:14:10] [Generator] Extracting verified commercial leads for [Digital Agency] in [Delhi]...
[2026-07-24 21:14:12] [Network] Rotating Realme 8 Mobile Data for fresh IP & maximum anonymity...
[2026-07-24 21:14:17] [Network] Fresh IP assigned securely. Resuming generation...
[2026-07-24 21:14:17] [Generator] Extracting verified commercial leads for [E-commerce] in [Delhi]...
[2026-07-24 21:14:19] [Network] Rotating Realme 8 Mobile Data for fresh IP & maximum anonymity...
[2026-07-24 21:14:21] [Network] Fresh IP assigned securely. Resuming generation...
[2026-07-24 21:14:21] [Generator] Extracting verified commercial leads for [Digital Agency] in [Hyderabad]...
[2026-07-24 21:14:23] [Network] Rotating Realme 8 Mobile Data for fresh IP & maximum anonymity...
[2026-07-24 21:14:29] [Network] Fresh IP assigned securely. Resuming generation...
[2026-07-24 21:14:29] [Generator] Extracting verified commercial leads for [E-commerce] in [Hyderabad]...
[2026-07-24 21:14:31] [Network] Rotating Realme 8 Mobile Data for fresh IP & maximum anonymity...
[2026-07-24 21:14:32] [Network] Fresh IP assigned securely. Resuming generation...
[2026-07-24 21:14:32] [Generator] Extracting verified commercial leads for [Digital Agency] in [Chennai]...
[2026-07-24 21:14:34] [Network] Rotating Realme 8 Mobile Data for fresh IP & maximum anonymity...
[2026-07-24 21:14:40] [Network] Fresh IP assigned securely. Resuming generation...
[2026-07-24 21:14:40] [Generator] Extracting verified commercial leads for [E-commerce] in [Chennai]...
[2026-07-24 21:14:42] [Network] Rotating Realme 8 Mobile Data for fresh IP & maximum anonymity...
[2026-07-24 21:14:43] [Network] Fresh IP assigned securely. Resuming generation...
[2026-07-24 21:14:43] [Generator] Extracting verified commercial leads for [Digital Agency] in [Ahmedabad]...
[2026-07-24 21:14:45] [Network] Rotating Realme 8 Mobile Data for fresh IP & maximum anonymity...
[2026-07-24 21:14:51] [Network] Fresh IP assigned securely. Resuming generation...
[2026-07-24 21:14:51] [Generator] Extracting verified commercial leads for [E-commerce] in [Ahmedabad]...
[2026-07-24 21:14:53] [Network] Rotating Realme 8 Mobile Data for fresh IP & maximum anonymity...
[2026-07-24 21:14:55] [Network] Fresh IP assigned securely. Resuming generation...
[2026-07-24 21:14:55] [Generator] Extracting verified commercial leads for [Digital Agency] in [Jaipur]...
[2026-07-24 21:14:57] [Network] Rotating Realme 8 Mobile Data for fresh IP & maximum anonymity...
[2026-07-24 21:15:02] [Network] Fresh IP assigned securely. Resuming generation...
[2026-07-24 21:15:02] [Generator] Extracting verified commercial leads for [E-commerce] in [Jaipur]...
[2026-07-24 21:15:04] [Network] Rotating Realme 8 Mobile Data for fresh IP & maximum anonymity...
[2026-07-24 21:15:06] [Network] Fresh IP assigned securely. Resuming generation...
[2026-07-24 21:15:06] [Generator] Extracting verified commercial leads for [Real Estate] in [Indore]...
[2026-07-24 21:15:08] [Network] Rotating Realme 8 Mobile Data for fresh IP & maximum anonymity...
[2026-07-24 21:15:13] [Network] Fresh IP assigned securely. Resuming generation...
[2026-07-24 21:15:13] [Generator] Extracting verified commercial leads for [Interior Designer] in [Indore]...
[2026-07-24 21:15:15] [Network] Rotating Realme 8 Mobile Data for fresh IP & maximum anonymity...
[2026-07-24 21:15:17] [Network] Fresh IP assigned securely. Resuming generation...
[2026-07-24 21:15:17] [Generator] Extracting verified commercial leads for [Real Estate] in [Bhopal]...
[2026-07-24 21:15:19] [Network] Rotating Realme 8 Mobile Data for fresh IP & maximum anonymity...
[2026-07-24 21:15:25] [Network] Fresh IP assigned securely. Resuming generation...
[2026-07-24 21:15:25] [Generator] Extracting verified commercial leads for [Interior Designer] in [Bhopal]...
[2026-07-24 21:15:27] [Network] Rotating Realme 8 Mobile Data for fresh IP & maximum anonymity...
[2026-07-24 21:15:28] [Network] Fresh IP assigned securely. Resuming generation...
[2026-07-24 21:15:28] [Generator] Extracting verified commercial leads for [Real Estate] in [Pune]...
[2026-07-24 21:15:30] [Network] Rotating Realme 8 Mobile Data for fresh IP & maximum anonymity...
[2026-07-24 21:15:36] [Network] Fresh IP assigned securely. Resuming generation...
[2026-07-24 21:15:36] [Generator] Extracting verified commercial leads for [Interior Designer] in [Pune]...
[2026-07-24 21:15:38] [Network] Rotating Realme 8 Mobile Data for fresh IP & maximum anonymity...
[2026-07-24 21:15:39] [Network] Fresh IP assigned securely. Resuming generation...
[2026-07-24 21:15:39] [Generator] Extracting verified commercial leads for [Real Estate] in [Mumbai]...
[2026-07-24 21:15:41] [Network] Rotating Realme 8 Mobile Data for fresh IP & maximum anonymity...
[2026-07-24 21:15:47] [Network] Fresh IP assigned securely. Resuming generation...
[2026-07-24 21:15:47] [Generator] Extracting verified commercial leads for [Interior Designer] in [Mumbai]...
[2026-07-24 21:15:49] [Network] Rotating Realme 8 Mobile Data for fresh IP & maximum anonymity...
[2026-07-24 21:15:50] [Network] Fresh IP assigned securely. Resuming generation...
[2026-07-24 21:15:50] [Generator] Extracting verified commercial leads for [Real Estate] in [Bangalore]...
[2026-07-24 21:15:52] [Network] Rotating Realme 8 Mobile Data for fresh IP & maximum anonymity...
[2026-07-24 21:15:58] [Network] Fresh IP assigned securely. Resuming generation...
[2026-07-24 21:15:58] [Generator] Extracting verified commercial leads for [Interior Designer] in [Bangalore]...
[2026-07-24 21:16:00] [Network] Rotating Realme 8 Mobile Data for fresh IP & maximum anonymity...
[2026-07-24 21:16:02] [Network] Fresh IP assigned securely. Resuming generation...
[2026-07-24 21:16:02] [Generator] Extracting verified commercial leads for [Real Estate] in [Delhi]...
[2026-07-24 21:16:04] [Network] Rotating Realme 8 Mobile Data for fresh IP & maximum anonymity...
[2026-07-24 21:16:09] [Network] Fresh IP assigned securely. Resuming generation...
[2026-07-24 21:16:09] [Generator] Extracting verified commercial leads for [Interior Designer] in [Delhi]...
[2026-07-24 21:16:11] [Network] Rotating Realme 8 Mobile Data for fresh IP & maximum anonymity...
[2026-07-24 21:16:13] [Network] Fresh IP assigned securely. Resuming generation...
[2026-07-24 21:16:13] [Generator] Extracting verified commercial leads for [Real Estate] in [Hyderabad]...
[2026-07-24 21:16:15] [Network] Rotating Realme 8 Mobile Data for fresh IP & maximum anonymity...
[2026-07-24 21:16:20] [Network] Fresh IP assigned securely. Resuming generation...
[2026-07-24 21:16:20] [Generator] Extracting verified commercial leads for [Interior Designer] in [Hyderabad]...
[2026-07-24 21:16:22] [Network] Rotating Realme 8 Mobile Data for fresh IP & maximum anonymity...
[2026-07-24 21:16:24] [Network] Fresh IP assigned securely. Resuming generation...
[2026-07-24 21:16:24] [Generator] Extracting verified commercial leads for [Real Estate] in [Chennai]...
[2026-07-24 21:16:26] [Network] Rotating Realme 8 Mobile Data for fresh IP & maximum anonymity...
[2026-07-24 21:16:32] [Network] Fresh IP assigned securely. Resuming generation...
[2026-07-24 21:16:32] [Generator] Extracting verified commercial leads for [Interior Designer] in [Chennai]...
[2026-07-24 21:16:34] [Network] Rotating Realme 8 Mobile Data for fresh IP & maximum anonymity...
[2026-07-24 21:16:35] [Network] Fresh IP assigned securely. Resuming generation...
[2026-07-24 21:16:35] [Generator] Extracting verified commercial leads for [Real Estate] in [Ahmedabad]...
[2026-07-24 21:16:37] [Network] Rotating Realme 8 Mobile Data for fresh IP & maximum anonymity...
[2026-07-24 21:16:43] [Network] Fresh IP assigned securely. Resuming generation...
[2026-07-24 21:16:43] [Generator] Extracting verified commercial leads for [Interior Designer] in [Ahmedabad]...
[2026-07-24 21:16:45] [Network] Rotating Realme 8 Mobile Data for fresh IP & maximum anonymity...
[2026-07-24 21:16:46] [Network] Fresh IP assigned securely. Resuming generation...
[2026-07-24 21:16:46] [Generator] Extracting verified commercial leads for [Real Estate] in [Jaipur]...
[2026-07-24 21:16:48] [Network] Rotating Realme 8 Mobile Data for fresh IP & maximum anonymity...
[2026-07-24 21:16:54] [Network] Fresh IP assigned securely. Resuming generation...
[2026-07-24 21:16:54] [Generator] Extracting verified commercial leads for [Interior Designer] in [Jaipur]...
[2026-07-24 21:16:56] [Network] Rotating Realme 8 Mobile Data for fresh IP & maximum anonymity...
[2026-07-24 21:16:57] [Network] Fresh IP assigned securely. Resuming generation...
[2026-07-24 21:16:57] [Generator] Extracting verified commercial leads for [Restaurant] in [Indore]...
[2026-07-24 21:16:59] [Network] Rotating Realme 8 Mobile Data for fresh IP & maximum anonymity...
[2026-07-24 21:17:05] [Network] Fresh IP assigned securely. Resuming generation...
[2026-07-24 21:17:05] [Generator] Extracting verified commercial leads for [Hotel] in [Indore]...
[2026-07-24 21:17:07] [Network] Rotating Realme 8 Mobile Data for fresh IP & maximum anonymity...
[2026-07-24 21:17:09] [Network] Fresh IP assigned securely. Resuming generation...
[2026-07-24 21:17:09] [Generator] Extracting verified commercial leads for [Restaurant] in [Bhopal]...
[2026-07-24 21:17:11] [Network] Rotating Realme 8 Mobile Data for fresh IP & maximum anonymity...
[2026-07-24 21:17:16] [Network] Fresh IP assigned securely. Resuming generation...
[2026-07-24 21:17:16] [Generator] Extracting verified commercial leads for [Hotel] in [Bhopal]...
[2026-07-24 21:17:18] [Network] Rotating Realme 8 Mobile Data for fresh IP & maximum anonymity...
[2026-07-24 21:17:20] [Network] Fresh IP assigned securely. Resuming generation...
[2026-07-24 21:17:20] [Generator] Extracting verified commercial leads for [Restaurant] in [Pune]...
[2026-07-24 21:17:22] [Network] Rotating Realme 8 Mobile Data for fresh IP & maximum anonymity...
[2026-07-24 21:17:27] [Network] Fresh IP assigned securely. Resuming generation...
[2026-07-24 21:17:27] [Generator] Extracting verified commercial leads for [Hotel] in [Pune]...
[2026-07-24 21:17:29] [Network] Rotating Realme 8 Mobile Data for fresh IP & maximum anonymity...
[2026-07-24 21:17:31] [Network] Fresh IP assigned securely. Resuming generation...
[2026-07-24 21:17:31] [Generator] Extracting verified commercial leads for [Restaurant] in [Mumbai]...
[2026-07-24 21:17:33] [Network] Rotating Realme 8 Mobile Data for fresh IP & maximum anonymity...
[2026-07-24 21:17:38] [Network] Fresh IP assigned securely. Resuming generation...
[2026-07-24 21:17:38] [Generator] Extracting verified commercial leads for [Hotel] in [Mumbai]...
[2026-07-24 21:17:40] [Network] Rotating Realme 8 Mobile Data for fresh IP & maximum anonymity...
[2026-07-24 21:17:42] [Network] Fresh IP assigned securely. Resuming generation...
[2026-07-24 21:17:42] [Generator] Extracting verified commercial leads for [Restaurant] in [Bangalore]...
[2026-07-24 21:17:44] [Network] Rotating Realme 8 Mobile Data for fresh IP & maximum anonymity...
[2026-07-24 21:17:50] [Network] Fresh IP assigned securely. Resuming generation...
[2026-07-24 21:17:50] [Generator] Extracting verified commercial leads for [Hotel] in [Bangalore]...
[2026-07-24 21:17:52] [Network] Rotating Realme 8 Mobile Data for fresh IP & maximum anonymity...
[2026-07-24 21:17:53] [Network] Fresh IP assigned securely. Resuming generation...
[2026-07-24 21:17:53] [Generator] Extracting verified commercial leads for [Restaurant] in [Delhi]...
[2026-07-24 21:17:55] [Network] Rotating Realme 8 Mobile Data for fresh IP & maximum anonymity...
[2026-07-24 21:18:01] [Network] Fresh IP assigned securely. Resuming generation...
[2026-07-24 21:18:01] [Generator] Extracting verified commercial leads for [Hotel] in [Delhi]...
[2026-07-24 21:18:03] [Network] Rotating Realme 8 Mobile Data for fresh IP & maximum anonymity...
[2026-07-24 21:18:04] [Network] Fresh IP assigned securely. Resuming generation...
[2026-07-24 21:18:04] [Generator] Extracting verified commercial leads for [Restaurant] in [Hyderabad]...
[2026-07-24 21:18:06] [Network] Rotating Realme 8 Mobile Data for fresh IP & maximum anonymity...
[2026-07-24 21:18:12] [Network] Fresh IP assigned securely. Resuming generation...
[2026-07-24 21:18:12] [Generator] Extracting verified commercial leads for [Hotel] in [Hyderabad]...
[2026-07-24 21:18:14] [Network] Rotating Realme 8 Mobile Data for fresh IP & maximum anonymity...
[2026-07-24 21:18:16] [Network] Fresh IP assigned securely. Resuming generation...
[2026-07-24 21:18:16] [Generator] Extracting verified commercial leads for [Restaurant] in [Chennai]...
[2026-07-24 21:18:18] [Network] Rotating Realme 8 Mobile Data for fresh IP & maximum anonymity...
[2026-07-24 21:18:23] [Network] Fresh IP assigned securely. Resuming generation...
[2026-07-24 21:18:23] [Generator] Extracting verified commercial leads for [Hotel] in [Chennai]...
[2026-07-24 21:18:25] [Network] Rotating Realme 8 Mobile Data for fresh IP & maximum anonymity...
[2026-07-24 21:18:27] [Network] Fresh IP assigned securely. Resuming generation...
[2026-07-24 21:18:27] [Generator] Extracting verified commercial leads for [Restaurant] in [Ahmedabad]...
[2026-07-24 21:18:29] [Network] Rotating Realme 8 Mobile Data for fresh IP & maximum anonymity...
[2026-07-24 21:18:34] [Network] Fresh IP assigned securely. Resuming generation...
[2026-07-24 21:18:34] [Generator] Extracting verified commercial leads for [Hotel] in [Ahmedabad]...
[2026-07-24 21:18:36] [Network] Rotating Realme 8 Mobile Data for fresh IP & maximum anonymity...
[2026-07-24 21:18:38] [Network] Fresh IP assigned securely. Resuming generation...
[2026-07-24 21:18:38] [Generator] Extracting verified commercial leads for [Restaurant] in [Jaipur]...
[2026-07-24 21:18:40] [Network] Rotating Realme 8 Mobile Data for fresh IP & maximum anonymity...
[2026-07-24 21:18:46] [Network] Fresh IP assigned securely. Resuming generation...
[2026-07-24 21:18:46] [Generator] Extracting verified commercial leads for [Hotel] in [Jaipur]...
[2026-07-24 21:18:48] [SUCCESS] Cycle complete! Total database volume: 200 leads. Added 142 fresh leads.
[2026-07-24 21:18:48] === Batch resting for 4 hours to simulate natural traffic and stay safe ===
[2026-07-24 21:18:49] [Network] Fresh IP assigned securely. Resuming generation...
[2026-07-24 21:18:49] [Generator] Extracting verified commercial leads for [Coaching Institute] in [Indore]...
[2026-07-24 21:18:51] [Network] Rotating Realme 8 Mobile Data for fresh IP & maximum anonymity...
[2026-07-24 21:19:00] [Network] Fresh IP assigned securely. Resuming generation...
[2026-07-24 21:19:00] [Generator] Extracting verified commercial leads for [Coaching Institute] in [Bhopal]...
[2026-07-24 21:19:02] [Network] Rotating Realme 8 Mobile Data for fresh IP & maximum anonymity...
[2026-07-24 21:19:11] [Network] Fresh IP assigned securely. Resuming generation...
[2026-07-24 21:19:11] [Generator] Extracting verified commercial leads for [Coaching Institute] in [Pune]...
[2026-07-24 21:19:13] [Network] Rotating Realme 8 Mobile Data for fresh IP & maximum anonymity...
[2026-07-24 21:19:23] [Network] Fresh IP assigned securely. Resuming generation...
[2026-07-24 21:19:23] [Generator] Extracting verified commercial leads for [Coaching Institute] in [Mumbai]...
[2026-07-24 21:19:25] [Network] Rotating Realme 8 Mobile Data for fresh IP & maximum anonymity...
[2026-07-24 21:19:34] [Network] Fresh IP assigned securely. Resuming generation...
[2026-07-24 21:19:34] [Generator] Extracting verified commercial leads for [Coaching Institute] in [Bangalore]...
[2026-07-24 21:19:36] [Network] Rotating Realme 8 Mobile Data for fresh IP & maximum anonymity...
[2026-07-24 21:19:45] [Network] Fresh IP assigned securely. Resuming generation...
[2026-07-24 21:19:45] [Generator] Extracting verified commercial leads for [Coaching Institute] in [Delhi]...
[2026-07-24 21:19:47] [Network] Rotating Realme 8 Mobile Data for fresh IP & maximum anonymity...
[2026-07-24 21:19:56] [Network] Fresh IP assigned securely. Resuming generation...
[2026-07-24 21:19:56] [Generator] Extracting verified commercial leads for [Coaching Institute] in [Hyderabad]...
[2026-07-24 21:19:58] [Network] Rotating Realme 8 Mobile Data for fresh IP & maximum anonymity...
[2026-07-24 21:20:07] [Network] Fresh IP assigned securely. Resuming generation...
[2026-07-24 21:20:07] [Generator] Extracting verified commercial leads for [Coaching Institute] in [Chennai]...
[2026-07-24 21:20:09] [Network] Rotating Realme 8 Mobile Data for fresh IP & maximum anonymity...
[2026-07-24 21:20:19] [Network] Fresh IP assigned securely. Resuming generation...
[2026-07-24 21:20:19] [Generator] Extracting verified commercial leads for [Coaching Institute] in [Ahmedabad]...
[2026-07-24 21:20:21] [Network] Rotating Realme 8 Mobile Data for fresh IP & maximum anonymity...
[2026-07-24 21:20:30] [Network] Fresh IP assigned securely. Resuming generation...
[2026-07-24 21:20:30] [Generator] Extracting verified commercial leads for [Coaching Institute] in [Jaipur]...
[2026-07-24 21:20:32] [Network] Rotating Realme 8 Mobile Data for fresh IP & maximum anonymity...
[2026-07-24 21:20:41] [Network] Fresh IP assigned securely. Resuming generation...
[2026-07-24 21:20:41] [Generator] Extracting verified commercial leads for [Doctor] in [Indore]...
[2026-07-24 21:20:43] [Network] Rotating Realme 8 Mobile Data for fresh IP & maximum anonymity...
[2026-07-24 21:20:52] [Network] Fresh IP assigned securely. Resuming generation...
[2026-07-24 21:20:52] [Generator] Extracting verified commercial leads for [Doctor] in [Bhopal]...
[2026-07-24 21:20:54] [Network] Rotating Realme 8 Mobile Data for fresh IP & maximum anonymity...
[2026-07-24 21:21:03] [Network] Fresh IP assigned securely. Resuming generation...
[2026-07-24 21:21:03] [Generator] Extracting verified commercial leads for [Doctor] in [Pune]...
[2026-07-24 21:21:05] [Network] Rotating Realme 8 Mobile Data for fresh IP & maximum anonymity...
[2026-07-24 21:21:14] [Network] Fresh IP assigned securely. Resuming generation...
[2026-07-24 21:21:14] [Generator] Extracting verified commercial leads for [Doctor] in [Mumbai]...
[2026-07-24 21:21:16] [Network] Rotating Realme 8 Mobile Data for fresh IP & maximum anonymity...
[2026-07-24 21:21:26] [Network] Fresh IP assigned securely. Resuming generation...
[2026-07-24 21:21:26] [Generator] Extracting verified commercial leads for [Doctor] in [Bangalore]...
[2026-07-24 21:21:28] [Network] Rotating Realme 8 Mobile Data for fresh IP & maximum anonymity...
[2026-07-24 21:21:37] [Network] Fresh IP assigned securely. Resuming generation...
[2026-07-24 21:21:37] [Generator] Extracting verified commercial leads for [Doctor] in [Delhi]...
[2026-07-24 21:21:39] [Network] Rotating Realme 8 Mobile Data for fresh IP & maximum anonymity...
[2026-07-24 21:21:48] [Network] Fresh IP assigned securely. Resuming generation...
[2026-07-24 21:21:48] [Generator] Extracting verified commercial leads for [Doctor] in [Hyderabad]...
[2026-07-24 21:21:50] [Network] Rotating Realme 8 Mobile Data for fresh IP & maximum anonymity...
[2026-07-24 21:21:59] [Network] Fresh IP assigned securely. Resuming generation...
[2026-07-24 21:21:59] [Generator] Extracting verified commercial leads for [Doctor] in [Chennai]...
[2026-07-24 21:22:01] [Network] Rotating Realme 8 Mobile Data for fresh IP & maximum anonymity...
[2026-07-24 21:22:10] [Network] Fresh IP assigned securely. Resuming generation...
[2026-07-24 21:22:10] [Generator] Extracting verified commercial leads for [Doctor] in [Ahmedabad]...
[2026-07-24 21:22:12] [Network] Rotating Realme 8 Mobile Data for fresh IP & maximum anonymity...
[2026-07-24 21:22:21] [Network] Fresh IP assigned securely. Resuming generation...
[2026-07-24 21:22:21] [Generator] Extracting verified commercial leads for [Doctor] in [Jaipur]...
[2026-07-24 21:22:23] [Network] Rotating Realme 8 Mobile Data for fresh IP & maximum anonymity...
[2026-07-24 21:22:33] [Network] Fresh IP assigned securely. Resuming generation...
[2026-07-24 21:22:33] [Generator] Extracting verified commercial leads for [Gym] in [Indore]...
[2026-07-24 21:22:35] [Network] Rotating Realme 8 Mobile Data for fresh IP & maximum anonymity...
[2026-07-24 21:22:44] [Network] Fresh IP assigned securely. Resuming generation...
[2026-07-24 21:22:44] [Generator] Extracting verified commercial leads for [Gym] in [Bhopal]...
[2026-07-24 21:22:46] [Network] Rotating Realme 8 Mobile Data for fresh IP & maximum anonymity...
[2026-07-24 21:22:55] [Network] Fresh IP assigned securely. Resuming generation...
[2026-07-24 21:22:55] [Generator] Extracting verified commercial leads for [Gym] in [Pune]...
[2026-07-24 21:22:57] [Network] Rotating Realme 8 Mobile Data for fresh IP & maximum anonymity...
[2026-07-24 21:23:06] [Network] Fresh IP assigned securely. Resuming generation...
[2026-07-24 21:23:06] [Generator] Extracting verified commercial leads for [Gym] in [Mumbai]...
[2026-07-24 21:23:08] [Network] Rotating Realme 8 Mobile Data for fresh IP & maximum anonymity...
[2026-07-24 21:23:17] [Network] Fresh IP assigned securely. Resuming generation...
[2026-07-24 21:23:17] [Generator] Extracting verified commercial leads for [Gym] in [Bangalore]...
[2026-07-24 21:23:19] [Network] Rotating Realme 8 Mobile Data for fresh IP & maximum anonymity...
[2026-07-24 21:23:28] [Network] Fresh IP assigned securely. Resuming generation...
[2026-07-24 21:23:28] [Generator] Extracting verified commercial leads for [Gym] in [Delhi]...
[2026-07-24 21:23:30] [Network] Rotating Realme 8 Mobile Data for fresh IP & maximum anonymity...
[2026-07-24 21:23:40] [Network] Fresh IP assigned securely. Resuming generation...
[2026-07-24 21:23:40] [Generator] Extracting verified commercial leads for [Gym] in [Hyderabad]...
[2026-07-24 21:23:42] [Network] Rotating Realme 8 Mobile Data for fresh IP & maximum anonymity...
[2026-07-24 21:23:51] [Network] Fresh IP assigned securely. Resuming generation...
[2026-07-24 21:23:51] [Generator] Extracting verified commercial leads for [Gym] in [Chennai]...
[2026-07-24 21:23:53] [Network] Rotating Realme 8 Mobile Data for fresh IP & maximum anonymity...
[2026-07-24 21:24:02] [Network] Fresh IP assigned securely. Resuming generation...
[2026-07-24 21:24:02] [Generator] Extracting verified commercial leads for [Gym] in [Ahmedabad]...
[2026-07-24 21:24:04] [Network] Rotating Realme 8 Mobile Data for fresh IP & maximum anonymity...
[2026-07-24 21:24:13] [Network] Fresh IP assigned securely. Resuming generation...
[2026-07-24 21:24:13] [Generator] Extracting verified commercial leads for [Gym] in [Jaipur]...
[2026-07-24 21:24:15] [Network] Rotating Realme 8 Mobile Data for fresh IP & maximum anonymity...
[2026-07-24 21:24:24] [Network] Fresh IP assigned securely. Resuming generation...
[2026-07-24 21:24:24] [Generator] Extracting verified commercial leads for [Lawyer] in [Indore]...
[2026-07-24 21:24:26] [Network] Rotating Realme 8 Mobile Data for fresh IP & maximum anonymity...
[2026-07-24 21:24:35] [Network] Fresh IP assigned securely. Resuming generation...
[2026-07-24 21:24:35] [Generator] Extracting verified commercial leads for [Lawyer] in [Bhopal]...
[2026-07-24 21:24:37] [Network] Rotating Realme 8 Mobile Data for fresh IP & maximum anonymity...
[2026-07-24 21:24:47] [Network] Fresh IP assigned securely. Resuming generation...
[2026-07-24 21:24:47] [Generator] Extracting verified commercial leads for [Lawyer] in [Pune]...
[2026-07-24 21:24:49] [Network] Rotating Realme 8 Mobile Data for fresh IP & maximum anonymity...
[2026-07-24 21:24:58] [Network] Fresh IP assigned securely. Resuming generation...
[2026-07-24 21:24:58] [Generator] Extracting verified commercial leads for [Lawyer] in [Mumbai]...
[2026-07-24 21:25:00] [Network] Rotating Realme 8 Mobile Data for fresh IP & maximum anonymity...
[2026-07-24 21:25:09] [Network] Fresh IP assigned securely. Resuming generation...
[2026-07-24 21:25:09] [Generator] Extracting verified commercial leads for [Lawyer] in [Bangalore]...
[2026-07-24 21:25:11] [Network] Rotating Realme 8 Mobile Data for fresh IP & maximum anonymity...
[2026-07-24 21:25:20] [Network] Fresh IP assigned securely. Resuming generation...
[2026-07-24 21:25:20] [Generator] Extracting verified commercial leads for [Lawyer] in [Delhi]...
[2026-07-24 21:25:22] [Network] Rotating Realme 8 Mobile Data for fresh IP & maximum anonymity...
[2026-07-24 21:25:31] [Network] Fresh IP assigned securely. Resuming generation...
[2026-07-24 21:25:31] [Generator] Extracting verified commercial leads for [Lawyer] in [Hyderabad]...
[2026-07-24 21:25:33] [Network] Rotating Realme 8 Mobile Data for fresh IP & maximum anonymity...
[2026-07-24 21:25:42] [Network] Fresh IP assigned securely. Resuming generation...
[2026-07-24 21:25:42] [Generator] Extracting verified commercial leads for [Lawyer] in [Chennai]...
[2026-07-24 21:25:44] [Network] Rotating Realme 8 Mobile Data for fresh IP & maximum anonymity...
[2026-07-24 21:25:54] [Network] Fresh IP assigned securely. Resuming generation...
[2026-07-24 21:25:54] [Generator] Extracting verified commercial leads for [Lawyer] in [Ahmedabad]...
[2026-07-24 21:25:56] [Network] Rotating Realme 8 Mobile Data for fresh IP & maximum anonymity...
[2026-07-24 21:26:05] [Network] Fresh IP assigned securely. Resuming generation...
[2026-07-24 21:26:05] [Generator] Extracting verified commercial leads for [Lawyer] in [Jaipur]...
[2026-07-24 21:26:07] [Network] Rotating Realme 8 Mobile Data for fresh IP & maximum anonymity...
[2026-07-24 21:26:16] [Network] Fresh IP assigned securely. Resuming generation...
[2026-07-24 21:26:16] [Generator] Extracting verified commercial leads for [E-commerce] in [Indore]...
[2026-07-24 21:26:18] [Network] Rotating Realme 8 Mobile Data for fresh IP & maximum anonymity...
[2026-07-24 21:26:27] [Network] Fresh IP assigned securely. Resuming generation...
[2026-07-24 21:26:27] [Generator] Extracting verified commercial leads for [E-commerce] in [Bhopal]...
[2026-07-24 21:26:29] [Network] Rotating Realme 8 Mobile Data for fresh IP & maximum anonymity...
[2026-07-24 21:26:38] [Network] Fresh IP assigned securely. Resuming generation...
[2026-07-24 21:26:38] [Generator] Extracting verified commercial leads for [E-commerce] in [Pune]...
[2026-07-24 21:26:40] [Network] Rotating Realme 8 Mobile Data for fresh IP & maximum anonymity...
[2026-07-24 21:26:50] [Network] Fresh IP assigned securely. Resuming generation...
[2026-07-24 21:26:50] [Generator] Extracting verified commercial leads for [E-commerce] in [Mumbai]...
[2026-07-24 21:26:52] [Network] Rotating Realme 8 Mobile Data for fresh IP & maximum anonymity...
[2026-07-24 21:27:01] [Network] Fresh IP assigned securely. Resuming generation...
[2026-07-24 21:27:01] [Generator] Extracting verified commercial leads for [E-commerce] in [Bangalore]...
[2026-07-24 21:27:03] [Network] Rotating Realme 8 Mobile Data for fresh IP & maximum anonymity...
[2026-07-24 21:27:12] [Network] Fresh IP assigned securely. Resuming generation...
[2026-07-24 21:27:12] [Generator] Extracting verified commercial leads for [E-commerce] in [Delhi]...
[2026-07-24 21:27:14] [Network] Rotating Realme 8 Mobile Data for fresh IP & maximum anonymity...
[2026-07-24 21:27:23] [Network] Fresh IP assigned securely. Resuming generation...
[2026-07-24 21:27:23] [Generator] Extracting verified commercial leads for [E-commerce] in [Hyderabad]...
[2026-07-24 21:27:25] [Network] Rotating Realme 8 Mobile Data for fresh IP & maximum anonymity...
[2026-07-24 21:27:34] [Network] Fresh IP assigned securely. Resuming generation...
[2026-07-24 21:27:34] [Generator] Extracting verified commercial leads for [E-commerce] in [Chennai]...
[2026-07-24 21:27:36] [Network] Rotating Realme 8 Mobile Data for fresh IP & maximum anonymity...
[2026-07-24 21:27:45] [Network] Fresh IP assigned securely. Resuming generation...
[2026-07-24 21:27:45] [Generator] Extracting verified commercial leads for [E-commerce] in [Ahmedabad]...
[2026-07-24 21:27:47] [Network] Rotating Realme 8 Mobile Data for fresh IP & maximum anonymity...
[2026-07-24 21:27:57] [Network] Fresh IP assigned securely. Resuming generation...
[2026-07-24 21:27:57] [Generator] Extracting verified commercial leads for [E-commerce] in [Jaipur]...
[2026-07-24 21:27:59] [Network] Rotating Realme 8 Mobile Data for fresh IP & maximum anonymity...
[2026-07-24 21:28:08] [Network] Fresh IP assigned securely. Resuming generation...
[2026-07-24 21:28:08] [Generator] Extracting verified commercial leads for [Interior Designer] in [Indore]...
[2026-07-24 21:28:10] [Network] Rotating Realme 8 Mobile Data for fresh IP & maximum anonymity...
[2026-07-24 21:28:19] [Network] Fresh IP assigned securely. Resuming generation...
[2026-07-24 21:28:19] [Generator] Extracting verified commercial leads for [Interior Designer] in [Bhopal]...
[2026-07-24 21:28:21] [Network] Rotating Realme 8 Mobile Data for fresh IP & maximum anonymity...
[2026-07-24 21:28:30] [Network] Fresh IP assigned securely. Resuming generation...
[2026-07-24 21:28:30] [Generator] Extracting verified commercial leads for [Interior Designer] in [Pune]...
[2026-07-24 21:28:32] [Network] Rotating Realme 8 Mobile Data for fresh IP & maximum anonymity...
[2026-07-24 21:28:41] [Network] Fresh IP assigned securely. Resuming generation...
[2026-07-24 21:28:41] [Generator] Extracting verified commercial leads for [Interior Designer] in [Mumbai]...
[2026-07-24 21:28:43] [Network] Rotating Realme 8 Mobile Data for fresh IP & maximum anonymity...
[2026-07-24 21:28:52] [Network] Fresh IP assigned securely. Resuming generation...
[2026-07-24 21:28:52] [Generator] Extracting verified commercial leads for [Interior Designer] in [Bangalore]...
[2026-07-24 21:28:54] [Network] Rotating Realme 8 Mobile Data for fresh IP & maximum anonymity...
[2026-07-24 21:29:04] [Network] Fresh IP assigned securely. Resuming generation...
[2026-07-24 21:29:04] [Generator] Extracting verified commercial leads for [Interior Designer] in [Delhi]...
[2026-07-24 21:29:06] [Network] Rotating Realme 8 Mobile Data for fresh IP & maximum anonymity...
[2026-07-24 21:29:15] [Network] Fresh IP assigned securely. Resuming generation...
[2026-07-24 21:29:15] [Generator] Extracting verified commercial leads for [Interior Designer] in [Hyderabad]...
[2026-07-24 21:29:17] [Network] Rotating Realme 8 Mobile Data for fresh IP & maximum anonymity...
[2026-07-24 21:29:26] [Network] Fresh IP assigned securely. Resuming generation...
[2026-07-24 21:29:26] [Generator] Extracting verified commercial leads for [Interior Designer] in [Chennai]...
[2026-07-24 21:29:28] [Network] Rotating Realme 8 Mobile Data for fresh IP & maximum anonymity...
[2026-07-24 21:29:37] [Network] Fresh IP assigned securely. Resuming generation...
[2026-07-24 21:29:37] [Generator] Extracting verified commercial leads for [Interior Designer] in [Ahmedabad]...
[2026-07-24 21:29:39] [Network] Rotating Realme 8 Mobile Data for fresh IP & maximum anonymity...
[2026-07-24 21:29:48] [Network] Fresh IP assigned securely. Resuming generation...
[2026-07-24 21:29:48] [Generator] Extracting verified commercial leads for [Interior Designer] in [Jaipur]...
[2026-07-24 21:29:50] [Network] Rotating Realme 8 Mobile Data for fresh IP & maximum anonymity...
[2026-07-24 21:29:59] [Network] Fresh IP assigned securely. Resuming generation...
[2026-07-24 21:29:59] [Generator] Extracting verified commercial leads for [Hotel] in [Indore]...
[2026-07-24 21:30:01] [Network] Rotating Realme 8 Mobile Data for fresh IP & maximum anonymity...
[2026-07-24 21:30:11] [Network] Fresh IP assigned securely. Resuming generation...
[2026-07-24 21:30:11] [Generator] Extracting verified commercial leads for [Hotel] in [Bhopal]...
[2026-07-24 21:30:13] [Network] Rotating Realme 8 Mobile Data for fresh IP & maximum anonymity...
[2026-07-24 21:30:22] [Network] Fresh IP assigned securely. Resuming generation...
[2026-07-24 21:30:22] [Generator] Extracting verified commercial leads for [Hotel] in [Pune]...
[2026-07-24 21:30:24] [Network] Rotating Realme 8 Mobile Data for fresh IP & maximum anonymity...
[2026-07-24 21:30:33] [Network] Fresh IP assigned securely. Resuming generation...
[2026-07-24 21:30:33] [Generator] Extracting verified commercial leads for [Hotel] in [Mumbai]...
[2026-07-24 21:30:35] [Network] Rotating Realme 8 Mobile Data for fresh IP & maximum anonymity...
[2026-07-24 21:30:44] [Network] Fresh IP assigned securely. Resuming generation...
[2026-07-24 21:30:44] [Generator] Extracting verified commercial leads for [Hotel] in [Bangalore]...
[2026-07-24 21:30:46] [Network] Rotating Realme 8 Mobile Data for fresh IP & maximum anonymity...
[2026-07-24 21:30:55] [Network] Fresh IP assigned securely. Resuming generation...
[2026-07-24 21:30:55] [Generator] Extracting verified commercial leads for [Hotel] in [Delhi]...
[2026-07-24 21:30:57] [Network] Rotating Realme 8 Mobile Data for fresh IP & maximum anonymity...
[2026-07-24 21:31:06] [Network] Fresh IP assigned securely. Resuming generation...
[2026-07-24 21:31:06] [Generator] Extracting verified commercial leads for [Hotel] in [Hyderabad]...
[2026-07-24 21:31:08] [Network] Rotating Realme 8 Mobile Data for fresh IP & maximum anonymity...
[2026-07-24 21:31:18] [Network] Fresh IP assigned securely. Resuming generation...
[2026-07-24 21:31:18] [Generator] Extracting verified commercial leads for [Hotel] in [Chennai]...
[2026-07-24 21:31:20] [Network] Rotating Realme 8 Mobile Data for fresh IP & maximum anonymity...
[2026-07-24 21:31:29] [Network] Fresh IP assigned securely. Resuming generation...
[2026-07-24 21:31:29] [Generator] Extracting verified commercial leads for [Hotel] in [Ahmedabad]...
[2026-07-24 21:31:31] [Network] Rotating Realme 8 Mobile Data for fresh IP & maximum anonymity...
[2026-07-24 21:31:40] [Network] Fresh IP assigned securely. Resuming generation...
[2026-07-24 21:31:40] [Generator] Extracting verified commercial leads for [Hotel] in [Jaipur]...
[2026-07-24 21:31:42] [SUCCESS] Cycle complete! Total database volume: 200 leads. Added 62 fresh leads.
[2026-07-24 21:31:42] === Batch resting for 4 hours to simulate natural traffic and stay safe ===
[2026-07-24 21:31:59] === Starting High-Scale 2000-5000+ Lead Generation Cycle ==-
[2026-07-24 21:31:59] [Network] Rotating Realme 8 Mobile Data for fresh IP & maximum anonymity...
[2026-07-24 21:32:08] [Network] Fresh IP assigned securely. Resuming generation...
[2026-07-24 21:32:08] [Generator] Extracting verified commercial leads for [Digital Agency] in [Indore]...
[2026-07-24 21:32:10] [Network] Rotating Realme 8 Mobile Data for fresh IP & maximum anonymity...
[2026-07-24 21:32:19] [Network] Fresh IP assigned securely. Resuming generation...
[2026-07-24 21:32:19] [Generator] Extracting verified commercial leads for [Digital Agency] in [Bhopal]...
[2026-07-24 21:32:21] [Network] Rotating Realme 8 Mobile Data for fresh IP & maximum anonymity...
[2026-07-24 21:32:30] [Network] Fresh IP assigned securely. Resuming generation...
[2026-07-24 21:32:30] [Generator] Extracting verified commercial leads for [Digital Agency] in [Pune]...
[2026-07-24 21:32:32] [Network] Rotating Realme 8 Mobile Data for fresh IP & maximum anonymity...
[2026-07-24 21:32:41] [Network] Fresh IP assigned securely. Resuming generation...
[2026-07-24 21:32:41] [Generator] Extracting verified commercial leads for [Digital Agency] in [Mumbai]...
[2026-07-24 21:32:43] [Network] Rotating Realme 8 Mobile Data for fresh IP & maximum anonymity...
[2026-07-24 21:32:52] [Network] Fresh IP assigned securely. Resuming generation...
[2026-07-24 21:32:52] [Generator] Extracting verified commercial leads for [Digital Agency] in [Bangalore]...
[2026-07-24 21:32:54] [Network] Rotating Realme 8 Mobile Data for fresh IP & maximum anonymity...
[2026-07-24 21:33:04] [Network] Fresh IP assigned securely. Resuming generation...
[2026-07-24 21:33:04] [Generator] Extracting verified commercial leads for [Digital Agency] in [Delhi]...
[2026-07-24 21:33:06] [Network] Rotating Realme 8 Mobile Data for fresh IP & maximum anonymity...
[2026-07-24 21:33:15] [Network] Fresh IP assigned securely. Resuming generation...
[2026-07-24 21:33:15] [Generator] Extracting verified commercial leads for [Digital Agency] in [Hyderabad]...
[2026-07-24 21:33:17] [Network] Rotating Realme 8 Mobile Data for fresh IP & maximum anonymity...
[2026-07-24 21:33:26] [Network] Fresh IP assigned securely. Resuming generation...
[2026-07-24 21:33:26] [Generator] Extracting verified commercial leads for [Digital Agency] in [Chennai]...
[2026-07-24 21:33:28] [Network] Rotating Realme 8 Mobile Data for fresh IP & maximum anonymity...
[2026-07-24 21:33:37] [Network] Fresh IP assigned securely. Resuming generation...
[2026-07-24 21:33:37] [Generator] Extracting verified commercial leads for [Digital Agency] in [Ahmedabad]...
[2026-07-24 21:33:39] [Network] Rotating Realme 8 Mobile Data for fresh IP & maximum anonymity...
[2026-07-24 21:33:48] [Network] Fresh IP assigned securely. Resuming generation...
[2026-07-24 21:33:48] [Generator] Extracting verified commercial leads for [Digital Agency] in [Jaipur]...
[2026-07-24 21:33:50] [Network] Rotating Realme 8 Mobile Data for fresh IP & maximum anonymity...
[2026-07-24 21:33:59] [Network] Fresh IP assigned securely. Resuming generation...
[2026-07-24 21:33:59] [Generator] Extracting verified commercial leads for [Real Estate] in [Indore]...
[2026-07-24 21:34:01] [Network] Rotating Realme 8 Mobile Data for fresh IP & maximum anonymity...
[2026-07-24 21:34:11] [Network] Fresh IP assigned securely. Resuming generation...
[2026-07-24 21:34:11] [Generator] Extracting verified commercial leads for [Real Estate] in [Bhopal]...
[2026-07-24 21:34:13] [Network] Rotating Realme 8 Mobile Data for fresh IP & maximum anonymity...
[2026-07-24 21:34:22] [Network] Fresh IP assigned securely. Resuming generation...
[2026-07-24 21:34:22] [Generator] Extracting verified commercial leads for [Real Estate] in [Pune]...
[2026-07-24 21:34:24] [Network] Rotating Realme 8 Mobile Data for fresh IP & maximum anonymity...
[2026-07-24 21:34:33] [Network] Fresh IP assigned securely. Resuming generation...
[2026-07-24 21:34:33] [Generator] Extracting verified commercial leads for [Real Estate] in [Mumbai]...
[2026-07-24 21:34:35] [Network] Rotating Realme 8 Mobile Data for fresh IP & maximum anonymity...
[2026-07-24 21:34:44] [Network] Fresh IP assigned securely. Resuming generation...
[2026-07-24 21:34:44] [Generator] Extracting verified commercial leads for [Real Estate] in [Bangalore]...
[2026-07-24 21:34:46] [Network] Rotating Realme 8 Mobile Data for fresh IP & maximum anonymity...
[2026-07-24 21:34:55] [Network] Fresh IP assigned securely. Resuming generation...
[2026-07-24 21:34:55] [Generator] Extracting verified commercial leads for [Real Estate] in [Delhi]...
[2026-07-24 21:34:57] [Network] Rotating Realme 8 Mobile Data for fresh IP & maximum anonymity...
[2026-07-24 21:35:06] [Network] Fresh IP assigned securely. Resuming generation...
[2026-07-24 21:35:06] [Generator] Extracting verified commercial leads for [Real Estate] in [Hyderabad]...
[2026-07-24 21:35:08] [Network] Rotating Realme 8 Mobile Data for fresh IP & maximum anonymity...
[2026-07-24 21:35:18] [Network] Fresh IP assigned securely. Resuming generation...
[2026-07-24 21:35:18] [Generator] Extracting verified commercial leads for [Real Estate] in [Chennai]...
[2026-07-24 21:35:20] [Network] Rotating Realme 8 Mobile Data for fresh IP & maximum anonymity...
[2026-07-24 21:35:29] [Network] Fresh IP assigned securely. Resuming generation...
[2026-07-24 21:35:29] [Generator] Extracting verified commercial leads for [Real Estate] in [Ahmedabad]...
[2026-07-24 21:35:31] [Network] Rotating Realme 8 Mobile Data for fresh IP & maximum anonymity...
[2026-07-24 21:35:40] [Network] Fresh IP assigned securely. Resuming generation...
[2026-07-24 21:35:40] [Generator] Extracting verified commercial leads for [Real Estate] in [Jaipur]...
[2026-07-24 21:35:42] [Network] Rotating Realme 8 Mobile Data for fresh IP & maximum anonymity...
[2026-07-24 21:35:51] [Network] Fresh IP assigned securely. Resuming generation...
[2026-07-24 21:35:51] [Generator] Extracting verified commercial leads for [Restaurant] in [Indore]...
[2026-07-24 21:35:53] [Network] Rotating Realme 8 Mobile Data for fresh IP & maximum anonymity...
[2026-07-24 21:36:02] [Network] Fresh IP assigned securely. Resuming generation...
[2026-07-24 21:36:02] [Generator] Extracting verified commercial leads for [Restaurant] in [Bhopal]...
[2026-07-24 21:36:04] [Network] Rotating Realme 8 Mobile Data for fresh IP & maximum anonymity...
[2026-07-24 21:36:13] [Network] Fresh IP assigned securely. Resuming generation...
[2026-07-24 21:36:13] [Generator] Extracting verified commercial leads for [Restaurant] in [Pune]...
[2026-07-24 21:36:15] [Network] Rotating Realme 8 Mobile Data for fresh IP & maximum anonymity...
[2026-07-24 21:36:25] [Network] Fresh IP assigned securely. Resuming generation...
[2026-07-24 21:36:25] [Generator] Extracting verified commercial leads for [Restaurant] in [Mumbai]...
[2026-07-24 21:36:27] [Network] Rotating Realme 8 Mobile Data for fresh IP & maximum anonymity...
[2026-07-24 21:36:36] [Network] Fresh IP assigned securely. Resuming generation...
[2026-07-24 21:36:36] [Generator] Extracting verified commercial leads for [Restaurant] in [Bangalore]...
[2026-07-24 21:36:38] [Network] Rotating Realme 8 Mobile Data for fresh IP & maximum anonymity...
[2026-07-24 21:36:47] [Network] Fresh IP assigned securely. Resuming generation...
[2026-07-24 21:36:47] [Generator] Extracting verified commercial leads for [Restaurant] in [Delhi]...
[2026-07-24 21:36:49] [Network] Rotating Realme 8 Mobile Data for fresh IP & maximum anonymity...
[2026-07-24 21:36:58] [Network] Fresh IP assigned securely. Resuming generation...
[2026-07-24 21:36:58] [Generator] Extracting verified commercial leads for [Restaurant] in [Hyderabad]...
[2026-07-24 21:37:00] [Network] Rotating Realme 8 Mobile Data for fresh IP & maximum anonymity...
[2026-07-24 21:37:09] [Network] Fresh IP assigned securely. Resuming generation...
[2026-07-24 21:37:09] [Generator] Extracting verified commercial leads for [Restaurant] in [Chennai]...
[2026-07-24 21:37:11] [Network] Rotating Realme 8 Mobile Data for fresh IP & maximum anonymity...
[2026-07-24 21:37:20] [Network] Fresh IP assigned securely. Resuming generation...
[2026-07-24 21:37:20] [Generator] Extracting verified commercial leads for [Restaurant] in [Ahmedabad]...
[2026-07-24 21:37:22] [Network] Rotating Realme 8 Mobile Data for fresh IP & maximum anonymity...
[2026-07-24 21:37:32] [Network] Fresh IP assigned securely. Resuming generation...
[2026-07-24 21:37:32] [Generator] Extracting verified commercial leads for [Restaurant] in [Jaipur]...
[2026-07-24 21:37:34] [Network] Rotating Realme 8 Mobile Data for fresh IP & maximum anonymity...
[2026-07-24 21:37:43] [Network] Fresh IP assigned securely. Resuming generation...
[2026-07-24 21:37:43] [Generator] Extracting verified commercial leads for [Coaching Institute] in [Indore]...
[2026-07-24 21:37:45] [Network] Rotating Realme 8 Mobile Data for fresh IP & maximum anonymity...
[2026-07-24 21:37:54] [Network] Fresh IP assigned securely. Resuming generation...
[2026-07-24 21:37:54] [Generator] Extracting verified commercial leads for [Coaching Institute] in [Bhopal]...
[2026-07-24 21:37:56] [Network] Rotating Realme 8 Mobile Data for fresh IP & maximum anonymity...
[2026-07-24 21:38:05] [Network] Fresh IP assigned securely. Resuming generation...
[2026-07-24 21:38:05] [Generator] Extracting verified commercial leads for [Coaching Institute] in [Pune]...
[2026-07-24 21:38:07] [Network] Rotating Realme 8 Mobile Data for fresh IP & maximum anonymity...
[2026-07-24 21:38:16] [Network] Fresh IP assigned securely. Resuming generation...
[2026-07-24 21:38:16] [Generator] Extracting verified commercial leads for [Coaching Institute] in [Mumbai]...
[2026-07-24 21:38:18] [Network] Rotating Realme 8 Mobile Data for fresh IP & maximum anonymity...
[2026-07-24 21:38:27] [Network] Fresh IP assigned securely. Resuming generation...
[2026-07-24 21:38:27] [Generator] Extracting verified commercial leads for [Coaching Institute] in [Bangalore]...
[2026-07-24 21:38:30] [Network] Rotating Realme 8 Mobile Data for fresh IP & maximum anonymity...
[2026-07-24 21:38:39] [Network] Fresh IP assigned securely. Resuming generation...
[2026-07-24 21:38:39] [Generator] Extracting verified commercial leads for [Coaching Institute] in [Delhi]...
[2026-07-24 21:38:41] [Network] Rotating Realme 8 Mobile Data for fresh IP & maximum anonymity...
[2026-07-24 21:38:50] [Network] Fresh IP assigned securely. Resuming generation...
[2026-07-24 21:38:50] [Generator] Extracting verified commercial leads for [Coaching Institute] in [Hyderabad]...
[2026-07-24 21:38:52] [Network] Rotating Realme 8 Mobile Data for fresh IP & maximum anonymity...
[2026-07-24 21:39:01] [Network] Fresh IP assigned securely. Resuming generation...
[2026-07-24 21:39:01] [Generator] Extracting verified commercial leads for [Coaching Institute] in [Chennai]...
[2026-07-24 21:39:03] [Network] Rotating Realme 8 Mobile Data for fresh IP & maximum anonymity...
[2026-07-24 21:39:12] [Network] Fresh IP assigned securely. Resuming generation...
[2026-07-24 21:39:12] [Generator] Extracting verified commercial leads for [Coaching Institute] in [Ahmedabad]...
[2026-07-24 21:39:14] [Network] Rotating Realme 8 Mobile Data for fresh IP & maximum anonymity...
[2026-07-24 21:39:23] [Network] Fresh IP assigned securely. Resuming generation...
[2026-07-24 21:39:23] [Generator] Extracting verified commercial leads for [Coaching Institute] in [Jaipur]...
[2026-07-24 21:39:25] [Network] Rotating Realme 8 Mobile Data for fresh IP & maximum anonymity...
[2026-07-24 21:39:35] [Network] Fresh IP assigned securely. Resuming generation...
[2026-07-24 21:39:35] [Generator] Extracting verified commercial leads for [Doctor] in [Indore]...
[2026-07-24 21:39:37] [Network] Rotating Realme 8 Mobile Data for fresh IP & maximum anonymity...
[2026-07-24 21:39:46] [Network] Fresh IP assigned securely. Resuming generation...
[2026-07-24 21:39:46] [Generator] Extracting verified commercial leads for [Doctor] in [Bhopal]...
[2026-07-24 21:39:48] [Network] Rotating Realme 8 Mobile Data for fresh IP & maximum anonymity...
[2026-07-24 21:39:57] [Network] Fresh IP assigned securely. Resuming generation...
[2026-07-24 21:39:57] [Generator] Extracting verified commercial leads for [Doctor] in [Pune]...
[2026-07-24 21:39:59] [Network] Rotating Realme 8 Mobile Data for fresh IP & maximum anonymity...
[2026-07-24 21:40:08] [Network] Fresh IP assigned securely. Resuming generation...
[2026-07-24 21:40:08] [Generator] Extracting verified commercial leads for [Doctor] in [Mumbai]...
[2026-07-24 21:40:10] [Network] Rotating Realme 8 Mobile Data for fresh IP & maximum anonymity...
[2026-07-24 21:40:19] [Network] Fresh IP assigned securely. Resuming generation...
[2026-07-24 21:40:19] [Generator] Extracting verified commercial leads for [Doctor] in [Bangalore]...
[2026-07-24 21:40:21] [Network] Rotating Realme 8 Mobile Data for fresh IP & maximum anonymity...
[2026-07-24 21:40:30] [Network] Fresh IP assigned securely. Resuming generation...
[2026-07-24 21:40:30] [Generator] Extracting verified commercial leads for [Doctor] in [Delhi]...
[2026-07-24 21:40:32] [Network] Rotating Realme 8 Mobile Data for fresh IP & maximum anonymity...
[2026-07-24 21:40:42] [Network] Fresh IP assigned securely. Resuming generation...
[2026-07-24 21:40:42] [Generator] Extracting verified commercial leads for [Doctor] in [Hyderabad]...
[2026-07-24 21:40:44] [Network] Rotating Realme 8 Mobile Data for fresh IP & maximum anonymity...
[2026-07-24 21:40:53] [Network] Fresh IP assigned securely. Resuming generation...
[2026-07-24 21:40:53] [Generator] Extracting verified commercial leads for [Doctor] in [Chennai]...
[2026-07-24 21:40:55] [Network] Rotating Realme 8 Mobile Data for fresh IP & maximum anonymity...
[2026-07-24 21:41:04] [Network] Fresh IP assigned securely. Resuming generation...
[2026-07-24 21:41:04] [Generator] Extracting verified commercial leads for [Doctor] in [Ahmedabad]...
[2026-07-24 21:41:06] [Network] Rotating Realme 8 Mobile Data for fresh IP & maximum anonymity...
[2026-07-24 21:41:15] [Network] Fresh IP assigned securely. Resuming generation...
[2026-07-24 21:41:15] [Generator] Extracting verified commercial leads for [Doctor] in [Jaipur]...
[2026-07-24 21:41:17] [Network] Rotating Realme 8 Mobile Data for fresh IP & maximum anonymity...
[2026-07-24 21:41:26] [Network] Fresh IP assigned securely. Resuming generation...
[2026-07-24 21:41:26] [Generator] Extracting verified commercial leads for [Gym] in [Indore]...
[2026-07-24 21:41:28] [Network] Rotating Realme 8 Mobile Data for fresh IP & maximum anonymity...
[2026-07-24 21:41:38] [Network] Fresh IP assigned securely. Resuming generation...
[2026-07-24 21:41:38] [Generator] Extracting verified commercial leads for [Gym] in [Bhopal]...
[2026-07-24 21:41:40] [Network] Rotating Realme 8 Mobile Data for fresh IP & maximum anonymity...
[2026-07-24 21:41:49] [Network] Fresh IP assigned securely. Resuming generation...
[2026-07-24 21:41:49] [Generator] Extracting verified commercial leads for [Gym] in [Pune]...
[2026-07-24 21:41:51] [Network] Rotating Realme 8 Mobile Data for fresh IP & maximum anonymity...
[2026-07-24 21:42:00] [Network] Fresh IP assigned securely. Resuming generation...
[2026-07-24 21:42:00] [Generator] Extracting verified commercial leads for [Gym] in [Mumbai]...
[2026-07-24 21:42:02] [Network] Rotating Realme 8 Mobile Data for fresh IP & maximum anonymity...
[2026-07-24 21:42:11] [Network] Fresh IP assigned securely. Resuming generation...
[2026-07-24 21:42:11] [Generator] Extracting verified commercial leads for [Gym] in [Bangalore]...
[2026-07-24 21:42:13] [Network] Rotating Realme 8 Mobile Data for fresh IP & maximum anonymity...
[2026-07-24 21:42:22] [Network] Fresh IP assigned securely. Resuming generation...
[2026-07-24 21:42:22] [Generator] Extracting verified commercial leads for [Gym] in [Delhi]...
[2026-07-24 21:42:24] [Network] Rotating Realme 8 Mobile Data for fresh IP & maximum anonymity...
[2026-07-24 21:42:34] [Network] Fresh IP assigned securely. Resuming generation...
[2026-07-24 21:42:34] [Generator] Extracting verified commercial leads for [Gym] in [Hyderabad]...
[2026-07-24 21:42:36] [Network] Rotating Realme 8 Mobile Data for fresh IP & maximum anonymity...
[2026-07-24 21:42:45] [Network] Fresh IP assigned securely. Resuming generation...
[2026-07-24 21:42:45] [Generator] Extracting verified commercial leads for [Gym] in [Chennai]...
[2026-07-24 21:42:47] [Network] Rotating Realme 8 Mobile Data for fresh IP & maximum anonymity...
[2026-07-24 21:42:56] [Network] Fresh IP assigned securely. Resuming generation...
[2026-07-24 21:42:56] [Generator] Extracting verified commercial leads for [Gym] in [Ahmedabad]...
[2026-07-24 21:42:58] [Network] Rotating Realme 8 Mobile Data for fresh IP & maximum anonymity...
[2026-07-24 21:43:07] [Network] Fresh IP assigned securely. Resuming generation...
[2026-07-24 21:43:07] [Generator] Extracting verified commercial leads for [Gym] in [Jaipur]...
[2026-07-24 21:43:09] [Network] Rotating Realme 8 Mobile Data for fresh IP & maximum anonymity...
[2026-07-24 21:43:18] [Network] Fresh IP assigned securely. Resuming generation...
[2026-07-24 21:43:18] [Generator] Extracting verified commercial leads for [Lawyer] in [Indore]...
[2026-07-24 21:43:20] [Network] Rotating Realme 8 Mobile Data for fresh IP & maximum anonymity...
[2026-07-24 21:43:29] [Network] Fresh IP assigned securely. Resuming generation...
[2026-07-24 21:43:29] [Generator] Extracting verified commercial leads for [Lawyer] in [Bhopal]...
[2026-07-24 21:43:31] [Network] Rotating Realme 8 Mobile Data for fresh IP & maximum anonymity...
[2026-07-24 21:43:41] [Network] Fresh IP assigned securely. Resuming generation...
[2026-07-24 21:43:41] [Generator] Extracting verified commercial leads for [Lawyer] in [Pune]...
[2026-07-24 21:43:43] [Network] Rotating Realme 8 Mobile Data for fresh IP & maximum anonymity...
[2026-07-24 21:43:52] [Network] Fresh IP assigned securely. Resuming generation...
[2026-07-24 21:43:52] [Generator] Extracting verified commercial leads for [Lawyer] in [Mumbai]...
[2026-07-24 21:43:54] [Network] Rotating Realme 8 Mobile Data for fresh IP & maximum anonymity...
[2026-07-24 21:44:03] [Network] Fresh IP assigned securely. Resuming generation...
[2026-07-24 21:44:03] [Generator] Extracting verified commercial leads for [Lawyer] in [Bangalore]...
[2026-07-24 21:44:05] [Network] Rotating Realme 8 Mobile Data for fresh IP & maximum anonymity...
[2026-07-24 21:44:14] [Network] Fresh IP assigned securely. Resuming generation...
[2026-07-24 21:44:14] [Generator] Extracting verified commercial leads for [Lawyer] in [Delhi]...
[2026-07-24 21:44:16] [Network] Rotating Realme 8 Mobile Data for fresh IP & maximum anonymity...
[2026-07-24 21:44:25] [Network] Fresh IP assigned securely. Resuming generation...
[2026-07-24 21:44:25] [Generator] Extracting verified commercial leads for [Lawyer] in [Hyderabad]...
[2026-07-24 21:44:27] [Network] Rotating Realme 8 Mobile Data for fresh IP & maximum anonymity...
[2026-07-24 21:44:37] [Network] Fresh IP assigned securely. Resuming generation...
[2026-07-24 21:44:37] [Generator] Extracting verified commercial leads for [Lawyer] in [Chennai]...
[2026-07-24 21:44:39] [Network] Rotating Realme 8 Mobile Data for fresh IP & maximum anonymity...
[2026-07-24 21:44:48] [Network] Fresh IP assigned securely. Resuming generation...
[2026-07-24 21:44:48] [Generator] Extracting verified commercial leads for [Lawyer] in [Ahmedabad]...
[2026-07-24 21:44:50] [Network] Rotating Realme 8 Mobile Data for fresh IP & maximum anonymity...
[2026-07-24 21:44:59] [Network] Fresh IP assigned securely. Resuming generation...
[2026-07-24 21:44:59] [Generator] Extracting verified commercial leads for [Lawyer] in [Jaipur]...
[2026-07-24 21:45:01] [Network] Rotating Realme 8 Mobile Data for fresh IP & maximum anonymity...
[2026-07-24 21:45:10] [Network] Fresh IP assigned securely. Resuming generation...
[2026-07-24 21:45:10] [Generator] Extracting verified commercial leads for [E-commerce] in [Indore]...
[2026-07-24 21:45:12] [Network] Rotating Realme 8 Mobile Data for fresh IP & maximum anonymity...
[2026-07-24 21:45:21] [Network] Fresh IP assigned securely. Resuming generation...
[2026-07-24 21:45:21] [Generator] Extracting verified commercial leads for [E-commerce] in [Bhopal]...
[2026-07-24 21:45:23] [Network] Rotating Realme 8 Mobile Data for fresh IP & maximum anonymity...
[2026-07-24 21:45:33] [Network] Fresh IP assigned securely. Resuming generation...
[2026-07-24 21:45:33] [Generator] Extracting verified commercial leads for [E-commerce] in [Pune]...
[2026-07-24 21:45:35] [Network] Rotating Realme 8 Mobile Data for fresh IP & maximum anonymity...
[2026-07-24 21:45:44] [Network] Fresh IP assigned securely. Resuming generation...
[2026-07-24 21:45:44] [Generator] Extracting verified commercial leads for [E-commerce] in [Mumbai]...
[2026-07-24 21:45:46] [Network] Rotating Realme 8 Mobile Data for fresh IP & maximum anonymity...
[2026-07-24 21:45:55] [Network] Fresh IP assigned securely. Resuming generation...
[2026-07-24 21:45:55] [Generator] Extracting verified commercial leads for [E-commerce] in [Bangalore]...
[2026-07-24 21:45:57] [Network] Rotating Realme 8 Mobile Data for fresh IP & maximum anonymity...
[2026-07-24 21:46:06] [Network] Fresh IP assigned securely. Resuming generation...
[2026-07-24 21:46:06] [Generator] Extracting verified commercial leads for [E-commerce] in [Delhi]...
[2026-07-24 21:46:08] [Network] Rotating Realme 8 Mobile Data for fresh IP & maximum anonymity...
[2026-07-24 21:46:17] [Network] Fresh IP assigned securely. Resuming generation...
[2026-07-24 21:46:17] [Generator] Extracting verified commercial leads for [E-commerce] in [Hyderabad]...
[2026-07-24 21:46:19] [Network] Rotating Realme 8 Mobile Data for fresh IP & maximum anonymity...
[2026-07-24 21:46:28] [Network] Fresh IP assigned securely. Resuming generation...
[2026-07-24 21:46:28] [Generator] Extracting verified commercial leads for [E-commerce] in [Chennai]...
[2026-07-24 21:46:30] [Network] Rotating Realme 8 Mobile Data for fresh IP & maximum anonymity...
[2026-07-24 21:46:40] [Network] Fresh IP assigned securely. Resuming generation...
[2026-07-24 21:46:40] [Generator] Extracting verified commercial leads for [E-commerce] in [Ahmedabad]...
[2026-07-24 21:46:42] [Network] Rotating Realme 8 Mobile Data for fresh IP & maximum anonymity...
[2026-07-24 21:46:51] [Network] Fresh IP assigned securely. Resuming generation...
[2026-07-24 21:46:51] [Generator] Extracting verified commercial leads for [E-commerce] in [Jaipur]...
[2026-07-24 21:46:53] [Network] Rotating Realme 8 Mobile Data for fresh IP & maximum anonymity...
[2026-07-24 21:47:02] [Network] Fresh IP assigned securely. Resuming generation...
[2026-07-24 21:47:02] [Generator] Extracting verified commercial leads for [Interior Designer] in [Indore]...
[2026-07-24 21:47:04] [Network] Rotating Realme 8 Mobile Data for fresh IP & maximum anonymity...
[2026-07-24 21:47:13] [Network] Fresh IP assigned securely. Resuming generation...
[2026-07-24 21:47:13] [Generator] Extracting verified commercial leads for [Interior Designer] in [Bhopal]...
[2026-07-24 21:47:15] [Network] Rotating Realme 8 Mobile Data for fresh IP & maximum anonymity...
[2026-07-24 21:47:24] [Network] Fresh IP assigned securely. Resuming generation...
[2026-07-24 21:47:24] [Generator] Extracting verified commercial leads for [Interior Designer] in [Pune]...
[2026-07-24 21:47:26] [Network] Rotating Realme 8 Mobile Data for fresh IP & maximum anonymity...
[2026-07-24 21:47:36] [Network] Fresh IP assigned securely. Resuming generation...
[2026-07-24 21:47:36] [Generator] Extracting verified commercial leads for [Interior Designer] in [Mumbai]...
[2026-07-24 21:47:38] [Network] Rotating Realme 8 Mobile Data for fresh IP & maximum anonymity...
[2026-07-24 21:47:47] [Network] Fresh IP assigned securely. Resuming generation...
[2026-07-24 21:47:47] [Generator] Extracting verified commercial leads for [Interior Designer] in [Bangalore]...
[2026-07-24 21:47:49] [Network] Rotating Realme 8 Mobile Data for fresh IP & maximum anonymity...
[2026-07-24 21:47:58] [Network] Fresh IP assigned securely. Resuming generation...
[2026-07-24 21:47:58] [Generator] Extracting verified commercial leads for [Interior Designer] in [Delhi]...
[2026-07-24 21:48:00] [Network] Rotating Realme 8 Mobile Data for fresh IP & maximum anonymity...
[2026-07-24 21:48:09] [Network] Fresh IP assigned securely. Resuming generation...
[2026-07-24 21:48:09] [Generator] Extracting verified commercial leads for [Interior Designer] in [Hyderabad]...
[2026-07-24 21:48:11] [Network] Rotating Realme 8 Mobile Data for fresh IP & maximum anonymity...
[2026-07-24 21:48:20] [Network] Fresh IP assigned securely. Resuming generation...
[2026-07-24 21:48:20] [Generator] Extracting verified commercial leads for [Interior Designer] in [Chennai]...
[2026-07-24 21:48:22] [Network] Rotating Realme 8 Mobile Data for fresh IP & maximum anonymity...
[2026-07-24 21:48:31] [Network] Fresh IP assigned securely. Resuming generation...
[2026-07-24 21:48:31] [Generator] Extracting verified commercial leads for [Interior Designer] in [Ahmedabad]...
[2026-07-24 21:48:33] [Network] Rotating Realme 8 Mobile Data for fresh IP & maximum anonymity...
[2026-07-24 21:48:43] [Network] Fresh IP assigned securely. Resuming generation...
[2026-07-24 21:48:43] [Generator] Extracting verified commercial leads for [Interior Designer] in [Jaipur]...
[2026-07-24 21:48:45] [Network] Rotating Realme 8 Mobile Data for fresh IP & maximum anonymity...
[2026-07-24 21:48:54] [Network] Fresh IP assigned securely. Resuming generation...
[2026-07-24 21:48:54] [Generator] Extracting verified commercial leads for [Hotel] in [Indore]...
[2026-07-24 21:48:56] [Network] Rotating Realme 8 Mobile Data for fresh IP & maximum anonymity...
[2026-07-24 21:49:05] [Network] Fresh IP assigned securely. Resuming generation...
[2026-07-24 21:49:05] [Generator] Extracting verified commercial leads for [Hotel] in [Bhopal]...
[2026-07-24 21:49:07] [Network] Rotating Realme 8 Mobile Data for fresh IP & maximum anonymity...
[2026-07-24 21:49:16] [Network] Fresh IP assigned securely. Resuming generation...
[2026-07-24 21:49:16] [Generator] Extracting verified commercial leads for [Hotel] in [Pune]...
[2026-07-24 21:49:18] [Network] Rotating Realme 8 Mobile Data for fresh IP & maximum anonymity...
[2026-07-24 21:49:27] [Network] Fresh IP assigned securely. Resuming generation...
[2026-07-24 21:49:27] [Generator] Extracting verified commercial leads for [Hotel] in [Mumbai]...
[2026-07-24 21:49:29] [Network] Rotating Realme 8 Mobile Data for fresh IP & maximum anonymity...
[2026-07-24 21:49:39] [Network] Fresh IP assigned securely. Resuming generation...
[2026-07-24 21:49:39] [Generator] Extracting verified commercial leads for [Hotel] in [Bangalore]...
[2026-07-24 21:49:41] [Network] Rotating Realme 8 Mobile Data for fresh IP & maximum anonymity...
[2026-07-24 21:49:50] [Network] Fresh IP assigned securely. Resuming generation...
[2026-07-24 21:49:50] [Generator] Extracting verified commercial leads for [Hotel] in [Delhi]...
[2026-07-24 21:49:52] [Network] Rotating Realme 8 Mobile Data for fresh IP & maximum anonymity...
[2026-07-24 21:50:01] [Network] Fresh IP assigned securely. Resuming generation...
[2026-07-24 21:50:01] [Generator] Extracting verified commercial leads for [Hotel] in [Hyderabad]...
[2026-07-24 21:50:03] [Network] Rotating Realme 8 Mobile Data for fresh IP & maximum anonymity...
[2026-07-24 21:50:12] [Network] Fresh IP assigned securely. Resuming generation...
[2026-07-24 21:50:12] [Generator] Extracting verified commercial leads for [Hotel] in [Chennai]...
[2026-07-24 21:50:14] [Network] Rotating Realme 8 Mobile Data for fresh IP & maximum anonymity...
[2026-07-24 21:50:23] [Network] Fresh IP assigned securely. Resuming generation...
[2026-07-24 21:50:23] [Generator] Extracting verified commercial leads for [Hotel] in [Ahmedabad]...
[2026-07-24 21:50:25] [Network] Rotating Realme 8 Mobile Data for fresh IP & maximum anonymity...
[2026-07-24 21:50:35] [Network] Fresh IP assigned securely. Resuming generation...
[2026-07-24 21:50:35] [Generator] Extracting verified commercial leads for [Hotel] in [Jaipur]...
[2026-07-24 21:50:37] [SUCCESS] Cycle complete! Total database volume: 200 leads. Added 0 fresh leads.
[2026-07-24 21:50:37] === Batch resting for 4 hours to simulate natural traffic and stay safe ===
[2026-07-24 22:19:40] === Starting High-Scale 2000-5000+ Lead Generation Cycle ==-
[2026-07-24 22:19:40] [Network] Rotating Realme 8 Mobile Data for fresh IP & maximum anonymity...
[2026-07-24 22:19:49] [Network] Fresh IP assigned securely. Resuming generation...
[2026-07-24 22:19:49] [Generator] Extracting verified commercial leads for [Digital Agency] in [Indore]...
[2026-07-24 22:19:51] [Network] Rotating Realme 8 Mobile Data for fresh IP & maximum anonymity...
[2026-07-24 22:20:00] [Network] Fresh IP assigned securely. Resuming generation...
[2026-07-24 22:20:00] [Generator] Extracting verified commercial leads for [Digital Agency] in [Bhopal]...
[2026-07-24 22:20:02] [Network] Rotating Realme 8 Mobile Data for fresh IP & maximum anonymity...
[2026-07-24 22:20:11] [Network] Fresh IP assigned securely. Resuming generation...
[2026-07-24 22:20:11] [Generator] Extracting verified commercial leads for [Digital Agency] in [Pune]...
[2026-07-24 22:20:13] [Network] Rotating Realme 8 Mobile Data for fresh IP & maximum anonymity...
[2026-07-24 22:20:22] [Network] Fresh IP assigned securely. Resuming generation...
[2026-07-24 22:20:22] [Generator] Extracting verified commercial leads for [Digital Agency] in [Mumbai]...
[2026-07-24 22:20:24] [Network] Rotating Realme 8 Mobile Data for fresh IP & maximum anonymity...
[2026-07-24 22:20:33] [Network] Fresh IP assigned securely. Resuming generation...
[2026-07-24 22:20:33] [Generator] Extracting verified commercial leads for [Digital Agency] in [Bangalore]...
[2026-07-24 22:20:35] [Network] Rotating Realme 8 Mobile Data for fresh IP & maximum anonymity...
[2026-07-24 22:20:45] [Network] Fresh IP assigned securely. Resuming generation...
[2026-07-24 22:20:45] [Generator] Extracting verified commercial leads for [Digital Agency] in [Delhi]...
[2026-07-24 22:20:47] [Network] Rotating Realme 8 Mobile Data for fresh IP & maximum anonymity...
[2026-07-24 22:20:56] [Network] Fresh IP assigned securely. Resuming generation...
[2026-07-24 22:20:56] [Generator] Extracting verified commercial leads for [Digital Agency] in [Hyderabad]...
[2026-07-24 22:20:58] [Network] Rotating Realme 8 Mobile Data for fresh IP & maximum anonymity...
[2026-07-24 22:21:07] [Network] Fresh IP assigned securely. Resuming generation...
[2026-07-24 22:21:07] [Generator] Extracting verified commercial leads for [Digital Agency] in [Chennai]...
[2026-07-24 22:21:09] [Network] Rotating Realme 8 Mobile Data for fresh IP & maximum anonymity...
[2026-07-24 22:21:18] [Network] Fresh IP assigned securely. Resuming generation...
[2026-07-24 22:21:18] [Generator] Extracting verified commercial leads for [Digital Agency] in [Ahmedabad]...
[2026-07-24 22:21:20] [Network] Rotating Realme 8 Mobile Data for fresh IP & maximum anonymity...
[2026-07-24 22:21:29] [Network] Fresh IP assigned securely. Resuming generation...
[2026-07-24 22:21:29] [Generator] Extracting verified commercial leads for [Digital Agency] in [Jaipur]...
[2026-07-24 22:21:31] [Network] Rotating Realme 8 Mobile Data for fresh IP & maximum anonymity...
[2026-07-24 22:21:40] [Network] Fresh IP assigned securely. Resuming generation...
[2026-07-24 22:21:40] [Generator] Extracting verified commercial leads for [Real Estate] in [Indore]...
[2026-07-24 22:21:42] [Network] Rotating Realme 8 Mobile Data for fresh IP & maximum anonymity...
[2026-07-24 22:21:51] [Network] Fresh IP assigned securely. Resuming generation...
[2026-07-24 22:21:51] [Generator] Extracting verified commercial leads for [Real Estate] in [Bhopal]...
[2026-07-24 22:21:53] [Network] Rotating Realme 8 Mobile Data for fresh IP & maximum anonymity...
[2026-07-24 22:22:03] [Network] Fresh IP assigned securely. Resuming generation...
[2026-07-24 22:22:03] [Generator] Extracting verified commercial leads for [Real Estate] in [Pune]...
[2026-07-24 22:22:05] [Network] Rotating Realme 8 Mobile Data for fresh IP & maximum anonymity...
[2026-07-24 22:22:14] [Network] Fresh IP assigned securely. Resuming generation...
[2026-07-24 22:22:14] [Generator] Extracting verified commercial leads for [Real Estate] in [Mumbai]...
[2026-07-24 22:22:16] [Network] Rotating Realme 8 Mobile Data for fresh IP & maximum anonymity...
[2026-07-24 22:22:25] [Network] Fresh IP assigned securely. Resuming generation...
[2026-07-24 22:22:25] [Generator] Extracting verified commercial leads for [Real Estate] in [Bangalore]...
[2026-07-24 22:22:27] [Network] Rotating Realme 8 Mobile Data for fresh IP & maximum anonymity...
[2026-07-24 22:22:36] [Network] Fresh IP assigned securely. Resuming generation...
[2026-07-24 22:22:36] [Generator] Extracting verified commercial leads for [Real Estate] in [Delhi]...
[2026-07-24 22:22:38] [Network] Rotating Realme 8 Mobile Data for fresh IP & maximum anonymity...
[2026-07-24 22:22:47] [Network] Fresh IP assigned securely. Resuming generation...
[2026-07-24 22:22:47] [Generator] Extracting verified commercial leads for [Real Estate] in [Hyderabad]...
[2026-07-24 22:22:49] [Network] Rotating Realme 8 Mobile Data for fresh IP & maximum anonymity...
[2026-07-24 22:22:58] [Network] Fresh IP assigned securely. Resuming generation...
[2026-07-24 22:22:58] [Generator] Extracting verified commercial leads for [Real Estate] in [Chennai]...
[2026-07-24 22:23:00] [Network] Rotating Realme 8 Mobile Data for fresh IP & maximum anonymity...
[2026-07-24 22:23:10] [Network] Fresh IP assigned securely. Resuming generation...
[2026-07-24 22:23:10] [Generator] Extracting verified commercial leads for [Real Estate] in [Ahmedabad]...
[2026-07-24 22:23:12] [Network] Rotating Realme 8 Mobile Data for fresh IP & maximum anonymity...
[2026-07-24 22:23:21] [Network] Fresh IP assigned securely. Resuming generation...
[2026-07-24 22:23:21] [Generator] Extracting verified commercial leads for [Real Estate] in [Jaipur]...
[2026-07-24 22:23:23] [Network] Rotating Realme 8 Mobile Data for fresh IP & maximum anonymity...
[2026-07-24 22:23:32] [Network] Fresh IP assigned securely. Resuming generation...
[2026-07-24 22:23:32] [Generator] Extracting verified commercial leads for [Restaurant] in [Indore]...
[2026-07-24 22:23:34] [Network] Rotating Realme 8 Mobile Data for fresh IP & maximum anonymity...
[2026-07-24 22:23:43] [Network] Fresh IP assigned securely. Resuming generation...
[2026-07-24 22:23:43] [Generator] Extracting verified commercial leads for [Restaurant] in [Bhopal]...
[2026-07-24 22:23:45] [Network] Rotating Realme 8 Mobile Data for fresh IP & maximum anonymity...
[2026-07-24 22:23:54] [Network] Fresh IP assigned securely. Resuming generation...
[2026-07-24 22:23:54] [Generator] Extracting verified commercial leads for [Restaurant] in [Pune]...
[2026-07-24 22:23:56] [Network] Rotating Realme 8 Mobile Data for fresh IP & maximum anonymity...
[2026-07-24 22:24:05] [Network] Fresh IP assigned securely. Resuming generation...
[2026-07-24 22:24:05] [Generator] Extracting verified commercial leads for [Restaurant] in [Mumbai]...
[2026-07-24 22:24:07] [Network] Rotating Realme 8 Mobile Data for fresh IP & maximum anonymity...
[2026-07-24 22:24:17] [Network] Fresh IP assigned securely. Resuming generation...
[2026-07-24 22:24:17] [Generator] Extracting verified commercial leads for [Restaurant] in [Bangalore]...
[2026-07-24 22:24:19] [Network] Rotating Realme 8 Mobile Data for fresh IP & maximum anonymity...
[2026-07-24 22:24:28] [Network] Fresh IP assigned securely. Resuming generation...
[2026-07-24 22:24:28] [Generator] Extracting verified commercial leads for [Restaurant] in [Delhi]...
[2026-07-24 22:24:30] [Network] Rotating Realme 8 Mobile Data for fresh IP & maximum anonymity...
[2026-07-24 22:24:39] [Network] Fresh IP assigned securely. Resuming generation...
[2026-07-24 22:24:39] [Generator] Extracting verified commercial leads for [Restaurant] in [Hyderabad]...
[2026-07-24 22:24:41] [Network] Rotating Realme 8 Mobile Data for fresh IP & maximum anonymity...
[2026-07-24 22:24:50] [Network] Fresh IP assigned securely. Resuming generation...
[2026-07-24 22:24:50] [Generator] Extracting verified commercial leads for [Restaurant] in [Chennai]...
[2026-07-24 22:24:52] [Network] Rotating Realme 8 Mobile Data for fresh IP & maximum anonymity...
[2026-07-24 22:25:01] [Network] Fresh IP assigned securely. Resuming generation...
[2026-07-24 22:25:01] [Generator] Extracting verified commercial leads for [Restaurant] in [Ahmedabad]...
[2026-07-24 22:25:03] [Network] Rotating Realme 8 Mobile Data for fresh IP & maximum anonymity...
[2026-07-24 22:25:12] [Network] Fresh IP assigned securely. Resuming generation...
[2026-07-24 22:25:12] [Generator] Extracting verified commercial leads for [Restaurant] in [Jaipur]...
[2026-07-24 22:25:14] [Network] Rotating Realme 8 Mobile Data for fresh IP & maximum anonymity...
[2026-07-24 22:25:23] [Network] Fresh IP assigned securely. Resuming generation...
[2026-07-24 22:25:23] [Generator] Extracting verified commercial leads for [Coaching Institute] in [Indore]...
[2026-07-24 22:25:25] [Network] Rotating Realme 8 Mobile Data for fresh IP & maximum anonymity...
[2026-07-24 22:25:26] === Starting High-Scale 2000-5000+ Lead Generation Cycle ==-
[2026-07-24 22:25:26] [Network] Rotating Realme 8 Mobile Data for fresh IP & maximum anonymity...
[2026-07-24 22:25:35] [Network] Fresh IP assigned securely. Resuming generation...
[2026-07-24 22:25:35] [Generator] Extracting verified commercial leads for [Coaching Institute] in [Bhopal]...
[2026-07-24 22:25:35] [Network] Fresh IP assigned securely. Resuming generation...
[2026-07-24 22:25:35] [Generator] Extracting verified commercial leads for [Digital Agency] in [Indore]...
[2026-07-24 22:25:37] [Network] Rotating Realme 8 Mobile Data for fresh IP & maximum anonymity...
[2026-07-24 22:25:37] [Network] Rotating Realme 8 Mobile Data for fresh IP & maximum anonymity...
[2026-07-24 22:25:46] [Network] Fresh IP assigned securely. Resuming generation...
[2026-07-24 22:25:46] [Generator] Extracting verified commercial leads for [Coaching Institute] in [Pune]...
[2026-07-24 22:25:46] [Network] Fresh IP assigned securely. Resuming generation...
[2026-07-24 22:25:46] [Generator] Extracting verified commercial leads for [Digital Agency] in [Bhopal]...
[2026-07-24 22:25:48] [Network] Rotating Realme 8 Mobile Data for fresh IP & maximum anonymity...
[2026-07-24 22:25:48] [Network] Rotating Realme 8 Mobile Data for fresh IP & maximum anonymity...
[2026-07-24 22:25:57] [Network] Fresh IP assigned securely. Resuming generation...
[2026-07-24 22:25:57] [Generator] Extracting verified commercial leads for [Coaching Institute] in [Mumbai]...
[2026-07-24 22:25:57] [Network] Fresh IP assigned securely. Resuming generation...
[2026-07-24 22:25:57] [Generator] Extracting verified commercial leads for [Digital Agency] in [Pune]...
[2026-07-24 22:25:59] [Network] Rotating Realme 8 Mobile Data for fresh IP & maximum anonymity...
[2026-07-24 22:25:59] [Network] Rotating Realme 8 Mobile Data for fresh IP & maximum anonymity...
[2026-07-24 22:26:08] [Network] Fresh IP assigned securely. Resuming generation...
[2026-07-24 22:26:08] [Generator] Extracting verified commercial leads for [Coaching Institute] in [Bangalore]...
[2026-07-24 22:26:09] [Network] Fresh IP assigned securely. Resuming generation...
[2026-07-24 22:26:09] [Generator] Extracting verified commercial leads for [Digital Agency] in [Mumbai]...
[2026-07-24 22:26:10] [Network] Rotating Realme 8 Mobile Data for fresh IP & maximum anonymity...
[2026-07-24 22:26:11] [Network] Rotating Realme 8 Mobile Data for fresh IP & maximum anonymity...
[2026-07-24 22:26:19] [Network] Fresh IP assigned securely. Resuming generation...
[2026-07-24 22:26:19] [Generator] Extracting verified commercial leads for [Coaching Institute] in [Delhi]...
[2026-07-24 22:26:20] [Network] Fresh IP assigned securely. Resuming generation...
[2026-07-24 22:26:20] [Generator] Extracting verified commercial leads for [Digital Agency] in [Bangalore]...
[2026-07-24 22:26:21] [Network] Rotating Realme 8 Mobile Data for fresh IP & maximum anonymity...
[2026-07-24 22:26:22] [Network] Rotating Realme 8 Mobile Data for fresh IP & maximum anonymity...
[2026-07-24 22:26:30] [Network] Fresh IP assigned securely. Resuming generation...
[2026-07-24 22:26:30] [Generator] Extracting verified commercial leads for [Coaching Institute] in [Hyderabad]...
[2026-07-24 22:26:31] [Network] Fresh IP assigned securely. Resuming generation...
[2026-07-24 22:26:31] [Generator] Extracting verified commercial leads for [Digital Agency] in [Delhi]...
[2026-07-24 22:26:32] [Network] Rotating Realme 8 Mobile Data for fresh IP & maximum anonymity...
[2026-07-24 22:26:33] [Network] Rotating Realme 8 Mobile Data for fresh IP & maximum anonymity...
[2026-07-24 22:26:41] [Network] Fresh IP assigned securely. Resuming generation...
[2026-07-24 22:26:41] [Generator] Extracting verified commercial leads for [Coaching Institute] in [Chennai]...
[2026-07-24 22:26:42] [Network] Fresh IP assigned securely. Resuming generation...
[2026-07-24 22:26:42] [Generator] Extracting verified commercial leads for [Digital Agency] in [Hyderabad]...
[2026-07-24 22:26:43] [Network] Rotating Realme 8 Mobile Data for fresh IP & maximum anonymity...
[2026-07-24 22:26:44] [Network] Rotating Realme 8 Mobile Data for fresh IP & maximum anonymity...
[2026-07-24 22:26:53] [Network] Fresh IP assigned securely. Resuming generation...
[2026-07-24 22:26:53] [Generator] Extracting verified commercial leads for [Coaching Institute] in [Ahmedabad]...
[2026-07-24 22:26:53] [Network] Fresh IP assigned securely. Resuming generation...
[2026-07-24 22:26:53] [Generator] Extracting verified commercial leads for [Digital Agency] in [Chennai]...
[2026-07-24 22:26:55] [Network] Rotating Realme 8 Mobile Data for fresh IP & maximum anonymity...
[2026-07-24 22:26:55] [Network] Rotating Realme 8 Mobile Data for fresh IP & maximum anonymity...
[2026-07-24 22:27:04] [Network] Fresh IP assigned securely. Resuming generation...
[2026-07-24 22:27:04] [Generator] Extracting verified commercial leads for [Coaching Institute] in [Jaipur]...
[2026-07-24 22:27:04] [Network] Fresh IP assigned securely. Resuming generation...
[2026-07-24 22:27:04] [Generator] Extracting verified commercial leads for [Digital Agency] in [Ahmedabad]...
[2026-07-24 22:27:06] [Network] Rotating Realme 8 Mobile Data for fresh IP & maximum anonymity...
[2026-07-24 22:27:06] [Network] Rotating Realme 8 Mobile Data for fresh IP & maximum anonymity...
[2026-07-24 22:27:15] [Network] Fresh IP assigned securely. Resuming generation...
[2026-07-24 22:27:15] [Generator] Extracting verified commercial leads for [Doctor] in [Indore]...
[2026-07-24 22:27:15] [Network] Fresh IP assigned securely. Resuming generation...
[2026-07-24 22:27:15] [Generator] Extracting verified commercial leads for [Digital Agency] in [Jaipur]...
[2026-07-24 22:27:17] [Network] Rotating Realme 8 Mobile Data for fresh IP & maximum anonymity...
[2026-07-24 22:27:17] [Network] Rotating Realme 8 Mobile Data for fresh IP & maximum anonymity...
[2026-07-24 22:27:26] [Network] Fresh IP assigned securely. Resuming generation...
[2026-07-24 22:27:26] [Generator] Extracting verified commercial leads for [Doctor] in [Bhopal]...
[2026-07-24 22:27:27] [Network] Fresh IP assigned securely. Resuming generation...
[2026-07-24 22:27:27] [Generator] Extracting verified commercial leads for [Real Estate] in [Indore]...
[2026-07-24 22:27:28] [Network] Rotating Realme 8 Mobile Data for fresh IP & maximum anonymity...
[2026-07-24 22:27:29] [Network] Rotating Realme 8 Mobile Data for fresh IP & maximum anonymity...
[2026-07-24 22:27:37] [Network] Fresh IP assigned securely. Resuming generation...
[2026-07-24 22:27:37] [Generator] Extracting verified commercial leads for [Doctor] in [Pune]...
[2026-07-24 22:27:38] [Network] Fresh IP assigned securely. Resuming generation...
[2026-07-24 22:27:38] [Generator] Extracting verified commercial leads for [Real Estate] in [Bhopal]...
[2026-07-24 22:27:39] [Network] Rotating Realme 8 Mobile Data for fresh IP & maximum anonymity...
[2026-07-24 22:27:40] [Network] Rotating Realme 8 Mobile Data for fresh IP & maximum anonymity...
[2026-07-24 22:27:48] [Network] Fresh IP assigned securely. Resuming generation...
[2026-07-24 22:27:48] [Generator] Extracting verified commercial leads for [Doctor] in [Mumbai]...
[2026-07-24 22:27:49] [Network] Fresh IP assigned securely. Resuming generation...
[2026-07-24 22:27:49] [Generator] Extracting verified commercial leads for [Real Estate] in [Pune]...
[2026-07-24 22:27:50] [Network] Rotating Realme 8 Mobile Data for fresh IP & maximum anonymity...
[2026-07-24 22:27:51] [Network] Rotating Realme 8 Mobile Data for fresh IP & maximum anonymity...
[2026-07-24 22:27:59] [Network] Fresh IP assigned securely. Resuming generation...
[2026-07-24 22:27:59] [Generator] Extracting verified commercial leads for [Doctor] in [Bangalore]...
[2026-07-24 22:28:00] [Network] Fresh IP assigned securely. Resuming generation...
[2026-07-24 22:28:00] [Generator] Extracting verified commercial leads for [Real Estate] in [Mumbai]...
[2026-07-24 22:28:01] [Network] Rotating Realme 8 Mobile Data for fresh IP & maximum anonymity...
[2026-07-24 22:28:02] [Network] Rotating Realme 8 Mobile Data for fresh IP & maximum anonymity...
[2026-07-24 22:28:11] [Network] Fresh IP assigned securely. Resuming generation...
[2026-07-24 22:28:11] [Generator] Extracting verified commercial leads for [Doctor] in [Delhi]...
[2026-07-24 22:28:11] [Network] Fresh IP assigned securely. Resuming generation...
[2026-07-24 22:28:11] [Generator] Extracting verified commercial leads for [Real Estate] in [Bangalore]...
[2026-07-24 22:28:13] [Network] Rotating Realme 8 Mobile Data for fresh IP & maximum anonymity...
[2026-07-24 22:28:13] [Network] Rotating Realme 8 Mobile Data for fresh IP & maximum anonymity...
[2026-07-24 22:28:22] [Network] Fresh IP assigned securely. Resuming generation...
[2026-07-24 22:28:22] [Generator] Extracting verified commercial leads for [Doctor] in [Hyderabad]...
[2026-07-24 22:28:22] [Network] Fresh IP assigned securely. Resuming generation...
[2026-07-24 22:28:22] [Generator] Extracting verified commercial leads for [Real Estate] in [Delhi]...
[2026-07-24 22:28:24] [Network] Rotating Realme 8 Mobile Data for fresh IP & maximum anonymity...
[2026-07-24 22:28:24] [Network] Rotating Realme 8 Mobile Data for fresh IP & maximum anonymity...
[2026-07-24 22:28:33] [Network] Fresh IP assigned securely. Resuming generation...
[2026-07-24 22:28:33] [Generator] Extracting verified commercial leads for [Doctor] in [Chennai]...
[2026-07-24 22:28:33] [Network] Fresh IP assigned securely. Resuming generation...
[2026-07-24 22:28:33] [Generator] Extracting verified commercial leads for [Real Estate] in [Hyderabad]...
[2026-07-24 22:28:35] [Network] Rotating Realme 8 Mobile Data for fresh IP & maximum anonymity...
[2026-07-24 22:28:36] [Network] Rotating Realme 8 Mobile Data for fresh IP & maximum anonymity...
[2026-07-24 22:28:44] [Network] Fresh IP assigned securely. Resuming generation...
[2026-07-24 22:28:44] [Generator] Extracting verified commercial leads for [Doctor] in [Ahmedabad]...
[2026-07-24 22:28:45] [Network] Fresh IP assigned securely. Resuming generation...
[2026-07-24 22:28:45] [Generator] Extracting verified commercial leads for [Real Estate] in [Chennai]...
[2026-07-24 22:28:46] [Network] Rotating Realme 8 Mobile Data for fresh IP & maximum anonymity...
[2026-07-24 22:28:47] [Network] Rotating Realme 8 Mobile Data for fresh IP & maximum anonymity...
[2026-07-24 22:28:55] [Network] Fresh IP assigned securely. Resuming generation...
[2026-07-24 22:28:55] [Generator] Extracting verified commercial leads for [Doctor] in [Jaipur]...
[2026-07-24 22:28:56] [Network] Fresh IP assigned securely. Resuming generation...
[2026-07-24 22:28:56] [Generator] Extracting verified commercial leads for [Real Estate] in [Ahmedabad]...
[2026-07-24 22:28:57] [Network] Rotating Realme 8 Mobile Data for fresh IP & maximum anonymity...
[2026-07-24 22:28:58] [Network] Rotating Realme 8 Mobile Data for fresh IP & maximum anonymity...
[2026-07-24 22:29:06] [Network] Fresh IP assigned securely. Resuming generation...
[2026-07-24 22:29:06] [Generator] Extracting verified commercial leads for [Gym] in [Indore]...
[2026-07-24 22:29:07] [Network] Fresh IP assigned securely. Resuming generation...
[2026-07-24 22:29:07] [Generator] Extracting verified commercial leads for [Real Estate] in [Jaipur]...
[2026-07-24 22:29:08] [Network] Rotating Realme 8 Mobile Data for fresh IP & maximum anonymity...
[2026-07-24 22:29:09] [Network] Rotating Realme 8 Mobile Data for fresh IP & maximum anonymity...
[2026-07-24 22:29:18] [Network] Fresh IP assigned securely. Resuming generation...
[2026-07-24 22:29:18] [Generator] Extracting verified commercial leads for [Gym] in [Bhopal]...
[2026-07-24 22:29:18] [Network] Fresh IP assigned securely. Resuming generation...
[2026-07-24 22:29:18] [Generator] Extracting verified commercial leads for [Restaurant] in [Indore]...
[2026-07-24 22:29:20] [Network] Rotating Realme 8 Mobile Data for fresh IP & maximum anonymity...
[2026-07-24 22:29:20] [Network] Rotating Realme 8 Mobile Data for fresh IP & maximum anonymity...
[2026-07-24 22:29:29] [Network] Fresh IP assigned securely. Resuming generation...
[2026-07-24 22:29:29] [Generator] Extracting verified commercial leads for [Gym] in [Pune]...
[2026-07-24 22:29:29] [Network] Fresh IP assigned securely. Resuming generation...
[2026-07-24 22:29:29] [Generator] Extracting verified commercial leads for [Restaurant] in [Bhopal]...
[2026-07-24 22:29:31] [Network] Rotating Realme 8 Mobile Data for fresh IP & maximum anonymity...
[2026-07-24 22:29:31] [Network] Rotating Realme 8 Mobile Data for fresh IP & maximum anonymity...
[2026-07-24 22:29:40] [Network] Fresh IP assigned securely. Resuming generation...
[2026-07-24 22:29:40] [Generator] Extracting verified commercial leads for [Gym] in [Mumbai]...
[2026-07-24 22:29:40] [Network] Fresh IP assigned securely. Resuming generation...
[2026-07-24 22:29:40] [Generator] Extracting verified commercial leads for [Restaurant] in [Pune]...
[2026-07-24 22:29:42] [Network] Rotating Realme 8 Mobile Data for fresh IP & maximum anonymity...
[2026-07-24 22:29:42] [Network] Rotating Realme 8 Mobile Data for fresh IP & maximum anonymity...
[2026-07-24 22:29:51] [Network] Fresh IP assigned securely. Resuming generation...
[2026-07-24 22:29:51] [Generator] Extracting verified commercial leads for [Gym] in [Bangalore]...
[2026-07-24 22:29:52] [Network] Fresh IP assigned securely. Resuming generation...
[2026-07-24 22:29:52] [Generator] Extracting verified commercial leads for [Restaurant] in [Mumbai]...
[2026-07-24 22:29:53] [Network] Rotating Realme 8 Mobile Data for fresh IP & maximum anonymity...
[2026-07-24 22:29:54] [Network] Rotating Realme 8 Mobile Data for fresh IP & maximum anonymity...
[2026-07-24 22:30:02] [Network] Fresh IP assigned securely. Resuming generation...
[2026-07-24 22:30:02] [Generator] Extracting verified commercial leads for [Gym] in [Delhi]...
[2026-07-24 22:30:03] [Network] Fresh IP assigned securely. Resuming generation...
[2026-07-24 22:30:03] [Generator] Extracting verified commercial leads for [Restaurant] in [Bangalore]...
[2026-07-24 22:30:04] [Network] Rotating Realme 8 Mobile Data for fresh IP & maximum anonymity...
[2026-07-24 22:30:05] [Network] Rotating Realme 8 Mobile Data for fresh IP & maximum anonymity...
[2026-07-24 22:30:13] [Network] Fresh IP assigned securely. Resuming generation...
[2026-07-24 22:30:13] [Generator] Extracting verified commercial leads for [Gym] in [Hyderabad]...
[2026-07-24 22:30:14] [Network] Fresh IP assigned securely. Resuming generation...
[2026-07-24 22:30:14] [Generator] Extracting verified commercial leads for [Restaurant] in [Delhi]...
[2026-07-24 22:30:15] [Network] Rotating Realme 8 Mobile Data for fresh IP & maximum anonymity...
[2026-07-24 22:30:16] [Network] Rotating Realme 8 Mobile Data for fresh IP & maximum anonymity...
[2026-07-24 22:30:24] [Network] Fresh IP assigned securely. Resuming generation...
[2026-07-24 22:30:24] [Generator] Extracting verified commercial leads for [Gym] in [Chennai]...
[2026-07-24 22:30:25] [Network] Fresh IP assigned securely. Resuming generation...
[2026-07-24 22:30:25] [Generator] Extracting verified commercial leads for [Restaurant] in [Hyderabad]...
[2026-07-24 22:30:26] [Network] Rotating Realme 8 Mobile Data for fresh IP & maximum anonymity...
[2026-07-24 22:30:27] [Network] Rotating Realme 8 Mobile Data for fresh IP & maximum anonymity...
[2026-07-24 22:30:36] [Network] Fresh IP assigned securely. Resuming generation...
[2026-07-24 22:30:36] [Generator] Extracting verified commercial leads for [Gym] in [Ahmedabad]...
[2026-07-24 22:30:36] [Network] Fresh IP assigned securely. Resuming generation...
[2026-07-24 22:30:36] [Generator] Extracting verified commercial leads for [Restaurant] in [Chennai]...
[2026-07-24 22:30:38] [Network] Rotating Realme 8 Mobile Data for fresh IP & maximum anonymity...
[2026-07-24 22:30:38] [Network] Rotating Realme 8 Mobile Data for fresh IP & maximum anonymity...
[2026-07-24 22:30:47] [Network] Fresh IP assigned securely. Resuming generation...
[2026-07-24 22:30:47] [Generator] Extracting verified commercial leads for [Gym] in [Jaipur]...
[2026-07-24 22:30:47] [Network] Fresh IP assigned securely. Resuming generation...
[2026-07-24 22:30:47] [Generator] Extracting verified commercial leads for [Restaurant] in [Ahmedabad]...
[2026-07-24 22:30:49] [Network] Rotating Realme 8 Mobile Data for fresh IP & maximum anonymity...
[2026-07-24 22:30:49] [Network] Rotating Realme 8 Mobile Data for fresh IP & maximum anonymity...
[2026-07-24 22:30:58] [Network] Fresh IP assigned securely. Resuming generation...
[2026-07-24 22:30:58] [Generator] Extracting verified commercial leads for [Lawyer] in [Indore]...
[2026-07-24 22:30:58] [Network] Fresh IP assigned securely. Resuming generation...
[2026-07-24 22:30:58] [Generator] Extracting verified commercial leads for [Restaurant] in [Jaipur]...
[2026-07-24 22:31:00] [Network] Rotating Realme 8 Mobile Data for fresh IP & maximum anonymity...
[2026-07-24 22:31:00] [Network] Rotating Realme 8 Mobile Data for fresh IP & maximum anonymity...
[2026-07-24 22:31:09] [Network] Fresh IP assigned securely. Resuming generation...
[2026-07-24 22:31:09] [Generator] Extracting verified commercial leads for [Lawyer] in [Bhopal]...
[2026-07-24 22:31:10] [Network] Fresh IP assigned securely. Resuming generation...
[2026-07-24 22:31:10] [Generator] Extracting verified commercial leads for [Coaching Institute] in [Indore]...
[2026-07-24 22:31:11] [Network] Rotating Realme 8 Mobile Data for fresh IP & maximum anonymity...
[2026-07-24 22:31:12] [Network] Rotating Realme 8 Mobile Data for fresh IP & maximum anonymity...
[2026-07-24 22:31:20] [Network] Fresh IP assigned securely. Resuming generation...
[2026-07-24 22:31:20] [Generator] Extracting verified commercial leads for [Lawyer] in [Pune]...
[2026-07-24 22:31:21] [Network] Fresh IP assigned securely. Resuming generation...
[2026-07-24 22:31:21] [Generator] Extracting verified commercial leads for [Coaching Institute] in [Bhopal]...
[2026-07-24 22:31:22] [Network] Rotating Realme 8 Mobile Data for fresh IP & maximum anonymity...
[2026-07-24 22:31:23] [Network] Rotating Realme 8 Mobile Data for fresh IP & maximum anonymity...
[2026-07-24 22:31:31] [Network] Fresh IP assigned securely. Resuming generation...
[2026-07-24 22:31:31] [Generator] Extracting verified commercial leads for [Lawyer] in [Mumbai]...
[2026-07-24 22:31:32] [Network] Fresh IP assigned securely. Resuming generation...
[2026-07-24 22:31:32] [Generator] Extracting verified commercial leads for [Coaching Institute] in [Pune]...
[2026-07-24 22:31:33] [Network] Rotating Realme 8 Mobile Data for fresh IP & maximum anonymity...
[2026-07-24 22:31:34] [Network] Rotating Realme 8 Mobile Data for fresh IP & maximum anonymity...
[2026-07-24 22:31:42] [Network] Fresh IP assigned securely. Resuming generation...
[2026-07-24 22:31:42] [Generator] Extracting verified commercial leads for [Lawyer] in [Bangalore]...
[2026-07-24 22:31:43] [Network] Fresh IP assigned securely. Resuming generation...
[2026-07-24 22:31:43] [Generator] Extracting verified commercial leads for [Coaching Institute] in [Mumbai]...
[2026-07-24 22:31:45] [Network] Rotating Realme 8 Mobile Data for fresh IP & maximum anonymity...
[2026-07-24 22:31:45] [Network] Rotating Realme 8 Mobile Data for fresh IP & maximum anonymity...
[2026-07-24 22:31:54] [Network] Fresh IP assigned securely. Resuming generation...
[2026-07-24 22:31:54] [Generator] Extracting verified commercial leads for [Lawyer] in [Delhi]...
[2026-07-24 22:31:54] [Network] Fresh IP assigned securely. Resuming generation...
[2026-07-24 22:31:54] [Generator] Extracting verified commercial leads for [Coaching Institute] in [Bangalore]...
[2026-07-24 22:31:56] [Network] Rotating Realme 8 Mobile Data for fresh IP & maximum anonymity...
[2026-07-24 22:31:56] [Network] Rotating Realme 8 Mobile Data for fresh IP & maximum anonymity...
[2026-07-24 22:32:05] [Network] Fresh IP assigned securely. Resuming generation...
[2026-07-24 22:32:05] [Generator] Extracting verified commercial leads for [Lawyer] in [Hyderabad]...
[2026-07-24 22:32:05] [Network] Fresh IP assigned securely. Resuming generation...
[2026-07-24 22:32:05] [Generator] Extracting verified commercial leads for [Coaching Institute] in [Delhi]...
[2026-07-24 22:32:07] [Network] Rotating Realme 8 Mobile Data for fresh IP & maximum anonymity...
[2026-07-24 22:32:07] [Network] Rotating Realme 8 Mobile Data for fresh IP & maximum anonymity...
[2026-07-24 22:32:16] [Network] Fresh IP assigned securely. Resuming generation...
[2026-07-24 22:32:16] [Generator] Extracting verified commercial leads for [Lawyer] in [Chennai]...
[2026-07-24 22:32:16] [Network] Fresh IP assigned securely. Resuming generation...
[2026-07-24 22:32:16] [Generator] Extracting verified commercial leads for [Coaching Institute] in [Hyderabad]...
[2026-07-24 22:32:18] [Network] Rotating Realme 8 Mobile Data for fresh IP & maximum anonymity...
[2026-07-24 22:32:19] [Network] Rotating Realme 8 Mobile Data for fresh IP & maximum anonymity...
[2026-07-24 22:32:27] [Network] Fresh IP assigned securely. Resuming generation...
[2026-07-24 22:32:27] [Generator] Extracting verified commercial leads for [Lawyer] in [Ahmedabad]...
[2026-07-24 22:32:28] [Network] Fresh IP assigned securely. Resuming generation...
[2026-07-24 22:32:28] [Generator] Extracting verified commercial leads for [Coaching Institute] in [Chennai]...
[2026-07-24 22:32:29] [Network] Rotating Realme 8 Mobile Data for fresh IP & maximum anonymity...
[2026-07-24 22:32:30] [Network] Rotating Realme 8 Mobile Data for fresh IP & maximum anonymity...
[2026-07-24 22:32:38] [Network] Fresh IP assigned securely. Resuming generation...
[2026-07-24 22:32:38] [Generator] Extracting verified commercial leads for [Lawyer] in [Jaipur]...
[2026-07-24 22:32:39] [Network] Fresh IP assigned securely. Resuming generation...
[2026-07-24 22:32:39] [Generator] Extracting verified commercial leads for [Coaching Institute] in [Ahmedabad]...
[2026-07-24 22:32:40] [Network] Rotating Realme 8 Mobile Data for fresh IP & maximum anonymity...
[2026-07-24 22:32:41] [Network] Rotating Realme 8 Mobile Data for fresh IP & maximum anonymity...
[2026-07-24 22:32:49] [Network] Fresh IP assigned securely. Resuming generation...
[2026-07-24 22:32:49] [Generator] Extracting verified commercial leads for [E-commerce] in [Indore]...
[2026-07-24 22:32:50] [Network] Fresh IP assigned securely. Resuming generation...
[2026-07-24 22:32:50] [Generator] Extracting verified commercial leads for [Coaching Institute] in [Jaipur]...
[2026-07-24 22:32:51] [Network] Rotating Realme 8 Mobile Data for fresh IP & maximum anonymity...
[2026-07-24 22:32:52] [Network] Rotating Realme 8 Mobile Data for fresh IP & maximum anonymity...
[2026-07-24 22:33:01] [Network] Fresh IP assigned securely. Resuming generation...
[2026-07-24 22:33:01] [Generator] Extracting verified commercial leads for [E-commerce] in [Bhopal]...
[2026-07-24 22:33:01] [Network] Fresh IP assigned securely. Resuming generation...
[2026-07-24 22:33:01] [Generator] Extracting verified commercial leads for [Doctor] in [Indore]...
[2026-07-24 22:33:03] [Network] Rotating Realme 8 Mobile Data for fresh IP & maximum anonymity...
[2026-07-24 22:33:03] [Network] Rotating Realme 8 Mobile Data for fresh IP & maximum anonymity...
[2026-07-24 22:33:12] [Network] Fresh IP assigned securely. Resuming generation...
[2026-07-24 22:33:12] [Generator] Extracting verified commercial leads for [E-commerce] in [Pune]...
[2026-07-24 22:33:12] [Network] Fresh IP assigned securely. Resuming generation...
[2026-07-24 22:33:12] [Generator] Extracting verified commercial leads for [Doctor] in [Bhopal]...
[2026-07-24 22:33:14] [Network] Rotating Realme 8 Mobile Data for fresh IP & maximum anonymity...
[2026-07-24 22:33:14] [Network] Rotating Realme 8 Mobile Data for fresh IP & maximum anonymity...
[2026-07-24 22:33:23] [Network] Fresh IP assigned securely. Resuming generation...
[2026-07-24 22:33:23] [Generator] Extracting verified commercial leads for [E-commerce] in [Mumbai]...
[2026-07-24 22:33:23] [Network] Fresh IP assigned securely. Resuming generation...
[2026-07-24 22:33:23] [Generator] Extracting verified commercial leads for [Doctor] in [Pune]...
[2026-07-24 22:33:25] [Network] Rotating Realme 8 Mobile Data for fresh IP & maximum anonymity...
[2026-07-24 22:33:25] [Network] Rotating Realme 8 Mobile Data for fresh IP & maximum anonymity...
[2026-07-24 22:33:34] [Network] Fresh IP assigned securely. Resuming generation...
[2026-07-24 22:33:34] [Generator] Extracting verified commercial leads for [E-commerce] in [Bangalore]...
[2026-07-24 22:33:35] [Network] Fresh IP assigned securely. Resuming generation...
[2026-07-24 22:33:35] [Generator] Extracting verified commercial leads for [Doctor] in [Mumbai]...
[2026-07-24 22:33:36] [Network] Rotating Realme 8 Mobile Data for fresh IP & maximum anonymity...
[2026-07-24 22:33:37] [Network] Rotating Realme 8 Mobile Data for fresh IP & maximum anonymity...
[2026-07-24 22:33:45] [Network] Fresh IP assigned securely. Resuming generation...
[2026-07-24 22:33:45] [Generator] Extracting verified commercial leads for [E-commerce] in [Delhi]...
[2026-07-24 22:33:46] [Network] Fresh IP assigned securely. Resuming generation...
[2026-07-24 22:33:46] [Generator] Extracting verified commercial leads for [Doctor] in [Bangalore]...
[2026-07-24 22:33:47] [Network] Rotating Realme 8 Mobile Data for fresh IP & maximum anonymity...
[2026-07-24 22:33:48] [Network] Rotating Realme 8 Mobile Data for fresh IP & maximum anonymity...
[2026-07-24 22:33:56] [Network] Fresh IP assigned securely. Resuming generation...
[2026-07-24 22:33:56] [Generator] Extracting verified commercial leads for [E-commerce] in [Hyderabad]...
[2026-07-24 22:33:57] [Network] Fresh IP assigned securely. Resuming generation...
[2026-07-24 22:33:57] [Generator] Extracting verified commercial leads for [Doctor] in [Delhi]...
[2026-07-24 22:33:58] [Network] Rotating Realme 8 Mobile Data for fresh IP & maximum anonymity...
[2026-07-24 22:33:59] [Network] Rotating Realme 8 Mobile Data for fresh IP & maximum anonymity...
[2026-07-24 22:34:07] [Network] Fresh IP assigned securely. Resuming generation...
[2026-07-24 22:34:07] [Generator] Extracting verified commercial leads for [E-commerce] in [Chennai]...
[2026-07-24 22:34:08] [Network] Fresh IP assigned securely. Resuming generation...
[2026-07-24 22:34:08] [Generator] Extracting verified commercial leads for [Doctor] in [Hyderabad]...
[2026-07-24 22:34:09] [Network] Rotating Realme 8 Mobile Data for fresh IP & maximum anonymity...
[2026-07-24 22:34:10] [Network] Rotating Realme 8 Mobile Data for fresh IP & maximum anonymity...
[2026-07-24 22:34:19] [Network] Fresh IP assigned securely. Resuming generation...
[2026-07-24 22:34:19] [Generator] Extracting verified commercial leads for [E-commerce] in [Ahmedabad]...
[2026-07-24 22:34:19] [Network] Fresh IP assigned securely. Resuming generation...
[2026-07-24 22:34:19] [Generator] Extracting verified commercial leads for [Doctor] in [Chennai]...
[2026-07-24 22:34:21] [Network] Rotating Realme 8 Mobile Data for fresh IP & maximum anonymity...
[2026-07-24 22:34:21] [Network] Rotating Realme 8 Mobile Data for fresh IP & maximum anonymity...
[2026-07-24 22:34:30] [Network] Fresh IP assigned securely. Resuming generation...
[2026-07-24 22:34:30] [Generator] Extracting verified commercial leads for [E-commerce] in [Jaipur]...
[2026-07-24 22:34:30] [Network] Fresh IP assigned securely. Resuming generation...
[2026-07-24 22:34:30] [Generator] Extracting verified commercial leads for [Doctor] in [Ahmedabad]...
[2026-07-24 22:34:32] [Network] Rotating Realme 8 Mobile Data for fresh IP & maximum anonymity...
[2026-07-24 22:34:32] [Network] Rotating Realme 8 Mobile Data for fresh IP & maximum anonymity...
[2026-07-24 22:34:41] [Network] Fresh IP assigned securely. Resuming generation...
[2026-07-24 22:34:41] [Generator] Extracting verified commercial leads for [Interior Designer] in [Indore]...
[2026-07-24 22:34:41] [Network] Fresh IP assigned securely. Resuming generation...
[2026-07-24 22:34:41] [Generator] Extracting verified commercial leads for [Doctor] in [Jaipur]...
[2026-07-24 22:34:43] [Network] Rotating Realme 8 Mobile Data for fresh IP & maximum anonymity...
[2026-07-24 22:34:43] [Network] Rotating Realme 8 Mobile Data for fresh IP & maximum anonymity...
[2026-07-24 22:34:52] [Network] Fresh IP assigned securely. Resuming generation...
[2026-07-24 22:34:52] [Generator] Extracting verified commercial leads for [Interior Designer] in [Bhopal]...
[2026-07-24 22:34:53] [Network] Fresh IP assigned securely. Resuming generation...
[2026-07-24 22:34:53] [Generator] Extracting verified commercial leads for [Gym] in [Indore]...
[2026-07-24 22:34:54] [Network] Rotating Realme 8 Mobile Data for fresh IP & maximum anonymity...
[2026-07-24 22:34:55] [Network] Rotating Realme 8 Mobile Data for fresh IP & maximum anonymity...
[2026-07-24 22:35:03] === Starting High-Scale 2000-5000+ Lead Generation Cycle ==-
[2026-07-24 22:35:03] [Network] Rotating Realme 8 Mobile Data for fresh IP & maximum anonymity...
[2026-07-24 22:35:03] [Network] Fresh IP assigned securely. Resuming generation...
[2026-07-24 22:35:03] [Generator] Extracting verified commercial leads for [Interior Designer] in [Pune]...
[2026-07-24 22:35:04] [Network] Fresh IP assigned securely. Resuming generation...
[2026-07-24 22:35:04] [Generator] Extracting verified commercial leads for [Gym] in [Bhopal]...
[2026-07-24 22:35:05] [Network] Rotating Realme 8 Mobile Data for fresh IP & maximum anonymity...
[2026-07-24 22:35:06] [Network] Rotating Realme 8 Mobile Data for fresh IP & maximum anonymity...
[2026-07-24 22:35:12] [Network] Fresh IP assigned securely. Resuming generation...
[2026-07-24 22:35:12] [Generator] Extracting verified commercial leads for [Digital Agency] in [Indore]...
[2026-07-24 22:35:14] [Network] Rotating Realme 8 Mobile Data for fresh IP & maximum anonymity...
[2026-07-24 22:35:14] [Network] Fresh IP assigned securely. Resuming generation...
[2026-07-24 22:35:14] [Generator] Extracting verified commercial leads for [Interior Designer] in [Mumbai]...
[2026-07-24 22:35:15] [Network] Fresh IP assigned securely. Resuming generation...
[2026-07-24 22:35:15] [Generator] Extracting verified commercial leads for [Gym] in [Pune]...
[2026-07-24 22:35:16] [Network] Rotating Realme 8 Mobile Data for fresh IP & maximum anonymity...
[2026-07-24 22:35:17] [Network] Rotating Realme 8 Mobile Data for fresh IP & maximum anonymity...
[2026-07-24 22:35:23] [Network] Fresh IP assigned securely. Resuming generation...
[2026-07-24 22:35:23] [Generator] Extracting verified commercial leads for [Digital Agency] in [Bhopal]...
[2026-07-24 22:35:25] [Network] Rotating Realme 8 Mobile Data for fresh IP & maximum anonymity...
[2026-07-24 22:35:25] [Network] Fresh IP assigned securely. Resuming generation...
[2026-07-24 22:35:25] [Generator] Extracting verified commercial leads for [Interior Designer] in [Bangalore]...
[2026-07-24 22:35:26] [Network] Fresh IP assigned securely. Resuming generation...
[2026-07-24 22:35:26] [Generator] Extracting verified commercial leads for [Gym] in [Mumbai]...
[2026-07-24 22:35:27] [Network] Rotating Realme 8 Mobile Data for fresh IP & maximum anonymity...
[2026-07-24 22:35:28] [Network] Rotating Realme 8 Mobile Data for fresh IP & maximum anonymity...
[2026-07-24 22:35:34] [Network] Fresh IP assigned securely. Resuming generation...
[2026-07-24 22:35:34] [Generator] Extracting verified commercial leads for [Digital Agency] in [Pune]...
[2026-07-24 22:35:36] [Network] Rotating Realme 8 Mobile Data for fresh IP & maximum anonymity...
[2026-07-24 22:35:37] [Network] Fresh IP assigned securely. Resuming generation...
[2026-07-24 22:35:37] [Generator] Extracting verified commercial leads for [Interior Designer] in [Delhi]...
[2026-07-24 22:35:37] [Network] Fresh IP assigned securely. Resuming generation...
[2026-07-24 22:35:37] [Generator] Extracting verified commercial leads for [Gym] in [Bangalore]...
[2026-07-24 22:35:39] [Network] Rotating Realme 8 Mobile Data for fresh IP & maximum anonymity...
[2026-07-24 22:35:39] [Network] Rotating Realme 8 Mobile Data for fresh IP & maximum anonymity...
[2026-07-24 22:35:45] [Network] Fresh IP assigned securely. Resuming generation...
[2026-07-24 22:35:45] [Generator] Extracting verified commercial leads for [Digital Agency] in [Mumbai]...
[2026-07-24 22:35:47] [Network] Rotating Realme 8 Mobile Data for fresh IP & maximum anonymity...
[2026-07-24 22:35:48] [Network] Fresh IP assigned securely. Resuming generation...
[2026-07-24 22:35:48] [Generator] Extracting verified commercial leads for [Interior Designer] in [Hyderabad]...
[2026-07-24 22:35:48] [Network] Fresh IP assigned securely. Resuming generation...
[2026-07-24 22:35:48] [Generator] Extracting verified commercial leads for [Gym] in [Delhi]...
[2026-07-24 22:35:50] [Network] Rotating Realme 8 Mobile Data for fresh IP & maximum anonymity...
[2026-07-24 22:35:50] [Network] Rotating Realme 8 Mobile Data for fresh IP & maximum anonymity...
[2026-07-24 22:35:56] [Network] Fresh IP assigned securely. Resuming generation...
[2026-07-24 22:35:56] [Generator] Extracting verified commercial leads for [Digital Agency] in [Bangalore]...
[2026-07-24 22:35:58] [Network] Rotating Realme 8 Mobile Data for fresh IP & maximum anonymity...
[2026-07-24 22:35:59] [Network] Fresh IP assigned securely. Resuming generation...
[2026-07-24 22:35:59] [Generator] Extracting verified commercial leads for [Interior Designer] in [Chennai]...
[2026-07-24 22:35:59] [Network] Fresh IP assigned securely. Resuming generation...
[2026-07-24 22:35:59] [Generator] Extracting verified commercial leads for [Gym] in [Hyderabad]...
[2026-07-24 22:36:01] [Network] Rotating Realme 8 Mobile Data for fresh IP & maximum anonymity...
[2026-07-24 22:36:01] [Network] Rotating Realme 8 Mobile Data for fresh IP & maximum anonymity...
[2026-07-24 22:36:08] [Network] Fresh IP assigned securely. Resuming generation...
[2026-07-24 22:36:08] [Generator] Extracting verified commercial leads for [Digital Agency] in [Delhi]...
[2026-07-24 22:36:10] [Network] Rotating Realme 8 Mobile Data for fresh IP & maximum anonymity...
[2026-07-24 22:36:10] [Network] Fresh IP assigned securely. Resuming generation...
[2026-07-24 22:36:10] [Generator] Extracting verified commercial leads for [Interior Designer] in [Ahmedabad]...
[2026-07-24 22:36:11] [Network] Fresh IP assigned securely. Resuming generation...
[2026-07-24 22:36:11] [Generator] Extracting verified commercial leads for [Gym] in [Chennai]...
[2026-07-24 22:36:12] [Network] Rotating Realme 8 Mobile Data for fresh IP & maximum anonymity...
[2026-07-24 22:36:13] [Network] Rotating Realme 8 Mobile Data for fresh IP & maximum anonymity...
[2026-07-24 22:36:19] [Network] Fresh IP assigned securely. Resuming generation...
[2026-07-24 22:36:19] [Generator] Extracting verified commercial leads for [Digital Agency] in [Hyderabad]...
[2026-07-24 22:36:21] [Network] Rotating Realme 8 Mobile Data for fresh IP & maximum anonymity...
[2026-07-24 22:36:21] [Network] Fresh IP assigned securely. Resuming generation...
[2026-07-24 22:36:21] [Generator] Extracting verified commercial leads for [Interior Designer] in [Jaipur]...
[2026-07-24 22:36:22] [Network] Fresh IP assigned securely. Resuming generation...
[2026-07-24 22:36:22] [Generator] Extracting verified commercial leads for [Gym] in [Ahmedabad]...
[2026-07-24 22:36:23] [Network] Rotating Realme 8 Mobile Data for fresh IP & maximum anonymity...
[2026-07-24 22:36:24] [Network] Rotating Realme 8 Mobile Data for fresh IP & maximum anonymity...
[2026-07-24 22:36:30] [Network] Fresh IP assigned securely. Resuming generation...
[2026-07-24 22:36:30] [Generator] Extracting verified commercial leads for [Digital Agency] in [Chennai]...
[2026-07-24 22:36:32] [Network] Rotating Realme 8 Mobile Data for fresh IP & maximum anonymity...
[2026-07-24 22:36:32] [Network] Fresh IP assigned securely. Resuming generation...
[2026-07-24 22:36:32] [Generator] Extracting verified commercial leads for [Hotel] in [Indore]...
[2026-07-24 22:36:33] [Network] Fresh IP assigned securely. Resuming generation...
[2026-07-24 22:36:33] [Generator] Extracting verified commercial leads for [Gym] in [Jaipur]...
[2026-07-24 22:36:34] [Network] Rotating Realme 8 Mobile Data for fresh IP & maximum anonymity...
[2026-07-24 22:36:35] [Network] Rotating Realme 8 Mobile Data for fresh IP & maximum anonymity...
[2026-07-24 22:36:41] [Network] Fresh IP assigned securely. Resuming generation...
[2026-07-24 22:36:41] [Generator] Extracting verified commercial leads for [Digital Agency] in [Ahmedabad]...
[2026-07-24 22:36:43] [Network] Rotating Realme 8 Mobile Data for fresh IP & maximum anonymity...
[2026-07-24 22:36:43] [Network] Fresh IP assigned securely. Resuming generation...
[2026-07-24 22:36:43] [Generator] Extracting verified commercial leads for [Hotel] in [Bhopal]...
[2026-07-24 22:36:44] [Network] Fresh IP assigned securely. Resuming generation...
[2026-07-24 22:36:44] [Generator] Extracting verified commercial leads for [Lawyer] in [Indore]...
[2026-07-24 22:36:45] [Network] Rotating Realme 8 Mobile Data for fresh IP & maximum anonymity...
[2026-07-24 22:36:46] [Network] Rotating Realme 8 Mobile Data for fresh IP & maximum anonymity...
[2026-07-24 22:36:52] [Network] Fresh IP assigned securely. Resuming generation...
[2026-07-24 22:36:52] [Generator] Extracting verified commercial leads for [Digital Agency] in [Jaipur]...
[2026-07-24 22:36:54] [Network] Rotating Realme 8 Mobile Data for fresh IP & maximum anonymity...
[2026-07-24 22:36:55] [Network] Fresh IP assigned securely. Resuming generation...
[2026-07-24 22:36:55] [Generator] Extracting verified commercial leads for [Hotel] in [Pune]...
[2026-07-24 22:36:55] [Network] Fresh IP assigned securely. Resuming generation...
[2026-07-24 22:36:55] [Generator] Extracting verified commercial leads for [Lawyer] in [Bhopal]...
[2026-07-24 22:36:57] [Network] Rotating Realme 8 Mobile Data for fresh IP & maximum anonymity...
[2026-07-24 22:36:57] [Network] Rotating Realme 8 Mobile Data for fresh IP & maximum anonymity...
[2026-07-24 22:37:03] [Network] Fresh IP assigned securely. Resuming generation...
[2026-07-24 22:37:03] [Generator] Extracting verified commercial leads for [Real Estate] in [Indore]...
[2026-07-24 22:37:05] [Network] Rotating Realme 8 Mobile Data for fresh IP & maximum anonymity...
[2026-07-24 22:37:06] [Network] Fresh IP assigned securely. Resuming generation...
[2026-07-24 22:37:06] [Generator] Extracting verified commercial leads for [Hotel] in [Mumbai]...
[2026-07-24 22:37:06] [Network] Fresh IP assigned securely. Resuming generation...
[2026-07-24 22:37:06] [Generator] Extracting verified commercial leads for [Lawyer] in [Pune]...
[2026-07-24 22:37:08] [Network] Rotating Realme 8 Mobile Data for fresh IP & maximum anonymity...
[2026-07-24 22:37:08] [Network] Rotating Realme 8 Mobile Data for fresh IP & maximum anonymity...
[2026-07-24 22:37:14] [Network] Fresh IP assigned securely. Resuming generation...
[2026-07-24 22:37:14] [Generator] Extracting verified commercial leads for [Real Estate] in [Bhopal]...
[2026-07-24 22:37:16] [Network] Rotating Realme 8 Mobile Data for fresh IP & maximum anonymity...
[2026-07-24 22:37:17] [Network] Fresh IP assigned securely. Resuming generation...
[2026-07-24 22:37:17] [Generator] Extracting verified commercial leads for [Hotel] in [Bangalore]...
[2026-07-24 22:37:17] [Network] Fresh IP assigned securely. Resuming generation...
[2026-07-24 22:37:17] [Generator] Extracting verified commercial leads for [Lawyer] in [Mumbai]...
[2026-07-24 22:37:19] [Network] Rotating Realme 8 Mobile Data for fresh IP & maximum anonymity...
[2026-07-24 22:37:19] [Network] Rotating Realme 8 Mobile Data for fresh IP & maximum anonymity...
[2026-07-24 22:37:25] [Network] Fresh IP assigned securely. Resuming generation...
[2026-07-24 22:37:25] [Generator] Extracting verified commercial leads for [Real Estate] in [Pune]...
[2026-07-24 22:37:28] [Network] Rotating Realme 8 Mobile Data for fresh IP & maximum anonymity...
[2026-07-24 22:37:28] [Network] Fresh IP assigned securely. Resuming generation...
[2026-07-24 22:37:28] [Generator] Extracting verified commercial leads for [Hotel] in [Delhi]...
[2026-07-24 22:37:29] [Network] Fresh IP assigned securely. Resuming generation...
[2026-07-24 22:37:29] [Generator] Extracting verified commercial leads for [Lawyer] in [Bangalore]...
[2026-07-24 22:37:30] [Network] Rotating Realme 8 Mobile Data for fresh IP & maximum anonymity...
[2026-07-24 22:37:31] [Network] Rotating Realme 8 Mobile Data for fresh IP & maximum anonymity...
[2026-07-24 22:37:37] [Network] Fresh IP assigned securely. Resuming generation...
[2026-07-24 22:37:37] [Generator] Extracting verified commercial leads for [Real Estate] in [Mumbai]...
[2026-07-24 22:37:39] [Network] Rotating Realme 8 Mobile Data for fresh IP & maximum anonymity...
[2026-07-24 22:37:39] [Network] Fresh IP assigned securely. Resuming generation...
[2026-07-24 22:37:39] [Generator] Extracting verified commercial leads for [Hotel] in [Hyderabad]...
[2026-07-24 22:37:40] [Network] Fresh IP assigned securely. Resuming generation...
[2026-07-24 22:37:40] [Generator] Extracting verified commercial leads for [Lawyer] in [Delhi]...
[2026-07-24 22:37:41] [Network] Rotating Realme 8 Mobile Data for fresh IP & maximum anonymity...
[2026-07-24 22:37:42] [Network] Rotating Realme 8 Mobile Data for fresh IP & maximum anonymity...
[2026-07-24 22:37:48] [Network] Fresh IP assigned securely. Resuming generation...
[2026-07-24 22:37:48] [Generator] Extracting verified commercial leads for [Real Estate] in [Bangalore]...
[2026-07-24 22:37:50] [Network] Rotating Realme 8 Mobile Data for fresh IP & maximum anonymity...
[2026-07-24 22:37:50] [Network] Fresh IP assigned securely. Resuming generation...
[2026-07-24 22:37:50] [Generator] Extracting verified commercial leads for [Hotel] in [Chennai]...
[2026-07-24 22:37:51] [Network] Fresh IP assigned securely. Resuming generation...
[2026-07-24 22:37:51] [Generator] Extracting verified commercial leads for [Lawyer] in [Hyderabad]...
[2026-07-24 22:37:52] [Network] Rotating Realme 8 Mobile Data for fresh IP & maximum anonymity...
[2026-07-24 22:37:53] [Network] Rotating Realme 8 Mobile Data for fresh IP & maximum anonymity...
[2026-07-24 22:37:59] [Network] Fresh IP assigned securely. Resuming generation...
[2026-07-24 22:37:59] [Generator] Extracting verified commercial leads for [Real Estate] in [Delhi]...
[2026-07-24 22:38:01] [Network] Rotating Realme 8 Mobile Data for fresh IP & maximum anonymity...
[2026-07-24 22:38:02] [Network] Fresh IP assigned securely. Resuming generation...
[2026-07-24 22:38:02] [Generator] Extracting verified commercial leads for [Hotel] in [Ahmedabad]...
[2026-07-24 22:38:02] [Network] Fresh IP assigned securely. Resuming generation...
[2026-07-24 22:38:02] [Generator] Extracting verified commercial leads for [Lawyer] in [Chennai]...
[2026-07-24 22:38:04] [Network] Rotating Realme 8 Mobile Data for fresh IP & maximum anonymity...
[2026-07-24 22:38:04] [Network] Rotating Realme 8 Mobile Data for fresh IP & maximum anonymity...
[2026-07-24 22:38:10] [Network] Fresh IP assigned securely. Resuming generation...
[2026-07-24 22:38:10] [Generator] Extracting verified commercial leads for [Real Estate] in [Hyderabad]...
[2026-07-24 22:38:12] [Network] Rotating Realme 8 Mobile Data for fresh IP & maximum anonymity...
[2026-07-24 22:38:13] [Network] Fresh IP assigned securely. Resuming generation...
[2026-07-24 22:38:13] [Generator] Extracting verified commercial leads for [Hotel] in [Jaipur]...
[2026-07-24 22:38:13] [Network] Fresh IP assigned securely. Resuming generation...
[2026-07-24 22:38:13] [Generator] Extracting verified commercial leads for [Lawyer] in [Ahmedabad]...
[2026-07-24 22:38:15] [SUCCESS] Cycle complete! Total database volume: 200 leads. Added 0 fresh leads.
[2026-07-24 22:38:15] === Batch resting for 4 hours to simulate natural traffic and stay safe ===
[2026-07-24 22:38:15] [Network] Rotating Realme 8 Mobile Data for fresh IP & maximum anonymity...
[2026-07-24 22:38:21] [Network] Fresh IP assigned securely. Resuming generation...
[2026-07-24 22:38:21] [Generator] Extracting verified commercial leads for [Real Estate] in [Chennai]...
[2026-07-24 22:38:23] [Network] Rotating Realme 8 Mobile Data for fresh IP & maximum anonymity...
[2026-07-24 22:38:24] [Network] Fresh IP assigned securely. Resuming generation...
[2026-07-24 22:38:24] [Generator] Extracting verified commercial leads for [Lawyer] in [Jaipur]...
[2026-07-24 22:38:26] [Network] Rotating Realme 8 Mobile Data for fresh IP & maximum anonymity...
[2026-07-24 22:38:32] [Network] Fresh IP assigned securely. Resuming generation...
[2026-07-24 22:38:32] [Generator] Extracting verified commercial leads for [Real Estate] in [Ahmedabad]...
[2026-07-24 22:38:34] [Network] Rotating Realme 8 Mobile Data for fresh IP & maximum anonymity...
[2026-07-24 22:38:35] [Network] Fresh IP assigned securely. Resuming generation...
[2026-07-24 22:38:35] [Generator] Extracting verified commercial leads for [E-commerce] in [Indore]...
[2026-07-24 22:38:37] [Network] Rotating Realme 8 Mobile Data for fresh IP & maximum anonymity...
[2026-07-24 22:38:44] [Network] Fresh IP assigned securely. Resuming generation...
[2026-07-24 22:38:44] [Generator] Extracting verified commercial leads for [Real Estate] in [Jaipur]...
[2026-07-24 22:38:46] [Network] Rotating Realme 8 Mobile Data for fresh IP & maximum anonymity...
[2026-07-24 22:38:47] [Network] Fresh IP assigned securely. Resuming generation...
[2026-07-24 22:38:47] [Generator] Extracting verified commercial leads for [E-commerce] in [Bhopal]...
[2026-07-24 22:38:49] [Network] Rotating Realme 8 Mobile Data for fresh IP & maximum anonymity...
[2026-07-24 22:38:55] [Network] Fresh IP assigned securely. Resuming generation...
[2026-07-24 22:38:55] [Generator] Extracting verified commercial leads for [Restaurant] in [Indore]...
[2026-07-24 22:38:57] [Network] Rotating Realme 8 Mobile Data for fresh IP & maximum anonymity...
[2026-07-24 22:38:58] [Network] Fresh IP assigned securely. Resuming generation...
[2026-07-24 22:38:58] [Generator] Extracting verified commercial leads for [E-commerce] in [Pune]...
[2026-07-24 22:39:00] [Network] Rotating Realme 8 Mobile Data for fresh IP & maximum anonymity...
[2026-07-24 22:39:06] [Network] Fresh IP assigned securely. Resuming generation...
[2026-07-24 22:39:06] [Generator] Extracting verified commercial leads for [Restaurant] in [Bhopal]...
[2026-07-24 22:39:08] [Network] Rotating Realme 8 Mobile Data for fresh IP & maximum anonymity...
[2026-07-24 22:39:09] [Network] Fresh IP assigned securely. Resuming generation...
[2026-07-24 22:39:09] [Generator] Extracting verified commercial leads for [E-commerce] in [Mumbai]...
[2026-07-24 22:39:11] [Network] Rotating Realme 8 Mobile Data for fresh IP & maximum anonymity...
[2026-07-24 22:39:17] [Network] Fresh IP assigned securely. Resuming generation...
[2026-07-24 22:39:17] [Generator] Extracting verified commercial leads for [Restaurant] in [Pune]...
[2026-07-24 22:39:19] [Network] Rotating Realme 8 Mobile Data for fresh IP & maximum anonymity...
[2026-07-24 22:39:20] [Network] Fresh IP assigned securely. Resuming generation...
[2026-07-24 22:39:20] [Generator] Extracting verified commercial leads for [E-commerce] in [Bangalore]...
[2026-07-24 22:39:22] [Network] Rotating Realme 8 Mobile Data for fresh IP & maximum anonymity...
[2026-07-24 22:39:28] [Network] Fresh IP assigned securely. Resuming generation...
[2026-07-24 22:39:28] [Generator] Extracting verified commercial leads for [Restaurant] in [Mumbai]...
[2026-07-24 22:39:30] [Network] Rotating Realme 8 Mobile Data for fresh IP & maximum anonymity...
[2026-07-24 22:39:31] [Network] Fresh IP assigned securely. Resuming generation...
[2026-07-24 22:39:31] [Generator] Extracting verified commercial leads for [E-commerce] in [Delhi]...
[2026-07-24 22:39:33] [Network] Rotating Realme 8 Mobile Data for fresh IP & maximum anonymity...
[2026-07-24 22:39:39] [Network] Fresh IP assigned securely. Resuming generation...
[2026-07-24 22:39:39] [Generator] Extracting verified commercial leads for [Restaurant] in [Bangalore]...
[2026-07-24 22:39:41] [Network] Rotating Realme 8 Mobile Data for fresh IP & maximum anonymity...
[2026-07-24 22:39:42] [Network] Fresh IP assigned securely. Resuming generation...
[2026-07-24 22:39:42] [Generator] Extracting verified commercial leads for [E-commerce] in [Hyderabad]...
[2026-07-24 22:39:44] [Network] Rotating Realme 8 Mobile Data for fresh IP & maximum anonymity...
[2026-07-24 22:39:50] [Network] Fresh IP assigned securely. Resuming generation...
[2026-07-24 22:39:50] [Generator] Extracting verified commercial leads for [Restaurant] in [Delhi]...
[2026-07-24 22:39:52] [Network] Rotating Realme 8 Mobile Data for fresh IP & maximum anonymity...
[2026-07-24 22:39:53] [Network] Fresh IP assigned securely. Resuming generation...
[2026-07-24 22:39:53] [Generator] Extracting verified commercial leads for [E-commerce] in [Chennai]...
[2026-07-24 22:39:55] [Network] Rotating Realme 8 Mobile Data for fresh IP & maximum anonymity...
[2026-07-24 22:40:02] [Network] Fresh IP assigned securely. Resuming generation...
[2026-07-24 22:40:02] [Generator] Extracting verified commercial leads for [Restaurant] in [Hyderabad]...
[2026-07-24 22:40:04] [Network] Rotating Realme 8 Mobile Data for fresh IP & maximum anonymity...
[2026-07-24 22:40:05] [Network] Fresh IP assigned securely. Resuming generation...
[2026-07-24 22:40:05] [Generator] Extracting verified commercial leads for [E-commerce] in [Ahmedabad]...
[2026-07-24 22:40:07] [Network] Rotating Realme 8 Mobile Data for fresh IP & maximum anonymity...
[2026-07-24 22:40:13] [Network] Fresh IP assigned securely. Resuming generation...
[2026-07-24 22:40:13] [Generator] Extracting verified commercial leads for [Restaurant] in [Chennai]...
[2026-07-24 22:40:15] [Network] Rotating Realme 8 Mobile Data for fresh IP & maximum anonymity...
[2026-07-24 22:40:16] [Network] Fresh IP assigned securely. Resuming generation...
[2026-07-24 22:40:16] [Generator] Extracting verified commercial leads for [E-commerce] in [Jaipur]...
[2026-07-24 22:40:18] [Network] Rotating Realme 8 Mobile Data for fresh IP & maximum anonymity...
[2026-07-24 22:40:24] [Network] Fresh IP assigned securely. Resuming generation...
[2026-07-24 22:40:24] [Generator] Extracting verified commercial leads for [Restaurant] in [Ahmedabad]...
[2026-07-24 22:40:26] [Network] Rotating Realme 8 Mobile Data for fresh IP & maximum anonymity...
[2026-07-24 22:40:27] [Network] Fresh IP assigned securely. Resuming generation...
[2026-07-24 22:40:27] [Generator] Extracting verified commercial leads for [Interior Designer] in [Indore]...
[2026-07-24 22:40:29] [Network] Rotating Realme 8 Mobile Data for fresh IP & maximum anonymity...
[2026-07-24 22:40:35] [Network] Fresh IP assigned securely. Resuming generation...
[2026-07-24 22:40:35] [Generator] Extracting verified commercial leads for [Restaurant] in [Jaipur]...
[2026-07-24 22:40:37] [Network] Rotating Realme 8 Mobile Data for fresh IP & maximum anonymity...
[2026-07-24 22:40:38] [Network] Fresh IP assigned securely. Resuming generation...
[2026-07-24 22:40:38] [Generator] Extracting verified commercial leads for [Interior Designer] in [Bhopal]...
[2026-07-24 22:40:40] [Network] Rotating Realme 8 Mobile Data for fresh IP & maximum anonymity...
[2026-07-24 22:40:46] [Network] Fresh IP assigned securely. Resuming generation...
[2026-07-24 22:40:46] [Generator] Extracting verified commercial leads for [Coaching Institute] in [Indore]...
[2026-07-24 22:40:48] [Network] Rotating Realme 8 Mobile Data for fresh IP & maximum anonymity...
[2026-07-24 22:40:49] [Network] Fresh IP assigned securely. Resuming generation...
[2026-07-24 22:40:49] [Generator] Extracting verified commercial leads for [Interior Designer] in [Pune]...
[2026-07-24 22:40:51] [Network] Rotating Realme 8 Mobile Data for fresh IP & maximum anonymity...
[2026-07-24 22:40:57] [Network] Fresh IP assigned securely. Resuming generation...
[2026-07-24 22:40:57] [Generator] Extracting verified commercial leads for [Coaching Institute] in [Bhopal]...
[2026-07-24 22:40:59] [Network] Rotating Realme 8 Mobile Data for fresh IP & maximum anonymity...
[2026-07-24 22:41:00] [Network] Fresh IP assigned securely. Resuming generation...
[2026-07-24 22:41:00] [Generator] Extracting verified commercial leads for [Interior Designer] in [Mumbai]...
[2026-07-24 22:41:02] [Network] Rotating Realme 8 Mobile Data for fresh IP & maximum anonymity...
[2026-07-24 22:41:08] [Network] Fresh IP assigned securely. Resuming generation...
[2026-07-24 22:41:08] [Generator] Extracting verified commercial leads for [Coaching Institute] in [Pune]...
[2026-07-24 22:41:10] [Network] Rotating Realme 8 Mobile Data for fresh IP & maximum anonymity...
[2026-07-24 22:41:12] [Network] Fresh IP assigned securely. Resuming generation...
[2026-07-24 22:41:12] [Generator] Extracting verified commercial leads for [Interior Designer] in [Bangalore]...
[2026-07-24 22:41:14] [Network] Rotating Realme 8 Mobile Data for fresh IP & maximum anonymity...
[2026-07-24 22:41:20] [Network] Fresh IP assigned securely. Resuming generation...
[2026-07-24 22:41:20] [Generator] Extracting verified commercial leads for [Coaching Institute] in [Mumbai]...
[2026-07-24 22:41:22] [Network] Rotating Realme 8 Mobile Data for fresh IP & maximum anonymity...
[2026-07-24 22:41:23] [Network] Fresh IP assigned securely. Resuming generation...
[2026-07-24 22:41:23] [Generator] Extracting verified commercial leads for [Interior Designer] in [Delhi]...
[2026-07-24 22:41:25] [Network] Rotating Realme 8 Mobile Data for fresh IP & maximum anonymity...
[2026-07-24 22:41:31] [Network] Fresh IP assigned securely. Resuming generation...
[2026-07-24 22:41:31] [Generator] Extracting verified commercial leads for [Coaching Institute] in [Bangalore]...
[2026-07-24 22:41:33] [Network] Rotating Realme 8 Mobile Data for fresh IP & maximum anonymity...
[2026-07-24 22:41:34] [Network] Fresh IP assigned securely. Resuming generation...
[2026-07-24 22:41:34] [Generator] Extracting verified commercial leads for [Interior Designer] in [Hyderabad]...
[2026-07-24 22:41:36] [Network] Rotating Realme 8 Mobile Data for fresh IP & maximum anonymity...
[2026-07-24 22:41:42] [Network] Fresh IP assigned securely. Resuming generation...
[2026-07-24 22:41:42] [Generator] Extracting verified commercial leads for [Coaching Institute] in [Delhi]...
[2026-07-24 22:41:44] [Network] Rotating Realme 8 Mobile Data for fresh IP & maximum anonymity...
[2026-07-24 22:41:45] [Network] Fresh IP assigned securely. Resuming generation...
[2026-07-24 22:41:45] [Generator] Extracting verified commercial leads for [Interior Designer] in [Chennai]...
[2026-07-24 22:41:47] [Network] Rotating Realme 8 Mobile Data for fresh IP & maximum anonymity...
[2026-07-24 22:41:53] [Network] Fresh IP assigned securely. Resuming generation...
[2026-07-24 22:41:53] [Generator] Extracting verified commercial leads for [Coaching Institute] in [Hyderabad]...
[2026-07-24 22:41:55] [Network] Rotating Realme 8 Mobile Data for fresh IP & maximum anonymity...
[2026-07-24 22:41:56] [Network] Fresh IP assigned securely. Resuming generation...
[2026-07-24 22:41:56] [Generator] Extracting verified commercial leads for [Interior Designer] in [Ahmedabad]...
[2026-07-24 22:41:58] [Network] Rotating Realme 8 Mobile Data for fresh IP & maximum anonymity...
[2026-07-24 22:42:04] [Network] Fresh IP assigned securely. Resuming generation...
[2026-07-24 22:42:04] [Generator] Extracting verified commercial leads for [Coaching Institute] in [Chennai]...
[2026-07-24 22:42:06] [Network] Rotating Realme 8 Mobile Data for fresh IP & maximum anonymity...
[2026-07-24 22:42:07] [Network] Fresh IP assigned securely. Resuming generation...
[2026-07-24 22:42:07] [Generator] Extracting verified commercial leads for [Interior Designer] in [Jaipur]...
[2026-07-24 22:42:09] [Network] Rotating Realme 8 Mobile Data for fresh IP & maximum anonymity...
[2026-07-24 22:42:15] [Network] Fresh IP assigned securely. Resuming generation...
[2026-07-24 22:42:15] [Generator] Extracting verified commercial leads for [Coaching Institute] in [Ahmedabad]...
[2026-07-24 22:42:17] [Network] Rotating Realme 8 Mobile Data for fresh IP & maximum anonymity...
[2026-07-24 22:42:18] [Network] Fresh IP assigned securely. Resuming generation...
[2026-07-24 22:42:18] [Generator] Extracting verified commercial leads for [Hotel] in [Indore]...
[2026-07-24 22:42:20] [Network] Rotating Realme 8 Mobile Data for fresh IP & maximum anonymity...
[2026-07-24 22:42:27] [Network] Fresh IP assigned securely. Resuming generation...
[2026-07-24 22:42:27] [Generator] Extracting verified commercial leads for [Coaching Institute] in [Jaipur]...
[2026-07-24 22:42:29] [Network] Rotating Realme 8 Mobile Data for fresh IP & maximum anonymity...
[2026-07-24 22:42:30] [Network] Fresh IP assigned securely. Resuming generation...
[2026-07-24 22:42:30] [Generator] Extracting verified commercial leads for [Hotel] in [Bhopal]...
[2026-07-24 22:42:32] [Network] Rotating Realme 8 Mobile Data for fresh IP & maximum anonymity...
[2026-07-24 22:42:38] [Network] Fresh IP assigned securely. Resuming generation...
[2026-07-24 22:42:38] [Generator] Extracting verified commercial leads for [Doctor] in [Indore]...
[2026-07-24 22:42:40] [Network] Rotating Realme 8 Mobile Data for fresh IP & maximum anonymity...
[2026-07-24 22:42:41] [Network] Fresh IP assigned securely. Resuming generation...
[2026-07-24 22:42:41] [Generator] Extracting verified commercial leads for [Hotel] in [Pune]...
[2026-07-24 22:42:43] [Network] Rotating Realme 8 Mobile Data for fresh IP & maximum anonymity...
[2026-07-24 22:42:49] [Network] Fresh IP assigned securely. Resuming generation...
[2026-07-24 22:42:49] [Generator] Extracting verified commercial leads for [Doctor] in [Bhopal]...
[2026-07-24 22:42:51] [Network] Rotating Realme 8 Mobile Data for fresh IP & maximum anonymity...
[2026-07-24 22:42:52] [Network] Fresh IP assigned securely. Resuming generation...
[2026-07-24 22:42:52] [Generator] Extracting verified commercial leads for [Hotel] in [Mumbai]...
[2026-07-24 22:42:54] [Network] Rotating Realme 8 Mobile Data for fresh IP & maximum anonymity...
[2026-07-24 22:43:00] [Network] Fresh IP assigned securely. Resuming generation...
[2026-07-24 22:43:00] [Generator] Extracting verified commercial leads for [Doctor] in [Pune]...
[2026-07-24 22:43:02] [Network] Rotating Realme 8 Mobile Data for fresh IP & maximum anonymity...
[2026-07-24 22:43:03] [Network] Fresh IP assigned securely. Resuming generation...
[2026-07-24 22:43:03] [Generator] Extracting verified commercial leads for [Hotel] in [Bangalore]...
[2026-07-24 22:43:05] [Network] Rotating Realme 8 Mobile Data for fresh IP & maximum anonymity...
[2026-07-24 22:43:11] [Network] Fresh IP assigned securely. Resuming generation...
[2026-07-24 22:43:11] [Generator] Extracting verified commercial leads for [Doctor] in [Mumbai]...
[2026-07-24 22:43:13] [Network] Rotating Realme 8 Mobile Data for fresh IP & maximum anonymity...
[2026-07-24 22:43:14] [Network] Fresh IP assigned securely. Resuming generation...
[2026-07-24 22:43:14] [Generator] Extracting verified commercial leads for [Hotel] in [Delhi]...
[2026-07-24 22:43:16] [Network] Rotating Realme 8 Mobile Data for fresh IP & maximum anonymity...
[2026-07-24 22:43:22] [Network] Fresh IP assigned securely. Resuming generation...
[2026-07-24 22:43:22] [Generator] Extracting verified commercial leads for [Doctor] in [Bangalore]...
[2026-07-24 22:43:24] [Network] Rotating Realme 8 Mobile Data for fresh IP & maximum anonymity...
[2026-07-24 22:43:25] [Network] Fresh IP assigned securely. Resuming generation...
[2026-07-24 22:43:25] [Generator] Extracting verified commercial leads for [Hotel] in [Hyderabad]...
[2026-07-24 22:43:27] [Network] Rotating Realme 8 Mobile Data for fresh IP & maximum anonymity...
[2026-07-24 22:43:33] [Network] Fresh IP assigned securely. Resuming generation...
[2026-07-24 22:43:33] [Generator] Extracting verified commercial leads for [Doctor] in [Delhi]...
[2026-07-24 22:43:35] [Network] Rotating Realme 8 Mobile Data for fresh IP & maximum anonymity...
[2026-07-24 22:43:37] [Network] Fresh IP assigned securely. Resuming generation...
[2026-07-24 22:43:37] [Generator] Extracting verified commercial leads for [Hotel] in [Chennai]...
[2026-07-24 22:43:39] [Network] Rotating Realme 8 Mobile Data for fresh IP & maximum anonymity...
[2026-07-24 22:43:45] [Network] Fresh IP assigned securely. Resuming generation...
[2026-07-24 22:43:45] [Generator] Extracting verified commercial leads for [Doctor] in [Hyderabad]...
[2026-07-24 22:43:47] [Network] Rotating Realme 8 Mobile Data for fresh IP & maximum anonymity...
[2026-07-24 22:43:48] [Network] Fresh IP assigned securely. Resuming generation...
[2026-07-24 22:43:48] [Generator] Extracting verified commercial leads for [Hotel] in [Ahmedabad]...
[2026-07-24 22:43:50] [Network] Rotating Realme 8 Mobile Data for fresh IP & maximum anonymity...
[2026-07-24 22:43:56] [Network] Fresh IP assigned securely. Resuming generation...
[2026-07-24 22:43:56] [Generator] Extracting verified commercial leads for [Doctor] in [Chennai]...
[2026-07-24 22:43:58] [Network] Rotating Realme 8 Mobile Data for fresh IP & maximum anonymity...
[2026-07-24 22:43:59] [Network] Fresh IP assigned securely. Resuming generation...
[2026-07-24 22:43:59] [Generator] Extracting verified commercial leads for [Hotel] in [Jaipur]...
[2026-07-24 22:44:01] [SUCCESS] Cycle complete! Total database volume: 203 leads. Added 0 fresh leads.
[2026-07-24 22:44:01] === Batch resting for 4 hours to simulate natural traffic and stay safe ===
[2026-07-24 22:44:07] [Network] Fresh IP assigned securely. Resuming generation...
[2026-07-24 22:44:07] [Generator] Extracting verified commercial leads for [Doctor] in [Ahmedabad]...
[2026-07-24 22:44:09] [Network] Rotating Realme 8 Mobile Data for fresh IP & maximum anonymity...
[2026-07-24 22:44:18] [Network] Fresh IP assigned securely. Resuming generation...
[2026-07-24 22:44:18] [Generator] Extracting verified commercial leads for [Doctor] in [Jaipur]...
[2026-07-24 22:44:20] [Network] Rotating Realme 8 Mobile Data for fresh IP & maximum anonymity...
[2026-07-24 22:44:29] [Network] Fresh IP assigned securely. Resuming generation...
[2026-07-24 22:44:29] [Generator] Extracting verified commercial leads for [Gym] in [Indore]...
[2026-07-24 22:44:31] [Network] Rotating Realme 8 Mobile Data for fresh IP & maximum anonymity...
[2026-07-24 22:44:40] [Network] Fresh IP assigned securely. Resuming generation...
[2026-07-24 22:44:40] [Generator] Extracting verified commercial leads for [Gym] in [Bhopal]...
[2026-07-24 22:44:42] [Network] Rotating Realme 8 Mobile Data for fresh IP & maximum anonymity...
[2026-07-24 22:44:52] [Network] Fresh IP assigned securely. Resuming generation...
[2026-07-24 22:44:52] [Generator] Extracting verified commercial leads for [Gym] in [Pune]...
[2026-07-24 22:44:54] [Network] Rotating Realme 8 Mobile Data for fresh IP & maximum anonymity...
[2026-07-24 22:45:03] [Network] Fresh IP assigned securely. Resuming generation...
[2026-07-24 22:45:03] [Generator] Extracting verified commercial leads for [Gym] in [Mumbai]...
[2026-07-24 22:45:05] [Network] Rotating Realme 8 Mobile Data for fresh IP & maximum anonymity...
[2026-07-24 22:45:14] [Network] Fresh IP assigned securely. Resuming generation...
[2026-07-24 22:45:14] [Generator] Extracting verified commercial leads for [Gym] in [Bangalore]...
[2026-07-24 22:45:16] [Network] Rotating Realme 8 Mobile Data for fresh IP & maximum anonymity...
[2026-07-24 22:45:25] [Network] Fresh IP assigned securely. Resuming generation...
[2026-07-24 22:45:25] [Generator] Extracting verified commercial leads for [Gym] in [Delhi]...
[2026-07-24 22:45:27] [Network] Rotating Realme 8 Mobile Data for fresh IP & maximum anonymity...
[2026-07-24 22:45:36] [Network] Fresh IP assigned securely. Resuming generation...
[2026-07-24 22:45:36] [Generator] Extracting verified commercial leads for [Gym] in [Hyderabad]...
[2026-07-24 22:45:38] [Network] Rotating Realme 8 Mobile Data for fresh IP & maximum anonymity...
[2026-07-24 22:45:47] [Network] Fresh IP assigned securely. Resuming generation...
[2026-07-24 22:45:47] [Generator] Extracting verified commercial leads for [Gym] in [Chennai]...
[2026-07-24 22:45:49] [Network] Rotating Realme 8 Mobile Data for fresh IP & maximum anonymity...
[2026-07-24 22:45:58] [Network] Fresh IP assigned securely. Resuming generation...
[2026-07-24 22:45:58] [Generator] Extracting verified commercial leads for [Gym] in [Ahmedabad]...
[2026-07-24 22:46:00] [Network] Rotating Realme 8 Mobile Data for fresh IP & maximum anonymity...
[2026-07-24 22:46:10] [Network] Fresh IP assigned securely. Resuming generation...
[2026-07-24 22:46:10] [Generator] Extracting verified commercial leads for [Gym] in [Jaipur]...
[2026-07-24 22:46:12] [Network] Rotating Realme 8 Mobile Data for fresh IP & maximum anonymity...
[2026-07-24 22:46:21] [Network] Fresh IP assigned securely. Resuming generation...
[2026-07-24 22:46:21] [Generator] Extracting verified commercial leads for [Lawyer] in [Indore]...
[2026-07-24 22:46:23] [Network] Rotating Realme 8 Mobile Data for fresh IP & maximum anonymity...
[2026-07-24 22:46:32] [Network] Fresh IP assigned securely. Resuming generation...
[2026-07-24 22:46:32] [Generator] Extracting verified commercial leads for [Lawyer] in [Bhopal]...
[2026-07-24 22:46:34] [Network] Rotating Realme 8 Mobile Data for fresh IP & maximum anonymity...
[2026-07-24 22:46:43] [Network] Fresh IP assigned securely. Resuming generation...
[2026-07-24 22:46:43] [Generator] Extracting verified commercial leads for [Lawyer] in [Pune]...
[2026-07-24 22:46:45] [Network] Rotating Realme 8 Mobile Data for fresh IP & maximum anonymity...
[2026-07-24 22:46:54] [Network] Fresh IP assigned securely. Resuming generation...
[2026-07-24 22:46:54] [Generator] Extracting verified commercial leads for [Lawyer] in [Mumbai]...
[2026-07-24 22:46:56] [Network] Rotating Realme 8 Mobile Data for fresh IP & maximum anonymity...
[2026-07-24 22:47:05] [Network] Fresh IP assigned securely. Resuming generation...
[2026-07-24 22:47:05] [Generator] Extracting verified commercial leads for [Lawyer] in [Bangalore]...
[2026-07-24 22:47:07] [Network] Rotating Realme 8 Mobile Data for fresh IP & maximum anonymity...
[2026-07-24 22:47:17] [Network] Fresh IP assigned securely. Resuming generation...
[2026-07-24 22:47:17] [Generator] Extracting verified commercial leads for [Lawyer] in [Delhi]...
[2026-07-24 22:47:19] [Network] Rotating Realme 8 Mobile Data for fresh IP & maximum anonymity...
[2026-07-24 22:47:28] [Network] Fresh IP assigned securely. Resuming generation...
[2026-07-24 22:47:28] [Generator] Extracting verified commercial leads for [Lawyer] in [Hyderabad]...
[2026-07-24 22:47:30] [Network] Rotating Realme 8 Mobile Data for fresh IP & maximum anonymity...
[2026-07-24 22:47:39] [Network] Fresh IP assigned securely. Resuming generation...
[2026-07-24 22:47:39] [Generator] Extracting verified commercial leads for [Lawyer] in [Chennai]...
[2026-07-24 22:47:41] [Network] Rotating Realme 8 Mobile Data for fresh IP & maximum anonymity...
[2026-07-24 22:47:50] [Network] Fresh IP assigned securely. Resuming generation...
[2026-07-24 22:47:50] [Generator] Extracting verified commercial leads for [Lawyer] in [Ahmedabad]...
[2026-07-24 22:47:52] [Network] Rotating Realme 8 Mobile Data for fresh IP & maximum anonymity...
[2026-07-24 22:48:01] [Network] Fresh IP assigned securely. Resuming generation...
[2026-07-24 22:48:01] [Generator] Extracting verified commercial leads for [Lawyer] in [Jaipur]...
[2026-07-24 22:48:03] [Network] Rotating Realme 8 Mobile Data for fresh IP & maximum anonymity...
[2026-07-24 22:48:12] [Network] Fresh IP assigned securely. Resuming generation...
[2026-07-24 22:48:12] [Generator] Extracting verified commercial leads for [E-commerce] in [Indore]...
[2026-07-24 22:48:14] [Network] Rotating Realme 8 Mobile Data for fresh IP & maximum anonymity...
[2026-07-24 22:48:23] [Network] Fresh IP assigned securely. Resuming generation...
[2026-07-24 22:48:23] [Generator] Extracting verified commercial leads for [E-commerce] in [Bhopal]...
[2026-07-24 22:48:25] [Network] Rotating Realme 8 Mobile Data for fresh IP & maximum anonymity...
[2026-07-24 22:48:35] [Network] Fresh IP assigned securely. Resuming generation...
[2026-07-24 22:48:35] [Generator] Extracting verified commercial leads for [E-commerce] in [Pune]...
[2026-07-24 22:48:37] [Network] Rotating Realme 8 Mobile Data for fresh IP & maximum anonymity...
[2026-07-24 22:48:46] [Network] Fresh IP assigned securely. Resuming generation...
[2026-07-24 22:48:46] [Generator] Extracting verified commercial leads for [E-commerce] in [Mumbai]...
[2026-07-24 22:48:48] [Network] Rotating Realme 8 Mobile Data for fresh IP & maximum anonymity...
[2026-07-24 22:48:57] [Network] Fresh IP assigned securely. Resuming generation...
[2026-07-24 22:48:57] [Generator] Extracting verified commercial leads for [E-commerce] in [Bangalore]...
[2026-07-24 22:48:59] [Network] Rotating Realme 8 Mobile Data for fresh IP & maximum anonymity...
[2026-07-24 22:49:08] [Network] Fresh IP assigned securely. Resuming generation...
[2026-07-24 22:49:08] [Generator] Extracting verified commercial leads for [E-commerce] in [Delhi]...
[2026-07-24 22:49:10] [Network] Rotating Realme 8 Mobile Data for fresh IP & maximum anonymity...
[2026-07-24 22:49:19] [Network] Fresh IP assigned securely. Resuming generation...
[2026-07-24 22:49:19] [Generator] Extracting verified commercial leads for [E-commerce] in [Hyderabad]...
[2026-07-24 22:49:21] [Network] Rotating Realme 8 Mobile Data for fresh IP & maximum anonymity...
[2026-07-24 22:49:30] [Network] Fresh IP assigned securely. Resuming generation...
[2026-07-24 22:49:30] [Generator] Extracting verified commercial leads for [E-commerce] in [Chennai]...
[2026-07-24 22:49:32] [Network] Rotating Realme 8 Mobile Data for fresh IP & maximum anonymity...
[2026-07-24 22:49:42] [Network] Fresh IP assigned securely. Resuming generation...
[2026-07-24 22:49:42] [Generator] Extracting verified commercial leads for [E-commerce] in [Ahmedabad]...
[2026-07-24 22:49:44] [Network] Rotating Realme 8 Mobile Data for fresh IP & maximum anonymity...
[2026-07-24 22:49:53] [Network] Fresh IP assigned securely. Resuming generation...
[2026-07-24 22:49:53] [Generator] Extracting verified commercial leads for [E-commerce] in [Jaipur]...
[2026-07-24 22:49:55] [Network] Rotating Realme 8 Mobile Data for fresh IP & maximum anonymity...
[2026-07-24 22:50:04] [Network] Fresh IP assigned securely. Resuming generation...
[2026-07-24 22:50:04] [Generator] Extracting verified commercial leads for [Interior Designer] in [Indore]...
[2026-07-24 22:50:06] [Network] Rotating Realme 8 Mobile Data for fresh IP & maximum anonymity...
[2026-07-24 22:50:15] [Network] Fresh IP assigned securely. Resuming generation...
[2026-07-24 22:50:15] [Generator] Extracting verified commercial leads for [Interior Designer] in [Bhopal]...
[2026-07-24 22:50:17] [Network] Rotating Realme 8 Mobile Data for fresh IP & maximum anonymity...
[2026-07-24 22:50:26] [Network] Fresh IP assigned securely. Resuming generation...
[2026-07-24 22:50:26] [Generator] Extracting verified commercial leads for [Interior Designer] in [Pune]...
[2026-07-24 22:50:28] [Network] Rotating Realme 8 Mobile Data for fresh IP & maximum anonymity...
[2026-07-24 22:50:37] [Network] Fresh IP assigned securely. Resuming generation...
[2026-07-24 22:50:37] [Generator] Extracting verified commercial leads for [Interior Designer] in [Mumbai]...
[2026-07-24 22:50:39] [Network] Rotating Realme 8 Mobile Data for fresh IP & maximum anonymity...
[2026-07-24 22:50:48] [Network] Fresh IP assigned securely. Resuming generation...
[2026-07-24 22:50:48] [Generator] Extracting verified commercial leads for [Interior Designer] in [Bangalore]...
[2026-07-24 22:50:50] [Network] Rotating Realme 8 Mobile Data for fresh IP & maximum anonymity...
[2026-07-24 22:51:00] [Network] Fresh IP assigned securely. Resuming generation...
[2026-07-24 22:51:00] [Generator] Extracting verified commercial leads for [Interior Designer] in [Delhi]...
[2026-07-24 22:51:02] [Network] Rotating Realme 8 Mobile Data for fresh IP & maximum anonymity...
[2026-07-24 22:51:11] [Network] Fresh IP assigned securely. Resuming generation...
[2026-07-24 22:51:11] [Generator] Extracting verified commercial leads for [Interior Designer] in [Hyderabad]...
[2026-07-24 22:51:13] [Network] Rotating Realme 8 Mobile Data for fresh IP & maximum anonymity...
[2026-07-24 22:51:22] [Network] Fresh IP assigned securely. Resuming generation...
[2026-07-24 22:51:22] [Generator] Extracting verified commercial leads for [Interior Designer] in [Chennai]...
[2026-07-24 22:51:24] [Network] Rotating Realme 8 Mobile Data for fresh IP & maximum anonymity...
[2026-07-24 22:51:33] [Network] Fresh IP assigned securely. Resuming generation...
[2026-07-24 22:51:33] [Generator] Extracting verified commercial leads for [Interior Designer] in [Ahmedabad]...
[2026-07-24 22:51:35] [Network] Rotating Realme 8 Mobile Data for fresh IP & maximum anonymity...
[2026-07-24 22:51:44] [Network] Fresh IP assigned securely. Resuming generation...
[2026-07-24 22:51:44] [Generator] Extracting verified commercial leads for [Interior Designer] in [Jaipur]...
[2026-07-24 22:51:46] [Network] Rotating Realme 8 Mobile Data for fresh IP & maximum anonymity...
[2026-07-24 22:51:55] [Network] Fresh IP assigned securely. Resuming generation...
[2026-07-24 22:51:55] [Generator] Extracting verified commercial leads for [Hotel] in [Indore]...
[2026-07-24 22:51:57] [Network] Rotating Realme 8 Mobile Data for fresh IP & maximum anonymity...
[2026-07-24 22:52:07] [Network] Fresh IP assigned securely. Resuming generation...
[2026-07-24 22:52:07] [Generator] Extracting verified commercial leads for [Hotel] in [Bhopal]...
[2026-07-24 22:52:09] [Network] Rotating Realme 8 Mobile Data for fresh IP & maximum anonymity...
[2026-07-24 22:52:18] [Network] Fresh IP assigned securely. Resuming generation...
[2026-07-24 22:52:18] [Generator] Extracting verified commercial leads for [Hotel] in [Pune]...
[2026-07-24 22:52:20] [Network] Rotating Realme 8 Mobile Data for fresh IP & maximum anonymity...
[2026-07-24 22:52:29] [Network] Fresh IP assigned securely. Resuming generation...
[2026-07-24 22:52:29] [Generator] Extracting verified commercial leads for [Hotel] in [Mumbai]...
[2026-07-24 22:52:31] [Network] Rotating Realme 8 Mobile Data for fresh IP & maximum anonymity...
[2026-07-24 22:52:40] [Network] Fresh IP assigned securely. Resuming generation...
[2026-07-24 22:52:40] [Generator] Extracting verified commercial leads for [Hotel] in [Bangalore]...
[2026-07-24 22:52:42] [Network] Rotating Realme 8 Mobile Data for fresh IP & maximum anonymity...
[2026-07-24 22:52:51] [Network] Fresh IP assigned securely. Resuming generation...
[2026-07-24 22:52:51] [Generator] Extracting verified commercial leads for [Hotel] in [Delhi]...
[2026-07-24 22:52:53] [Network] Rotating Realme 8 Mobile Data for fresh IP & maximum anonymity...
[2026-07-24 22:53:02] [Network] Fresh IP assigned securely. Resuming generation...
[2026-07-24 22:53:02] [Generator] Extracting verified commercial leads for [Hotel] in [Hyderabad]...
[2026-07-24 22:53:04] [Network] Rotating Realme 8 Mobile Data for fresh IP & maximum anonymity...
[2026-07-24 22:53:13] [Network] Fresh IP assigned securely. Resuming generation...
[2026-07-24 22:53:13] [Generator] Extracting verified commercial leads for [Hotel] in [Chennai]...
[2026-07-24 22:53:15] [Network] Rotating Realme 8 Mobile Data for fresh IP & maximum anonymity...
[2026-07-24 22:53:25] [Network] Fresh IP assigned securely. Resuming generation...
[2026-07-24 22:53:25] [Generator] Extracting verified commercial leads for [Hotel] in [Ahmedabad]...
[2026-07-24 22:53:27] [Network] Rotating Realme 8 Mobile Data for fresh IP & maximum anonymity...
[2026-07-24 22:53:36] [Network] Fresh IP assigned securely. Resuming generation...
[2026-07-24 22:53:36] [Generator] Extracting verified commercial leads for [Hotel] in [Jaipur]...
[2026-07-24 22:53:38] [SUCCESS] Cycle complete! Total database volume: 203 leads. Added 0 fresh leads.
[2026-07-24 22:53:38] === Batch resting for 4 hours to simulate natural traffic and stay safe ===
[2026-07-24 23:12:10] === Starting High-Scale 2000-5000+ Lead Generation Cycle ==-
[2026-07-24 23:12:10] [Network] Rotating Realme 8 Mobile Data for fresh IP & maximum anonymity...
[2026-07-24 23:12:20] [Network] Fresh IP assigned securely. Resuming generation...
[2026-07-24 23:12:20] [Generator] Extracting verified commercial leads for [Digital Agency] in [Indore]...
[2026-07-24 23:12:22] [Network] Rotating Realme 8 Mobile Data for fresh IP & maximum anonymity...
[2026-07-24 23:12:31] [Network] Fresh IP assigned securely. Resuming generation...
[2026-07-24 23:12:31] [Generator] Extracting verified commercial leads for [Digital Agency] in [Bhopal]...
[2026-07-24 23:12:33] [Network] Rotating Realme 8 Mobile Data for fresh IP & maximum anonymity...
[2026-07-24 23:12:42] [Network] Fresh IP assigned securely. Resuming generation...
[2026-07-24 23:12:42] [Generator] Extracting verified commercial leads for [Digital Agency] in [Pune]...
[2026-07-24 23:12:44] [Network] Rotating Realme 8 Mobile Data for fresh IP & maximum anonymity...
[2026-07-24 23:12:53] [Network] Fresh IP assigned securely. Resuming generation...
[2026-07-24 23:12:53] [Generator] Extracting verified commercial leads for [Digital Agency] in [Mumbai]...
[2026-07-24 23:12:55] [Network] Rotating Realme 8 Mobile Data for fresh IP & maximum anonymity...
[2026-07-24 23:13:04] [Network] Fresh IP assigned securely. Resuming generation...
[2026-07-24 23:13:04] [Generator] Extracting verified commercial leads for [Digital Agency] in [Bangalore]...
[2026-07-24 23:13:06] [Network] Rotating Realme 8 Mobile Data for fresh IP & maximum anonymity...
[2026-07-24 23:13:15] [Network] Fresh IP assigned securely. Resuming generation...
[2026-07-24 23:13:15] [Generator] Extracting verified commercial leads for [Digital Agency] in [Delhi]...
[2026-07-24 23:13:17] [Network] Rotating Realme 8 Mobile Data for fresh IP & maximum anonymity...
[2026-07-24 23:13:27] [Network] Fresh IP assigned securely. Resuming generation...
[2026-07-24 23:13:27] [Generator] Extracting verified commercial leads for [Digital Agency] in [Hyderabad]...
[2026-07-24 23:13:29] [Network] Rotating Realme 8 Mobile Data for fresh IP & maximum anonymity...
[2026-07-24 23:13:38] [Network] Fresh IP assigned securely. Resuming generation...
[2026-07-24 23:13:38] [Generator] Extracting verified commercial leads for [Digital Agency] in [Chennai]...
[2026-07-24 23:13:40] [Network] Rotating Realme 8 Mobile Data for fresh IP & maximum anonymity...
[2026-07-24 23:13:49] [Network] Fresh IP assigned securely. Resuming generation...
[2026-07-24 23:13:49] [Generator] Extracting verified commercial leads for [Digital Agency] in [Ahmedabad]...
[2026-07-24 23:13:51] [Network] Rotating Realme 8 Mobile Data for fresh IP & maximum anonymity...
[2026-07-24 23:14:00] [Network] Fresh IP assigned securely. Resuming generation...
[2026-07-24 23:14:00] [Generator] Extracting verified commercial leads for [Digital Agency] in [Jaipur]...
[2026-07-24 23:14:02] [Network] Rotating Realme 8 Mobile Data for fresh IP & maximum anonymity...
[2026-07-24 23:14:11] [Network] Fresh IP assigned securely. Resuming generation...
[2026-07-24 23:14:11] [Generator] Extracting verified commercial leads for [Real Estate] in [Indore]...
[2026-07-24 23:14:13] [Network] Rotating Realme 8 Mobile Data for fresh IP & maximum anonymity...
[2026-07-24 23:14:22] [Network] Fresh IP assigned securely. Resuming generation...
[2026-07-24 23:14:22] [Generator] Extracting verified commercial leads for [Real Estate] in [Bhopal]...
[2026-07-24 23:14:24] [Network] Rotating Realme 8 Mobile Data for fresh IP & maximum anonymity...
[2026-07-24 23:14:33] [Network] Fresh IP assigned securely. Resuming generation...
[2026-07-24 23:14:33] [Generator] Extracting verified commercial leads for [Real Estate] in [Pune]...
[2026-07-24 23:14:35] [Network] Rotating Realme 8 Mobile Data for fresh IP & maximum anonymity...
[2026-07-24 23:14:45] [Network] Fresh IP assigned securely. Resuming generation...
[2026-07-24 23:14:45] [Generator] Extracting verified commercial leads for [Real Estate] in [Mumbai]...
[2026-07-24 23:14:47] [Network] Rotating Realme 8 Mobile Data for fresh IP & maximum anonymity...
[2026-07-24 23:14:56] [Network] Fresh IP assigned securely. Resuming generation...
[2026-07-24 23:14:56] [Generator] Extracting verified commercial leads for [Real Estate] in [Bangalore]...
[2026-07-24 23:14:58] [Network] Rotating Realme 8 Mobile Data for fresh IP & maximum anonymity...
[2026-07-24 23:15:07] [Network] Fresh IP assigned securely. Resuming generation...
[2026-07-24 23:15:07] [Generator] Extracting verified commercial leads for [Real Estate] in [Delhi]...
[2026-07-24 23:15:09] [Network] Rotating Realme 8 Mobile Data for fresh IP & maximum anonymity...
[2026-07-24 23:15:18] [Network] Fresh IP assigned securely. Resuming generation...
[2026-07-24 23:15:18] [Generator] Extracting verified commercial leads for [Real Estate] in [Hyderabad]...
[2026-07-24 23:15:20] [Network] Rotating Realme 8 Mobile Data for fresh IP & maximum anonymity...
[2026-07-24 23:15:29] [Network] Fresh IP assigned securely. Resuming generation...
[2026-07-24 23:15:29] [Generator] Extracting verified commercial leads for [Real Estate] in [Chennai]...
[2026-07-24 23:15:31] [Network] Rotating Realme 8 Mobile Data for fresh IP & maximum anonymity...
[2026-07-24 23:15:40] [Network] Fresh IP assigned securely. Resuming generation...
[2026-07-24 23:15:40] [Generator] Extracting verified commercial leads for [Real Estate] in [Ahmedabad]...
[2026-07-24 23:15:42] [Network] Rotating Realme 8 Mobile Data for fresh IP & maximum anonymity...
[2026-07-24 23:15:52] [Network] Fresh IP assigned securely. Resuming generation...
[2026-07-24 23:15:52] [Generator] Extracting verified commercial leads for [Real Estate] in [Jaipur]...
[2026-07-24 23:15:54] [Network] Rotating Realme 8 Mobile Data for fresh IP & maximum anonymity...
[2026-07-24 23:16:03] [Network] Fresh IP assigned securely. Resuming generation...
[2026-07-24 23:16:03] [Generator] Extracting verified commercial leads for [Restaurant] in [Indore]...
[2026-07-24 23:16:05] [Network] Rotating Realme 8 Mobile Data for fresh IP & maximum anonymity...
[2026-07-24 23:16:14] [Network] Fresh IP assigned securely. Resuming generation...
[2026-07-24 23:16:14] [Generator] Extracting verified commercial leads for [Restaurant] in [Bhopal]...
[2026-07-24 23:16:16] [Network] Rotating Realme 8 Mobile Data for fresh IP & maximum anonymity...
[2026-07-24 23:16:25] [Network] Fresh IP assigned securely. Resuming generation...
[2026-07-24 23:16:25] [Generator] Extracting verified commercial leads for [Restaurant] in [Pune]...
[2026-07-24 23:16:27] [Network] Rotating Realme 8 Mobile Data for fresh IP & maximum anonymity...
[2026-07-24 23:16:36] [Network] Fresh IP assigned securely. Resuming generation...
[2026-07-24 23:16:36] [Generator] Extracting verified commercial leads for [Restaurant] in [Mumbai]...
[2026-07-24 23:16:38] [Network] Rotating Realme 8 Mobile Data for fresh IP & maximum anonymity...
[2026-07-24 23:16:47] [Network] Fresh IP assigned securely. Resuming generation...
[2026-07-24 23:16:47] [Generator] Extracting verified commercial leads for [Restaurant] in [Bangalore]...
[2026-07-24 23:16:49] [Network] Rotating Realme 8 Mobile Data for fresh IP & maximum anonymity...
[2026-07-24 23:16:59] [Network] Fresh IP assigned securely. Resuming generation...
[2026-07-24 23:16:59] [Generator] Extracting verified commercial leads for [Restaurant] in [Delhi]...
[2026-07-24 23:17:01] [Network] Rotating Realme 8 Mobile Data for fresh IP & maximum anonymity...
[2026-07-24 23:17:10] [Network] Fresh IP assigned securely. Resuming generation...
[2026-07-24 23:17:10] [Generator] Extracting verified commercial leads for [Restaurant] in [Hyderabad]...
[2026-07-24 23:17:12] [Network] Rotating Realme 8 Mobile Data for fresh IP & maximum anonymity...
[2026-07-24 23:17:21] [Network] Fresh IP assigned securely. Resuming generation...
[2026-07-24 23:17:21] [Generator] Extracting verified commercial leads for [Restaurant] in [Chennai]...
[2026-07-24 23:17:23] [Network] Rotating Realme 8 Mobile Data for fresh IP & maximum anonymity...
[2026-07-24 23:17:32] [Network] Fresh IP assigned securely. Resuming generation...
[2026-07-24 23:17:32] [Generator] Extracting verified commercial leads for [Restaurant] in [Ahmedabad]...
[2026-07-24 23:17:34] [Network] Rotating Realme 8 Mobile Data for fresh IP & maximum anonymity...
[2026-07-24 23:17:43] [Network] Fresh IP assigned securely. Resuming generation...
[2026-07-24 23:17:43] [Generator] Extracting verified commercial leads for [Restaurant] in [Jaipur]...
[2026-07-24 23:17:45] [Network] Rotating Realme 8 Mobile Data for fresh IP & maximum anonymity...
[2026-07-24 23:17:54] [Network] Fresh IP assigned securely. Resuming generation...
[2026-07-24 23:17:54] [Generator] Extracting verified commercial leads for [Coaching Institute] in [Indore]...
[2026-07-24 23:17:56] [Network] Rotating Realme 8 Mobile Data for fresh IP & maximum anonymity...
[2026-07-24 23:18:06] [Network] Fresh IP assigned securely. Resuming generation...
[2026-07-24 23:18:06] [Generator] Extracting verified commercial leads for [Coaching Institute] in [Bhopal]...
[2026-07-24 23:18:08] [Network] Rotating Realme 8 Mobile Data for fresh IP & maximum anonymity...
[2026-07-24 23:18:17] [Network] Fresh IP assigned securely. Resuming generation...
[2026-07-24 23:18:17] [Generator] Extracting verified commercial leads for [Coaching Institute] in [Pune]...
[2026-07-24 23:18:19] [Network] Rotating Realme 8 Mobile Data for fresh IP & maximum anonymity...
[2026-07-24 23:18:28] [Network] Fresh IP assigned securely. Resuming generation...
[2026-07-24 23:18:28] [Generator] Extracting verified commercial leads for [Coaching Institute] in [Mumbai]...
[2026-07-24 23:18:30] [Network] Rotating Realme 8 Mobile Data for fresh IP & maximum anonymity...
[2026-07-24 23:18:39] [Network] Fresh IP assigned securely. Resuming generation...
[2026-07-24 23:18:39] [Generator] Extracting verified commercial leads for [Coaching Institute] in [Bangalore]...
[2026-07-24 23:18:41] [Network] Rotating Realme 8 Mobile Data for fresh IP & maximum anonymity...
[2026-07-24 23:18:50] [Network] Fresh IP assigned securely. Resuming generation...
[2026-07-24 23:18:50] [Generator] Extracting verified commercial leads for [Coaching Institute] in [Delhi]...
[2026-07-24 23:18:52] [Network] Rotating Realme 8 Mobile Data for fresh IP & maximum anonymity...
[2026-07-24 23:19:01] [Network] Fresh IP assigned securely. Resuming generation...
[2026-07-24 23:19:01] [Generator] Extracting verified commercial leads for [Coaching Institute] in [Hyderabad]...
[2026-07-24 23:19:03] [Network] Rotating Realme 8 Mobile Data for fresh IP & maximum anonymity...
[2026-07-24 23:19:12] [Network] Fresh IP assigned securely. Resuming generation...
[2026-07-24 23:19:12] [Generator] Extracting verified commercial leads for [Coaching Institute] in [Chennai]...
[2026-07-24 23:19:14] [Network] Rotating Realme 8 Mobile Data for fresh IP & maximum anonymity...
[2026-07-24 23:19:24] [Network] Fresh IP assigned securely. Resuming generation...
[2026-07-24 23:19:24] [Generator] Extracting verified commercial leads for [Coaching Institute] in [Ahmedabad]...
[2026-07-24 23:19:26] [Network] Rotating Realme 8 Mobile Data for fresh IP & maximum anonymity...
[2026-07-24 23:19:35] [Network] Fresh IP assigned securely. Resuming generation...
[2026-07-24 23:19:35] [Generator] Extracting verified commercial leads for [Coaching Institute] in [Jaipur]...
[2026-07-24 23:19:37] [Network] Rotating Realme 8 Mobile Data for fresh IP & maximum anonymity...
[2026-07-24 23:19:46] [Network] Fresh IP assigned securely. Resuming generation...
[2026-07-24 23:19:46] [Generator] Extracting verified commercial leads for [Doctor] in [Indore]...
[2026-07-24 23:19:48] [Network] Rotating Realme 8 Mobile Data for fresh IP & maximum anonymity...
[2026-07-24 23:19:57] [Network] Fresh IP assigned securely. Resuming generation...
[2026-07-24 23:19:57] [Generator] Extracting verified commercial leads for [Doctor] in [Bhopal]...
[2026-07-24 23:19:59] [Network] Rotating Realme 8 Mobile Data for fresh IP & maximum anonymity...
[2026-07-24 23:20:08] [Network] Fresh IP assigned securely. Resuming generation...
[2026-07-24 23:20:08] [Generator] Extracting verified commercial leads for [Doctor] in [Pune]...
[2026-07-24 23:20:10] [Network] Rotating Realme 8 Mobile Data for fresh IP & maximum anonymity...
[2026-07-24 23:20:19] [Network] Fresh IP assigned securely. Resuming generation...
[2026-07-24 23:20:19] [Generator] Extracting verified commercial leads for [Doctor] in [Mumbai]...
[2026-07-24 23:20:21] [Network] Rotating Realme 8 Mobile Data for fresh IP & maximum anonymity...
[2026-07-24 23:20:30] [Network] Fresh IP assigned securely. Resuming generation...
[2026-07-24 23:20:30] [Generator] Extracting verified commercial leads for [Doctor] in [Bangalore]...
[2026-07-24 23:20:32] [Network] Rotating Realme 8 Mobile Data for fresh IP & maximum anonymity...
[2026-07-24 23:20:42] [Network] Fresh IP assigned securely. Resuming generation...
[2026-07-24 23:20:42] [Generator] Extracting verified commercial leads for [Doctor] in [Delhi]...
[2026-07-24 23:20:44] [Network] Rotating Realme 8 Mobile Data for fresh IP & maximum anonymity...
[2026-07-24 23:20:53] [Network] Fresh IP assigned securely. Resuming generation...
[2026-07-24 23:20:53] [Generator] Extracting verified commercial leads for [Doctor] in [Hyderabad]...
[2026-07-24 23:20:55] [Network] Rotating Realme 8 Mobile Data for fresh IP & maximum anonymity...
[2026-07-24 23:21:04] [Network] Fresh IP assigned securely. Resuming generation...
[2026-07-24 23:21:04] [Generator] Extracting verified commercial leads for [Doctor] in [Chennai]...
[2026-07-24 23:21:06] [Network] Rotating Realme 8 Mobile Data for fresh IP & maximum anonymity...
[2026-07-24 23:21:15] [Network] Fresh IP assigned securely. Resuming generation...
[2026-07-24 23:21:15] [Generator] Extracting verified commercial leads for [Doctor] in [Ahmedabad]...
[2026-07-24 23:21:17] [Network] Rotating Realme 8 Mobile Data for fresh IP & maximum anonymity...
[2026-07-24 23:21:26] [Network] Fresh IP assigned securely. Resuming generation...
[2026-07-24 23:21:26] [Generator] Extracting verified commercial leads for [Doctor] in [Jaipur]...
[2026-07-24 23:21:28] [Network] Rotating Realme 8 Mobile Data for fresh IP & maximum anonymity...
[2026-07-24 23:21:37] [Network] Fresh IP assigned securely. Resuming generation...
[2026-07-24 23:21:37] [Generator] Extracting verified commercial leads for [Gym] in [Indore]...
[2026-07-24 23:21:39] [Network] Rotating Realme 8 Mobile Data for fresh IP & maximum anonymity...
[2026-07-24 23:21:48] [Network] Fresh IP assigned securely. Resuming generation...
[2026-07-24 23:21:48] [Generator] Extracting verified commercial leads for [Gym] in [Bhopal]...
[2026-07-24 23:21:50] [Network] Rotating Realme 8 Mobile Data for fresh IP & maximum anonymity...
[2026-07-24 23:22:00] [Network] Fresh IP assigned securely. Resuming generation...
[2026-07-24 23:22:00] [Generator] Extracting verified commercial leads for [Gym] in [Pune]...
[2026-07-24 23:22:02] [Network] Rotating Realme 8 Mobile Data for fresh IP & maximum anonymity...
[2026-07-24 23:22:11] [Network] Fresh IP assigned securely. Resuming generation...
[2026-07-24 23:22:11] [Generator] Extracting verified commercial leads for [Gym] in [Mumbai]...
[2026-07-24 23:22:13] [Network] Rotating Realme 8 Mobile Data for fresh IP & maximum anonymity...
[2026-07-24 23:22:22] [Network] Fresh IP assigned securely. Resuming generation...
[2026-07-24 23:22:22] [Generator] Extracting verified commercial leads for [Gym] in [Bangalore]...
[2026-07-24 23:22:24] [Network] Rotating Realme 8 Mobile Data for fresh IP & maximum anonymity...
[2026-07-24 23:22:33] [Network] Fresh IP assigned securely. Resuming generation...
[2026-07-24 23:22:33] [Generator] Extracting verified commercial leads for [Gym] in [Delhi]...
[2026-07-24 23:22:34] === Starting High-Scale 2000-5000+ Lead Generation Cycle ==-
[2026-07-24 23:22:34] [Network] Rotating Realme 8 Mobile Data for fresh IP & maximum anonymity...
[2026-07-24 23:22:35] [Network] Rotating Realme 8 Mobile Data for fresh IP & maximum anonymity...
[2026-07-24 23:22:44] [Network] Fresh IP assigned securely. Resuming generation...
[2026-07-24 23:22:44] [Generator] Extracting verified commercial leads for [Digital Agency] in [Indore]...
[2026-07-24 23:22:44] [Network] Fresh IP assigned securely. Resuming generation...
[2026-07-24 23:22:44] [Generator] Extracting verified commercial leads for [Gym] in [Hyderabad]...
[2026-07-24 23:22:46] [Network] Rotating Realme 8 Mobile Data for fresh IP & maximum anonymity...
[2026-07-24 23:22:46] [Network] Rotating Realme 8 Mobile Data for fresh IP & maximum anonymity...
[2026-07-24 23:22:55] [Network] Fresh IP assigned securely. Resuming generation...
[2026-07-24 23:22:55] [Generator] Extracting verified commercial leads for [Digital Agency] in [Bhopal]...
[2026-07-24 23:22:55] [Network] Fresh IP assigned securely. Resuming generation...
[2026-07-24 23:22:55] [Generator] Extracting verified commercial leads for [Gym] in [Chennai]...
[2026-07-24 23:22:57] [Network] Rotating Realme 8 Mobile Data for fresh IP & maximum anonymity...
[2026-07-24 23:22:57] [Network] Rotating Realme 8 Mobile Data for fresh IP & maximum anonymity...
[2026-07-24 23:23:06] [Network] Fresh IP assigned securely. Resuming generation...
[2026-07-24 23:23:06] [Generator] Extracting verified commercial leads for [Digital Agency] in [Pune]...
[2026-07-24 23:23:07] [Network] Fresh IP assigned securely. Resuming generation...
[2026-07-24 23:23:07] [Generator] Extracting verified commercial leads for [Gym] in [Ahmedabad]...
[2026-07-24 23:23:08] [Network] Rotating Realme 8 Mobile Data for fresh IP & maximum anonymity...
[2026-07-24 23:23:09] [Network] Rotating Realme 8 Mobile Data for fresh IP & maximum anonymity...
[2026-07-24 23:23:17] [Network] Fresh IP assigned securely. Resuming generation...
[2026-07-24 23:23:17] [Generator] Extracting verified commercial leads for [Digital Agency] in [Mumbai]...
[2026-07-24 23:23:18] [Network] Fresh IP assigned securely. Resuming generation...
[2026-07-24 23:23:18] [Generator] Extracting verified commercial leads for [Gym] in [Jaipur]...
[2026-07-24 23:23:19] [Network] Rotating Realme 8 Mobile Data for fresh IP & maximum anonymity...
[2026-07-24 23:23:20] [Network] Rotating Realme 8 Mobile Data for fresh IP & maximum anonymity...
[2026-07-24 23:23:28] [Network] Fresh IP assigned securely. Resuming generation...
[2026-07-24 23:23:28] [Generator] Extracting verified commercial leads for [Digital Agency] in [Bangalore]...
[2026-07-24 23:23:29] [Network] Fresh IP assigned securely. Resuming generation...
[2026-07-24 23:23:29] [Generator] Extracting verified commercial leads for [Lawyer] in [Indore]...
[2026-07-24 23:23:30] [Network] Rotating Realme 8 Mobile Data for fresh IP & maximum anonymity...
[2026-07-24 23:23:31] [Network] Rotating Realme 8 Mobile Data for fresh IP & maximum anonymity...
[2026-07-24 23:23:39] [Network] Fresh IP assigned securely. Resuming generation...
[2026-07-24 23:23:39] [Generator] Extracting verified commercial leads for [Digital Agency] in [Delhi]...
[2026-07-24 23:23:40] [Network] Fresh IP assigned securely. Resuming generation...
[2026-07-24 23:23:40] [Generator] Extracting verified commercial leads for [Lawyer] in [Bhopal]...
[2026-07-24 23:23:41] [Network] Rotating Realme 8 Mobile Data for fresh IP & maximum anonymity...
[2026-07-24 23:23:42] [Network] Rotating Realme 8 Mobile Data for fresh IP & maximum anonymity...
[2026-07-24 23:23:50] [Network] Fresh IP assigned securely. Resuming generation...
[2026-07-24 23:23:50] [Generator] Extracting verified commercial leads for [Digital Agency] in [Hyderabad]...
[2026-07-24 23:23:51] [Network] Fresh IP assigned securely. Resuming generation...
[2026-07-24 23:23:51] [Generator] Extracting verified commercial leads for [Lawyer] in [Pune]...
[2026-07-24 23:23:52] [Network] Rotating Realme 8 Mobile Data for fresh IP & maximum anonymity...
[2026-07-24 23:23:53] [Network] Rotating Realme 8 Mobile Data for fresh IP & maximum anonymity...
[2026-07-24 23:24:02] [Network] Fresh IP assigned securely. Resuming generation...
[2026-07-24 23:24:02] [Generator] Extracting verified commercial leads for [Digital Agency] in [Chennai]...
[2026-07-24 23:24:02] [Network] Fresh IP assigned securely. Resuming generation...
[2026-07-24 23:24:02] [Generator] Extracting verified commercial leads for [Lawyer] in [Mumbai]...
[2026-07-24 23:24:04] [Network] Rotating Realme 8 Mobile Data for fresh IP & maximum anonymity...
[2026-07-24 23:24:04] [Network] Rotating Realme 8 Mobile Data for fresh IP & maximum anonymity...
[2026-07-24 23:24:13] [Network] Fresh IP assigned securely. Resuming generation...
[2026-07-24 23:24:13] [Generator] Extracting verified commercial leads for [Digital Agency] in [Ahmedabad]...
[2026-07-24 23:24:14] [Network] Fresh IP assigned securely. Resuming generation...
[2026-07-24 23:24:14] [Generator] Extracting verified commercial leads for [Lawyer] in [Bangalore]...
[2026-07-24 23:24:15] [Network] Rotating Realme 8 Mobile Data for fresh IP & maximum anonymity...
[2026-07-24 23:24:16] [Network] Rotating Realme 8 Mobile Data for fresh IP & maximum anonymity...
[2026-07-24 23:24:24] [Network] Fresh IP assigned securely. Resuming generation...
[2026-07-24 23:24:24] [Generator] Extracting verified commercial leads for [Digital Agency] in [Jaipur]...
[2026-07-24 23:24:25] [Network] Fresh IP assigned securely. Resuming generation...
[2026-07-24 23:24:25] [Generator] Extracting verified commercial leads for [Lawyer] in [Delhi]...
[2026-07-24 23:24:26] [Network] Rotating Realme 8 Mobile Data for fresh IP & maximum anonymity...
[2026-07-24 23:24:27] [Network] Rotating Realme 8 Mobile Data for fresh IP & maximum anonymity...
[2026-07-24 23:24:35] [Network] Fresh IP assigned securely. Resuming generation...
[2026-07-24 23:24:35] [Generator] Extracting verified commercial leads for [Real Estate] in [Indore]...
[2026-07-24 23:24:36] [Network] Fresh IP assigned securely. Resuming generation...
[2026-07-24 23:24:36] [Generator] Extracting verified commercial leads for [Lawyer] in [Hyderabad]...
[2026-07-24 23:24:37] [Network] Rotating Realme 8 Mobile Data for fresh IP & maximum anonymity...
[2026-07-24 23:24:38] [Network] Rotating Realme 8 Mobile Data for fresh IP & maximum anonymity...
[2026-07-24 23:24:46] [Network] Fresh IP assigned securely. Resuming generation...
[2026-07-24 23:24:46] [Generator] Extracting verified commercial leads for [Real Estate] in [Bhopal]...
[2026-07-24 23:24:47] [Network] Fresh IP assigned securely. Resuming generation...
[2026-07-24 23:24:47] [Generator] Extracting verified commercial leads for [Lawyer] in [Chennai]...
[2026-07-24 23:24:48] [Network] Rotating Realme 8 Mobile Data for fresh IP & maximum anonymity...
[2026-07-24 23:24:49] [Network] Rotating Realme 8 Mobile Data for fresh IP & maximum anonymity...
[2026-07-24 23:24:57] [Network] Fresh IP assigned securely. Resuming generation...
[2026-07-24 23:24:57] [Generator] Extracting verified commercial leads for [Real Estate] in [Pune]...
[2026-07-24 23:24:58] [Network] Fresh IP assigned securely. Resuming generation...
[2026-07-24 23:24:58] [Generator] Extracting verified commercial leads for [Lawyer] in [Ahmedabad]...
[2026-07-24 23:24:59] [Network] Rotating Realme 8 Mobile Data for fresh IP & maximum anonymity...
[2026-07-24 23:25:00] [Network] Rotating Realme 8 Mobile Data for fresh IP & maximum anonymity...
[2026-07-24 23:25:08] [Network] Fresh IP assigned securely. Resuming generation...
[2026-07-24 23:25:08] [Generator] Extracting verified commercial leads for [Real Estate] in [Mumbai]...
[2026-07-24 23:25:09] [Network] Fresh IP assigned securely. Resuming generation...
[2026-07-24 23:25:09] [Generator] Extracting verified commercial leads for [Lawyer] in [Jaipur]...
[2026-07-24 23:25:10] [Network] Rotating Realme 8 Mobile Data for fresh IP & maximum anonymity...
[2026-07-24 23:25:11] [Network] Rotating Realme 8 Mobile Data for fresh IP & maximum anonymity...
[2026-07-24 23:25:20] [Network] Fresh IP assigned securely. Resuming generation...
[2026-07-24 23:25:20] [Generator] Extracting verified commercial leads for [Real Estate] in [Bangalore]...
[2026-07-24 23:25:21] [Network] Fresh IP assigned securely. Resuming generation...
[2026-07-24 23:25:21] [Generator] Extracting verified commercial leads for [E-commerce] in [Indore]...
[2026-07-24 23:25:22] [Network] Rotating Realme 8 Mobile Data for fresh IP & maximum anonymity...
[2026-07-24 23:25:23] [Network] Rotating Realme 8 Mobile Data for fresh IP & maximum anonymity...
[2026-07-24 23:25:31] [Network] Fresh IP assigned securely. Resuming generation...
[2026-07-24 23:25:31] [Generator] Extracting verified commercial leads for [Real Estate] in [Delhi]...
[2026-07-24 23:25:32] [Network] Fresh IP assigned securely. Resuming generation...
[2026-07-24 23:25:32] [Generator] Extracting verified commercial leads for [E-commerce] in [Bhopal]...
[2026-07-24 23:25:33] [Network] Rotating Realme 8 Mobile Data for fresh IP & maximum anonymity...
[2026-07-24 23:25:34] [Network] Rotating Realme 8 Mobile Data for fresh IP & maximum anonymity...
[2026-07-24 23:25:42] [Network] Fresh IP assigned securely. Resuming generation...
[2026-07-24 23:25:42] [Generator] Extracting verified commercial leads for [Real Estate] in [Hyderabad]...
[2026-07-24 23:25:43] [Network] Fresh IP assigned securely. Resuming generation...
[2026-07-24 23:25:43] [Generator] Extracting verified commercial leads for [E-commerce] in [Pune]...
[2026-07-24 23:25:44] [Network] Rotating Realme 8 Mobile Data for fresh IP & maximum anonymity...
[2026-07-24 23:25:45] [Network] Rotating Realme 8 Mobile Data for fresh IP & maximum anonymity...
[2026-07-24 23:25:53] [Network] Fresh IP assigned securely. Resuming generation...
[2026-07-24 23:25:53] [Generator] Extracting verified commercial leads for [Real Estate] in [Chennai]...
[2026-07-24 23:25:54] [Network] Fresh IP assigned securely. Resuming generation...
[2026-07-24 23:25:54] [Generator] Extracting verified commercial leads for [E-commerce] in [Mumbai]...
[2026-07-24 23:25:55] [Network] Rotating Realme 8 Mobile Data for fresh IP & maximum anonymity...
[2026-07-24 23:25:56] [Network] Rotating Realme 8 Mobile Data for fresh IP & maximum anonymity...
[2026-07-24 23:26:04] [Network] Fresh IP assigned securely. Resuming generation...
[2026-07-24 23:26:04] [Generator] Extracting verified commercial leads for [Real Estate] in [Ahmedabad]...
[2026-07-24 23:26:05] [Network] Fresh IP assigned securely. Resuming generation...
[2026-07-24 23:26:05] [Generator] Extracting verified commercial leads for [E-commerce] in [Bangalore]...
[2026-07-24 23:26:06] [Network] Rotating Realme 8 Mobile Data for fresh IP & maximum anonymity...
[2026-07-24 23:26:07] [Network] Rotating Realme 8 Mobile Data for fresh IP & maximum anonymity...
[2026-07-24 23:26:15] [Network] Fresh IP assigned securely. Resuming generation...
[2026-07-24 23:26:15] [Generator] Extracting verified commercial leads for [Real Estate] in [Jaipur]...
[2026-07-24 23:26:16] [Network] Fresh IP assigned securely. Resuming generation...
[2026-07-24 23:26:16] [Generator] Extracting verified commercial leads for [E-commerce] in [Delhi]...
[2026-07-24 23:26:17] [Network] Rotating Realme 8 Mobile Data for fresh IP & maximum anonymity...
[2026-07-24 23:26:18] [Network] Rotating Realme 8 Mobile Data for fresh IP & maximum anonymity...
[2026-07-24 23:26:27] [Network] Fresh IP assigned securely. Resuming generation...
[2026-07-24 23:26:27] [Generator] Extracting verified commercial leads for [Restaurant] in [Indore]...
[2026-07-24 23:26:27] [Network] Fresh IP assigned securely. Resuming generation...
[2026-07-24 23:26:27] [Generator] Extracting verified commercial leads for [E-commerce] in [Hyderabad]...
[2026-07-24 23:26:29] [Network] Rotating Realme 8 Mobile Data for fresh IP & maximum anonymity...
[2026-07-24 23:26:29] [Network] Rotating Realme 8 Mobile Data for fresh IP & maximum anonymity...
[2026-07-24 23:26:38] [Network] Fresh IP assigned securely. Resuming generation...
[2026-07-24 23:26:38] [Generator] Extracting verified commercial leads for [Restaurant] in [Bhopal]...
[2026-07-24 23:26:39] [Network] Fresh IP assigned securely. Resuming generation...
[2026-07-24 23:26:39] [Generator] Extracting verified commercial leads for [E-commerce] in [Chennai]...
[2026-07-24 23:26:40] [Network] Rotating Realme 8 Mobile Data for fresh IP & maximum anonymity...
[2026-07-24 23:26:41] [Network] Rotating Realme 8 Mobile Data for fresh IP & maximum anonymity...
[2026-07-24 23:26:49] [Network] Fresh IP assigned securely. Resuming generation...
[2026-07-24 23:26:49] [Generator] Extracting verified commercial leads for [Restaurant] in [Pune]...
[2026-07-24 23:26:50] [Network] Fresh IP assigned securely. Resuming generation...
[2026-07-24 23:26:50] [Generator] Extracting verified commercial leads for [E-commerce] in [Ahmedabad]...
[2026-07-24 23:26:51] [Network] Rotating Realme 8 Mobile Data for fresh IP & maximum anonymity...
[2026-07-24 23:26:52] [Network] Rotating Realme 8 Mobile Data for fresh IP & maximum anonymity...
[2026-07-24 23:27:00] [Network] Fresh IP assigned securely. Resuming generation...
[2026-07-24 23:27:00] [Generator] Extracting verified commercial leads for [Restaurant] in [Mumbai]...
[2026-07-24 23:27:01] [Network] Fresh IP assigned securely. Resuming generation...
[2026-07-24 23:27:01] [Generator] Extracting verified commercial leads for [E-commerce] in [Jaipur]...
[2026-07-24 23:27:02] [Network] Rotating Realme 8 Mobile Data for fresh IP & maximum anonymity...
[2026-07-24 23:27:03] [Network] Rotating Realme 8 Mobile Data for fresh IP & maximum anonymity...
[2026-07-24 23:27:11] [Network] Fresh IP assigned securely. Resuming generation...
[2026-07-24 23:27:11] [Generator] Extracting verified commercial leads for [Restaurant] in [Bangalore]...
[2026-07-24 23:27:12] [Network] Fresh IP assigned securely. Resuming generation...
[2026-07-24 23:27:12] [Generator] Extracting verified commercial leads for [Interior Designer] in [Indore]...
[2026-07-24 23:27:13] [Network] Rotating Realme 8 Mobile Data for fresh IP & maximum anonymity...
[2026-07-24 23:27:14] [Network] Rotating Realme 8 Mobile Data for fresh IP & maximum anonymity...
[2026-07-24 23:27:22] [Network] Fresh IP assigned securely. Resuming generation...
[2026-07-24 23:27:22] [Generator] Extracting verified commercial leads for [Restaurant] in [Delhi]...
[2026-07-24 23:27:23] [Network] Fresh IP assigned securely. Resuming generation...
[2026-07-24 23:27:23] [Generator] Extracting verified commercial leads for [Interior Designer] in [Bhopal]...
[2026-07-24 23:27:24] [Network] Rotating Realme 8 Mobile Data for fresh IP & maximum anonymity...
[2026-07-24 23:27:25] [Network] Rotating Realme 8 Mobile Data for fresh IP & maximum anonymity...
[2026-07-24 23:27:33] [Network] Fresh IP assigned securely. Resuming generation...
[2026-07-24 23:27:33] [Generator] Extracting verified commercial leads for [Restaurant] in [Hyderabad]...
[2026-07-24 23:27:34] [Network] Fresh IP assigned securely. Resuming generation...
[2026-07-24 23:27:34] [Generator] Extracting verified commercial leads for [Interior Designer] in [Pune]...
[2026-07-24 23:27:35] [Network] Rotating Realme 8 Mobile Data for fresh IP & maximum anonymity...
[2026-07-24 23:27:36] [Network] Rotating Realme 8 Mobile Data for fresh IP & maximum anonymity...
[2026-07-24 23:27:45] [Network] Fresh IP assigned securely. Resuming generation...
[2026-07-24 23:27:45] [Generator] Extracting verified commercial leads for [Restaurant] in [Chennai]...
[2026-07-24 23:27:45] [Network] Fresh IP assigned securely. Resuming generation...
[2026-07-24 23:27:45] [Generator] Extracting verified commercial leads for [Interior Designer] in [Mumbai]...
[2026-07-24 23:27:47] [Network] Rotating Realme 8 Mobile Data for fresh IP & maximum anonymity...
[2026-07-24 23:27:47] [Network] Rotating Realme 8 Mobile Data for fresh IP & maximum anonymity...
[2026-07-24 23:27:56] [Network] Fresh IP assigned securely. Resuming generation...
[2026-07-24 23:27:56] [Generator] Extracting verified commercial leads for [Restaurant] in [Ahmedabad]...
[2026-07-24 23:27:57] [Network] Fresh IP assigned securely. Resuming generation...
[2026-07-24 23:27:57] [Generator] Extracting verified commercial leads for [Interior Designer] in [Bangalore]...
[2026-07-24 23:27:58] [Network] Rotating Realme 8 Mobile Data for fresh IP & maximum anonymity...
[2026-07-24 23:27:59] [Network] Rotating Realme 8 Mobile Data for fresh IP & maximum anonymity...
[2026-07-24 23:28:07] [Network] Fresh IP assigned securely. Resuming generation...
[2026-07-24 23:28:07] [Generator] Extracting verified commercial leads for [Restaurant] in [Jaipur]...
[2026-07-24 23:28:08] [Network] Fresh IP assigned securely. Resuming generation...
[2026-07-24 23:28:08] [Generator] Extracting verified commercial leads for [Interior Designer] in [Delhi]...
[2026-07-24 23:28:09] [Network] Rotating Realme 8 Mobile Data for fresh IP & maximum anonymity...
[2026-07-24 23:28:10] [Network] Rotating Realme 8 Mobile Data for fresh IP & maximum anonymity...
[2026-07-24 23:28:18] [Network] Fresh IP assigned securely. Resuming generation...
[2026-07-24 23:28:18] [Generator] Extracting verified commercial leads for [Coaching Institute] in [Indore]...
[2026-07-24 23:28:19] [Network] Fresh IP assigned securely. Resuming generation...
[2026-07-24 23:28:19] [Generator] Extracting verified commercial leads for [Interior Designer] in [Hyderabad]...
[2026-07-24 23:28:20] [Network] Rotating Realme 8 Mobile Data for fresh IP & maximum anonymity...
[2026-07-24 23:28:21] [Network] Rotating Realme 8 Mobile Data for fresh IP & maximum anonymity...
[2026-07-24 23:28:29] [Network] Fresh IP assigned securely. Resuming generation...
[2026-07-24 23:28:29] [Generator] Extracting verified commercial leads for [Coaching Institute] in [Bhopal]...
[2026-07-24 23:28:30] [Network] Fresh IP assigned securely. Resuming generation...
[2026-07-24 23:28:30] [Generator] Extracting verified commercial leads for [Interior Designer] in [Chennai]...
[2026-07-24 23:28:31] [Network] Rotating Realme 8 Mobile Data for fresh IP & maximum anonymity...
[2026-07-24 23:28:32] [Network] Rotating Realme 8 Mobile Data for fresh IP & maximum anonymity...
[2026-07-24 23:28:40] [Network] Fresh IP assigned securely. Resuming generation...
[2026-07-24 23:28:40] [Generator] Extracting verified commercial leads for [Coaching Institute] in [Pune]...
[2026-07-24 23:28:41] [Network] Fresh IP assigned securely. Resuming generation...
[2026-07-24 23:28:41] [Generator] Extracting verified commercial leads for [Interior Designer] in [Ahmedabad]...
[2026-07-24 23:28:42] [Network] Rotating Realme 8 Mobile Data for fresh IP & maximum anonymity...
[2026-07-24 23:28:43] [Network] Rotating Realme 8 Mobile Data for fresh IP & maximum anonymity...
[2026-07-24 23:28:52] [Network] Fresh IP assigned securely. Resuming generation...
[2026-07-24 23:28:52] [Generator] Extracting verified commercial leads for [Coaching Institute] in [Mumbai]...
[2026-07-24 23:28:52] [Network] Fresh IP assigned securely. Resuming generation...
[2026-07-24 23:28:52] [Generator] Extracting verified commercial leads for [Interior Designer] in [Jaipur]...
[2026-07-24 23:28:54] [Network] Rotating Realme 8 Mobile Data for fresh IP & maximum anonymity...
[2026-07-24 23:28:54] [Network] Rotating Realme 8 Mobile Data for fresh IP & maximum anonymity...
[2026-07-24 23:29:03] [Network] Fresh IP assigned securely. Resuming generation...
[2026-07-24 23:29:03] [Generator] Extracting verified commercial leads for [Coaching Institute] in [Bangalore]...
[2026-07-24 23:29:04] [Network] Fresh IP assigned securely. Resuming generation...
[2026-07-24 23:29:04] [Generator] Extracting verified commercial leads for [Hotel] in [Indore]...
[2026-07-24 23:29:05] [Network] Rotating Realme 8 Mobile Data for fresh IP & maximum anonymity...
[2026-07-24 23:29:06] [Network] Rotating Realme 8 Mobile Data for fresh IP & maximum anonymity...
[2026-07-24 23:29:14] [Network] Fresh IP assigned securely. Resuming generation...
[2026-07-24 23:29:14] [Generator] Extracting verified commercial leads for [Coaching Institute] in [Delhi]...
[2026-07-24 23:29:15] [Network] Fresh IP assigned securely. Resuming generation...
[2026-07-24 23:29:15] [Generator] Extracting verified commercial leads for [Hotel] in [Bhopal]...
[2026-07-24 23:29:16] [Network] Rotating Realme 8 Mobile Data for fresh IP & maximum anonymity...
[2026-07-24 23:29:17] [Network] Rotating Realme 8 Mobile Data for fresh IP & maximum anonymity...
[2026-07-24 23:29:25] [Network] Fresh IP assigned securely. Resuming generation...
[2026-07-24 23:29:25] [Generator] Extracting verified commercial leads for [Coaching Institute] in [Hyderabad]...
[2026-07-24 23:29:26] [Network] Fresh IP assigned securely. Resuming generation...
[2026-07-24 23:29:26] [Generator] Extracting verified commercial leads for [Hotel] in [Pune]...
[2026-07-24 23:29:27] [Network] Rotating Realme 8 Mobile Data for fresh IP & maximum anonymity...
[2026-07-24 23:29:28] [Network] Rotating Realme 8 Mobile Data for fresh IP & maximum anonymity...
[2026-07-24 23:29:36] [Network] Fresh IP assigned securely. Resuming generation...
[2026-07-24 23:29:36] [Generator] Extracting verified commercial leads for [Coaching Institute] in [Chennai]...
[2026-07-24 23:29:37] [Network] Fresh IP assigned securely. Resuming generation...
[2026-07-24 23:29:37] [Generator] Extracting verified commercial leads for [Hotel] in [Mumbai]...
[2026-07-24 23:29:38] [Network] Rotating Realme 8 Mobile Data for fresh IP & maximum anonymity...
[2026-07-24 23:29:39] [Network] Rotating Realme 8 Mobile Data for fresh IP & maximum anonymity...
[2026-07-24 23:29:47] [Network] Fresh IP assigned securely. Resuming generation...
[2026-07-24 23:29:47] [Generator] Extracting verified commercial leads for [Coaching Institute] in [Ahmedabad]...
[2026-07-24 23:29:48] [Network] Fresh IP assigned securely. Resuming generation...
[2026-07-24 23:29:48] [Generator] Extracting verified commercial leads for [Hotel] in [Bangalore]...
[2026-07-24 23:29:49] [Network] Rotating Realme 8 Mobile Data for fresh IP & maximum anonymity...
[2026-07-24 23:29:50] [Network] Rotating Realme 8 Mobile Data for fresh IP & maximum anonymity...
[2026-07-24 23:29:59] [Network] Fresh IP assigned securely. Resuming generation...
[2026-07-24 23:29:59] [Generator] Extracting verified commercial leads for [Coaching Institute] in [Jaipur]...
[2026-07-24 23:29:59] [Network] Fresh IP assigned securely. Resuming generation...
[2026-07-24 23:29:59] [Generator] Extracting verified commercial leads for [Hotel] in [Delhi]...
[2026-07-24 23:30:01] [Network] Rotating Realme 8 Mobile Data for fresh IP & maximum anonymity...
[2026-07-24 23:30:01] [Network] Rotating Realme 8 Mobile Data for fresh IP & maximum anonymity...
[2026-07-24 23:30:10] [Network] Fresh IP assigned securely. Resuming generation...
[2026-07-24 23:30:10] [Generator] Extracting verified commercial leads for [Doctor] in [Indore]...
[2026-07-24 23:30:11] [Network] Fresh IP assigned securely. Resuming generation...
[2026-07-24 23:30:11] [Generator] Extracting verified commercial leads for [Hotel] in [Hyderabad]...
[2026-07-24 23:30:12] [Network] Rotating Realme 8 Mobile Data for fresh IP & maximum anonymity...
[2026-07-24 23:30:13] [Network] Rotating Realme 8 Mobile Data for fresh IP & maximum anonymity...
[2026-07-24 23:30:21] [Network] Fresh IP assigned securely. Resuming generation...
[2026-07-24 23:30:21] [Generator] Extracting verified commercial leads for [Doctor] in [Bhopal]...
[2026-07-24 23:30:22] [Network] Fresh IP assigned securely. Resuming generation...
[2026-07-24 23:30:22] [Generator] Extracting verified commercial leads for [Hotel] in [Chennai]...
[2026-07-24 23:30:23] [Network] Rotating Realme 8 Mobile Data for fresh IP & maximum anonymity...
[2026-07-24 23:30:24] [Network] Rotating Realme 8 Mobile Data for fresh IP & maximum anonymity...
[2026-07-24 23:30:32] [Network] Fresh IP assigned securely. Resuming generation...
[2026-07-24 23:30:32] [Generator] Extracting verified commercial leads for [Doctor] in [Pune]...
[2026-07-24 23:30:33] [Network] Fresh IP assigned securely. Resuming generation...
[2026-07-24 23:30:33] [Generator] Extracting verified commercial leads for [Hotel] in [Ahmedabad]...
[2026-07-24 23:30:34] [Network] Rotating Realme 8 Mobile Data for fresh IP & maximum anonymity...
[2026-07-24 23:30:35] [Network] Rotating Realme 8 Mobile Data for fresh IP & maximum anonymity...
[2026-07-24 23:30:43] [Network] Fresh IP assigned securely. Resuming generation...
[2026-07-24 23:30:43] [Generator] Extracting verified commercial leads for [Doctor] in [Mumbai]...
[2026-07-24 23:30:44] [Network] Fresh IP assigned securely. Resuming generation...
[2026-07-24 23:30:44] [Generator] Extracting verified commercial leads for [Hotel] in [Jaipur]...
[2026-07-24 23:30:45] [Network] Rotating Realme 8 Mobile Data for fresh IP & maximum anonymity...
[2026-07-24 23:30:46] [SUCCESS] Cycle complete! Total database volume: 203 leads. Added 0 fresh leads.
[2026-07-24 23:30:46] === Batch resting for 4 hours to simulate natural traffic and stay safe ===
[2026-07-24 23:30:54] [Network] Fresh IP assigned securely. Resuming generation...
[2026-07-24 23:30:54] [Generator] Extracting verified commercial leads for [Doctor] in [Bangalore]...
[2026-07-24 23:30:57] [Network] Rotating Realme 8 Mobile Data for fresh IP & maximum anonymity...
[2026-07-24 23:31:06] [Network] Fresh IP assigned securely. Resuming generation...
[2026-07-24 23:31:06] [Generator] Extracting verified commercial leads for [Doctor] in [Delhi]...
[2026-07-24 23:31:08] [Network] Rotating Realme 8 Mobile Data for fresh IP & maximum anonymity...
[2026-07-24 23:31:17] [Network] Fresh IP assigned securely. Resuming generation...
[2026-07-24 23:31:17] [Generator] Extracting verified commercial leads for [Doctor] in [Hyderabad]...
[2026-07-24 23:31:19] [Network] Rotating Realme 8 Mobile Data for fresh IP & maximum anonymity...
[2026-07-24 23:31:28] [Network] Fresh IP assigned securely. Resuming generation...
[2026-07-24 23:31:28] [Generator] Extracting verified commercial leads for [Doctor] in [Chennai]...
[2026-07-24 23:31:30] [Network] Rotating Realme 8 Mobile Data for fresh IP & maximum anonymity...
[2026-07-24 23:31:39] [Network] Fresh IP assigned securely. Resuming generation...
[2026-07-24 23:31:39] [Generator] Extracting verified commercial leads for [Doctor] in [Ahmedabad]...
[2026-07-24 23:31:41] [Network] Rotating Realme 8 Mobile Data for fresh IP & maximum anonymity...
[2026-07-24 23:31:50] [Network] Fresh IP assigned securely. Resuming generation...
[2026-07-24 23:31:50] [Generator] Extracting verified commercial leads for [Doctor] in [Jaipur]...
[2026-07-24 23:31:52] [Network] Rotating Realme 8 Mobile Data for fresh IP & maximum anonymity...
[2026-07-24 23:32:01] [Network] Fresh IP assigned securely. Resuming generation...
[2026-07-24 23:32:01] [Generator] Extracting verified commercial leads for [Gym] in [Indore]...
[2026-07-24 23:32:03] [Network] Rotating Realme 8 Mobile Data for fresh IP & maximum anonymity...
[2026-07-24 23:32:13] [Network] Fresh IP assigned securely. Resuming generation...
[2026-07-24 23:32:13] [Generator] Extracting verified commercial leads for [Gym] in [Bhopal]...
[2026-07-24 23:32:15] [Network] Rotating Realme 8 Mobile Data for fresh IP & maximum anonymity...
[2026-07-24 23:32:24] [Network] Fresh IP assigned securely. Resuming generation...
[2026-07-24 23:32:24] [Generator] Extracting verified commercial leads for [Gym] in [Pune]...
[2026-07-24 23:32:26] [Network] Rotating Realme 8 Mobile Data for fresh IP & maximum anonymity...
[2026-07-24 23:32:35] [Network] Fresh IP assigned securely. Resuming generation...
[2026-07-24 23:32:35] [Generator] Extracting verified commercial leads for [Gym] in [Mumbai]...
[2026-07-24 23:32:37] [Network] Rotating Realme 8 Mobile Data for fresh IP & maximum anonymity...
[2026-07-24 23:32:46] [Network] Fresh IP assigned securely. Resuming generation...
[2026-07-24 23:32:46] [Generator] Extracting verified commercial leads for [Gym] in [Bangalore]...
[2026-07-24 23:32:48] [Network] Rotating Realme 8 Mobile Data for fresh IP & maximum anonymity...
[2026-07-24 23:32:57] [Network] Fresh IP assigned securely. Resuming generation...
[2026-07-24 23:32:57] [Generator] Extracting verified commercial leads for [Gym] in [Delhi]...
[2026-07-24 23:32:59] [Network] Rotating Realme 8 Mobile Data for fresh IP & maximum anonymity...
[2026-07-24 23:33:08] [Network] Fresh IP assigned securely. Resuming generation...
[2026-07-24 23:33:08] [Generator] Extracting verified commercial leads for [Gym] in [Hyderabad]...
[2026-07-24 23:33:10] [Network] Rotating Realme 8 Mobile Data for fresh IP & maximum anonymity...
[2026-07-24 23:33:19] [Network] Fresh IP assigned securely. Resuming generation...
[2026-07-24 23:33:19] [Generator] Extracting verified commercial leads for [Gym] in [Chennai]...
[2026-07-24 23:33:22] [Network] Rotating Realme 8 Mobile Data for fresh IP & maximum anonymity...
[2026-07-24 23:33:31] [Network] Fresh IP assigned securely. Resuming generation...
[2026-07-24 23:33:31] [Generator] Extracting verified commercial leads for [Gym] in [Ahmedabad]...
[2026-07-24 23:33:33] [Network] Rotating Realme 8 Mobile Data for fresh IP & maximum anonymity...
[2026-07-24 23:33:42] [Network] Fresh IP assigned securely. Resuming generation...
[2026-07-24 23:33:42] [Generator] Extracting verified commercial leads for [Gym] in [Jaipur]...
[2026-07-24 23:33:44] [Network] Rotating Realme 8 Mobile Data for fresh IP & maximum anonymity...
[2026-07-24 23:33:53] [Network] Fresh IP assigned securely. Resuming generation...
[2026-07-24 23:33:53] [Generator] Extracting verified commercial leads for [Lawyer] in [Indore]...
[2026-07-24 23:33:55] [Network] Rotating Realme 8 Mobile Data for fresh IP & maximum anonymity...
[2026-07-24 23:34:04] [Network] Fresh IP assigned securely. Resuming generation...
[2026-07-24 23:34:04] [Generator] Extracting verified commercial leads for [Lawyer] in [Bhopal]...
[2026-07-24 23:34:06] [Network] Rotating Realme 8 Mobile Data for fresh IP & maximum anonymity...
[2026-07-24 23:34:15] [Network] Fresh IP assigned securely. Resuming generation...
[2026-07-24 23:34:15] [Generator] Extracting verified commercial leads for [Lawyer] in [Pune]...
[2026-07-24 23:34:17] [Network] Rotating Realme 8 Mobile Data for fresh IP & maximum anonymity...
[2026-07-24 23:34:26] [Network] Fresh IP assigned securely. Resuming generation...
[2026-07-24 23:34:26] [Generator] Extracting verified commercial leads for [Lawyer] in [Mumbai]...
[2026-07-24 23:34:28] [Network] Rotating Realme 8 Mobile Data for fresh IP & maximum anonymity...
[2026-07-24 23:34:38] [Network] Fresh IP assigned securely. Resuming generation...
[2026-07-24 23:34:38] [Generator] Extracting verified commercial leads for [Lawyer] in [Bangalore]...
[2026-07-24 23:34:40] [Network] Rotating Realme 8 Mobile Data for fresh IP & maximum anonymity...
[2026-07-24 23:34:49] [Network] Fresh IP assigned securely. Resuming generation...
[2026-07-24 23:34:49] [Generator] Extracting verified commercial leads for [Lawyer] in [Delhi]...
[2026-07-24 23:34:51] [Network] Rotating Realme 8 Mobile Data for fresh IP & maximum anonymity...
[2026-07-24 23:35:00] [Network] Fresh IP assigned securely. Resuming generation...
[2026-07-24 23:35:00] [Generator] Extracting verified commercial leads for [Lawyer] in [Hyderabad]...
[2026-07-24 23:35:02] [Network] Rotating Realme 8 Mobile Data for fresh IP & maximum anonymity...
[2026-07-24 23:35:11] [Network] Fresh IP assigned securely. Resuming generation...
[2026-07-24 23:35:11] [Generator] Extracting verified commercial leads for [Lawyer] in [Chennai]...
[2026-07-24 23:35:13] [Network] Rotating Realme 8 Mobile Data for fresh IP & maximum anonymity...
[2026-07-24 23:35:22] [Network] Fresh IP assigned securely. Resuming generation...
[2026-07-24 23:35:22] [Generator] Extracting verified commercial leads for [Lawyer] in [Ahmedabad]...
[2026-07-24 23:35:24] [Network] Rotating Realme 8 Mobile Data for fresh IP & maximum anonymity...
[2026-07-24 23:35:33] [Network] Fresh IP assigned securely. Resuming generation...
[2026-07-24 23:35:33] [Generator] Extracting verified commercial leads for [Lawyer] in [Jaipur]...
[2026-07-24 23:35:35] [Network] Rotating Realme 8 Mobile Data for fresh IP & maximum anonymity...
[2026-07-24 23:35:45] [Network] Fresh IP assigned securely. Resuming generation...
[2026-07-24 23:35:45] [Generator] Extracting verified commercial leads for [E-commerce] in [Indore]...
[2026-07-24 23:35:47] [Network] Rotating Realme 8 Mobile Data for fresh IP & maximum anonymity...
[2026-07-24 23:35:56] [Network] Fresh IP assigned securely. Resuming generation...
[2026-07-24 23:35:56] [Generator] Extracting verified commercial leads for [E-commerce] in [Bhopal]...
[2026-07-24 23:35:58] [Network] Rotating Realme 8 Mobile Data for fresh IP & maximum anonymity...
[2026-07-24 23:36:07] [Network] Fresh IP assigned securely. Resuming generation...
[2026-07-24 23:36:07] [Generator] Extracting verified commercial leads for [E-commerce] in [Pune]...
[2026-07-24 23:36:09] [Network] Rotating Realme 8 Mobile Data for fresh IP & maximum anonymity...
[2026-07-24 23:36:18] [Network] Fresh IP assigned securely. Resuming generation...
[2026-07-24 23:36:18] [Generator] Extracting verified commercial leads for [E-commerce] in [Mumbai]...
[2026-07-24 23:36:20] [Network] Rotating Realme 8 Mobile Data for fresh IP & maximum anonymity...
[2026-07-24 23:36:29] [Network] Fresh IP assigned securely. Resuming generation...
[2026-07-24 23:36:29] [Generator] Extracting verified commercial leads for [E-commerce] in [Bangalore]...
[2026-07-24 23:36:31] [Network] Rotating Realme 8 Mobile Data for fresh IP & maximum anonymity...
[2026-07-24 23:36:40] [Network] Fresh IP assigned securely. Resuming generation...
[2026-07-24 23:36:40] [Generator] Extracting verified commercial leads for [E-commerce] in [Delhi]...
[2026-07-24 23:36:42] [Network] Rotating Realme 8 Mobile Data for fresh IP & maximum anonymity...
[2026-07-24 23:36:52] [Network] Fresh IP assigned securely. Resuming generation...
[2026-07-24 23:36:52] [Generator] Extracting verified commercial leads for [E-commerce] in [Hyderabad]...
[2026-07-24 23:36:54] [Network] Rotating Realme 8 Mobile Data for fresh IP & maximum anonymity...
[2026-07-24 23:37:03] [Network] Fresh IP assigned securely. Resuming generation...
[2026-07-24 23:37:03] [Generator] Extracting verified commercial leads for [E-commerce] in [Chennai]...
[2026-07-24 23:37:05] [Network] Rotating Realme 8 Mobile Data for fresh IP & maximum anonymity...
[2026-07-24 23:37:14] [Network] Fresh IP assigned securely. Resuming generation...
[2026-07-24 23:37:14] [Generator] Extracting verified commercial leads for [E-commerce] in [Ahmedabad]...
[2026-07-24 23:37:16] [Network] Rotating Realme 8 Mobile Data for fresh IP & maximum anonymity...
[2026-07-24 23:37:25] [Network] Fresh IP assigned securely. Resuming generation...
[2026-07-24 23:37:25] [Generator] Extracting verified commercial leads for [E-commerce] in [Jaipur]...
[2026-07-24 23:37:27] [Network] Rotating Realme 8 Mobile Data for fresh IP & maximum anonymity...
[2026-07-24 23:37:36] [Network] Fresh IP assigned securely. Resuming generation...
[2026-07-24 23:37:36] [Generator] Extracting verified commercial leads for [Interior Designer] in [Indore]...
[2026-07-24 23:37:38] [Network] Rotating Realme 8 Mobile Data for fresh IP & maximum anonymity...
[2026-07-24 23:37:47] [Network] Fresh IP assigned securely. Resuming generation...
[2026-07-24 23:37:47] [Generator] Extracting verified commercial leads for [Interior Designer] in [Bhopal]...
[2026-07-24 23:37:49] [Network] Rotating Realme 8 Mobile Data for fresh IP & maximum anonymity...
[2026-07-24 23:37:59] [Network] Fresh IP assigned securely. Resuming generation...
[2026-07-24 23:37:59] [Generator] Extracting verified commercial leads for [Interior Designer] in [Pune]...
[2026-07-24 23:38:01] [Network] Rotating Realme 8 Mobile Data for fresh IP & maximum anonymity...
[2026-07-24 23:38:10] [Network] Fresh IP assigned securely. Resuming generation...
[2026-07-24 23:38:10] [Generator] Extracting verified commercial leads for [Interior Designer] in [Mumbai]...
[2026-07-24 23:38:12] [Network] Rotating Realme 8 Mobile Data for fresh IP & maximum anonymity...
[2026-07-24 23:38:21] [Network] Fresh IP assigned securely. Resuming generation...
[2026-07-24 23:38:21] [Generator] Extracting verified commercial leads for [Interior Designer] in [Bangalore]...
[2026-07-24 23:38:23] [Network] Rotating Realme 8 Mobile Data for fresh IP & maximum anonymity...
[2026-07-24 23:38:32] [Network] Fresh IP assigned securely. Resuming generation...
[2026-07-24 23:38:32] [Generator] Extracting verified commercial leads for [Interior Designer] in [Delhi]...
[2026-07-24 23:38:34] [Network] Rotating Realme 8 Mobile Data for fresh IP & maximum anonymity...
[2026-07-24 23:38:43] [Network] Fresh IP assigned securely. Resuming generation...
[2026-07-24 23:38:43] [Generator] Extracting verified commercial leads for [Interior Designer] in [Hyderabad]...
[2026-07-24 23:38:45] [Network] Rotating Realme 8 Mobile Data for fresh IP & maximum anonymity...
[2026-07-24 23:38:54] [Network] Fresh IP assigned securely. Resuming generation...
[2026-07-24 23:38:54] [Generator] Extracting verified commercial leads for [Interior Designer] in [Chennai]...
[2026-07-24 23:38:56] [Network] Rotating Realme 8 Mobile Data for fresh IP & maximum anonymity...
[2026-07-24 23:39:06] [Network] Fresh IP assigned securely. Resuming generation...
[2026-07-24 23:39:06] [Generator] Extracting verified commercial leads for [Interior Designer] in [Ahmedabad]...
[2026-07-24 23:39:08] [Network] Rotating Realme 8 Mobile Data for fresh IP & maximum anonymity...
[2026-07-24 23:39:17] [Network] Fresh IP assigned securely. Resuming generation...
[2026-07-24 23:39:17] [Generator] Extracting verified commercial leads for [Interior Designer] in [Jaipur]...
[2026-07-24 23:39:19] [Network] Rotating Realme 8 Mobile Data for fresh IP & maximum anonymity...
[2026-07-24 23:39:28] [Network] Fresh IP assigned securely. Resuming generation...
[2026-07-24 23:39:28] [Generator] Extracting verified commercial leads for [Hotel] in [Indore]...
[2026-07-24 23:39:30] [Network] Rotating Realme 8 Mobile Data for fresh IP & maximum anonymity...
[2026-07-24 23:39:39] [Network] Fresh IP assigned securely. Resuming generation...
[2026-07-24 23:39:39] [Generator] Extracting verified commercial leads for [Hotel] in [Bhopal]...
[2026-07-24 23:39:41] [Network] Rotating Realme 8 Mobile Data for fresh IP & maximum anonymity...
[2026-07-24 23:39:50] [Network] Fresh IP assigned securely. Resuming generation...
[2026-07-24 23:39:50] [Generator] Extracting verified commercial leads for [Hotel] in [Pune]...
[2026-07-24 23:39:52] [Network] Rotating Realme 8 Mobile Data for fresh IP & maximum anonymity...
[2026-07-24 23:40:01] [Network] Fresh IP assigned securely. Resuming generation...
[2026-07-24 23:40:01] [Generator] Extracting verified commercial leads for [Hotel] in [Mumbai]...
[2026-07-24 23:40:03] [Network] Rotating Realme 8 Mobile Data for fresh IP & maximum anonymity...
[2026-07-24 23:40:13] [Network] Fresh IP assigned securely. Resuming generation...
[2026-07-24 23:40:13] [Generator] Extracting verified commercial leads for [Hotel] in [Bangalore]...
[2026-07-24 23:40:15] [Network] Rotating Realme 8 Mobile Data for fresh IP & maximum anonymity...
[2026-07-24 23:40:24] [Network] Fresh IP assigned securely. Resuming generation...
[2026-07-24 23:40:24] [Generator] Extracting verified commercial leads for [Hotel] in [Delhi]...
[2026-07-24 23:40:26] [Network] Rotating Realme 8 Mobile Data for fresh IP & maximum anonymity...
[2026-07-24 23:40:35] [Network] Fresh IP assigned securely. Resuming generation...
[2026-07-24 23:40:35] [Generator] Extracting verified commercial leads for [Hotel] in [Hyderabad]...
[2026-07-24 23:40:37] [Network] Rotating Realme 8 Mobile Data for fresh IP & maximum anonymity...
[2026-07-24 23:40:46] [Network] Fresh IP assigned securely. Resuming generation...
[2026-07-24 23:40:46] [Generator] Extracting verified commercial leads for [Hotel] in [Chennai]...
[2026-07-24 23:40:48] [Network] Rotating Realme 8 Mobile Data for fresh IP & maximum anonymity...
[2026-07-24 23:40:57] [Network] Fresh IP assigned securely. Resuming generation...
[2026-07-24 23:40:57] [Generator] Extracting verified commercial leads for [Hotel] in [Ahmedabad]...
[2026-07-24 23:40:59] [Network] Rotating Realme 8 Mobile Data for fresh IP & maximum anonymity...
[2026-07-24 23:41:08] [Network] Fresh IP assigned securely. Resuming generation...
[2026-07-24 23:41:08] [Generator] Extracting verified commercial leads for [Hotel] in [Jaipur]...
[2026-07-24 23:41:10] [SUCCESS] Cycle complete! Total database volume: 203 leads. Added 0 fresh leads.
[2026-07-24 23:41:10] === Batch resting for 4 hours to simulate natural traffic and stay safe ===
[2026-07-25 01:18:48] === Starting High-Scale 2000-5000+ Lead Generation Cycle ==-
[2026-07-25 01:18:48] [Network] Rotating Realme 8 Mobile Data for fresh IP & maximum anonymity...
[2026-07-25 01:18:57] [Network] Fresh IP assigned securely. Resuming generation...
[2026-07-25 01:18:57] [Generator] Extracting verified commercial leads for [Digital Agency] in [Indore]...
[2026-07-25 01:18:59] [Network] Rotating Realme 8 Mobile Data for fresh IP & maximum anonymity...
[2026-07-25 01:19:08] [Network] Fresh IP assigned securely. Resuming generation...
[2026-07-25 01:19:08] [Generator] Extracting verified commercial leads for [Digital Agency] in [Bhopal]...
[2026-07-25 01:19:10] [Network] Rotating Realme 8 Mobile Data for fresh IP & maximum anonymity...
[2026-07-25 01:19:19] [Network] Fresh IP assigned securely. Resuming generation...
[2026-07-25 01:19:19] [Generator] Extracting verified commercial leads for [Digital Agency] in [Pune]...
[2026-07-25 01:19:21] [Network] Rotating Realme 8 Mobile Data for fresh IP & maximum anonymity...
[2026-07-25 01:19:30] [Network] Fresh IP assigned securely. Resuming generation...
[2026-07-25 01:19:30] [Generator] Extracting verified commercial leads for [Digital Agency] in [Mumbai]...
[2026-07-25 01:19:32] [Network] Rotating Realme 8 Mobile Data for fresh IP & maximum anonymity...
[2026-07-25 01:19:41] [Network] Fresh IP assigned securely. Resuming generation...
[2026-07-25 01:19:41] [Generator] Extracting verified commercial leads for [Digital Agency] in [Bangalore]...
[2026-07-25 01:19:43] [Network] Rotating Realme 8 Mobile Data for fresh IP & maximum anonymity...
[2026-07-25 01:19:53] [Network] Fresh IP assigned securely. Resuming generation...
[2026-07-25 01:19:53] [Generator] Extracting verified commercial leads for [Digital Agency] in [Delhi]...
[2026-07-25 01:19:55] [Network] Rotating Realme 8 Mobile Data for fresh IP & maximum anonymity...
[2026-07-25 01:20:04] [Network] Fresh IP assigned securely. Resuming generation...
[2026-07-25 01:20:04] [Generator] Extracting verified commercial leads for [Digital Agency] in [Hyderabad]...
[2026-07-25 01:20:06] [Network] Rotating Realme 8 Mobile Data for fresh IP & maximum anonymity...
[2026-07-25 01:20:15] [Network] Fresh IP assigned securely. Resuming generation...
[2026-07-25 01:20:15] [Generator] Extracting verified commercial leads for [Digital Agency] in [Chennai]...
[2026-07-25 01:20:17] [Network] Rotating Realme 8 Mobile Data for fresh IP & maximum anonymity...
[2026-07-25 01:20:26] [Network] Fresh IP assigned securely. Resuming generation...
[2026-07-25 01:20:26] [Generator] Extracting verified commercial leads for [Digital Agency] in [Ahmedabad]...
[2026-07-25 01:20:28] [Network] Rotating Realme 8 Mobile Data for fresh IP & maximum anonymity...
[2026-07-25 01:20:37] [Network] Fresh IP assigned securely. Resuming generation...
[2026-07-25 01:20:37] [Generator] Extracting verified commercial leads for [Digital Agency] in [Jaipur]...
[2026-07-25 01:20:39] [Network] Rotating Realme 8 Mobile Data for fresh IP & maximum anonymity...
[2026-07-25 01:20:49] [Network] Fresh IP assigned securely. Resuming generation...
[2026-07-25 01:20:49] [Generator] Extracting verified commercial leads for [Real Estate] in [Indore]...
[2026-07-25 01:20:51] [Network] Rotating Realme 8 Mobile Data for fresh IP & maximum anonymity...
[2026-07-25 01:21:00] [Network] Fresh IP assigned securely. Resuming generation...
[2026-07-25 01:21:00] [Generator] Extracting verified commercial leads for [Real Estate] in [Bhopal]...
[2026-07-25 01:21:02] [Network] Rotating Realme 8 Mobile Data for fresh IP & maximum anonymity...
[2026-07-25 01:21:11] [Network] Fresh IP assigned securely. Resuming generation...
[2026-07-25 01:21:11] [Generator] Extracting verified commercial leads for [Real Estate] in [Pune]...
[2026-07-25 01:21:13] [Network] Rotating Realme 8 Mobile Data for fresh IP & maximum anonymity...
[2026-07-25 01:21:22] [Network] Fresh IP assigned securely. Resuming generation...
[2026-07-25 01:21:22] [Generator] Extracting verified commercial leads for [Real Estate] in [Mumbai]...
[2026-07-25 01:21:24] [Network] Rotating Realme 8 Mobile Data for fresh IP & maximum anonymity...
[2026-07-25 01:21:33] [Network] Fresh IP assigned securely. Resuming generation...
[2026-07-25 01:21:33] [Generator] Extracting verified commercial leads for [Real Estate] in [Bangalore]...
[2026-07-25 01:21:35] [Network] Rotating Realme 8 Mobile Data for fresh IP & maximum anonymity...
[2026-07-25 01:21:44] [Network] Fresh IP assigned securely. Resuming generation...
[2026-07-25 01:21:44] [Generator] Extracting verified commercial leads for [Real Estate] in [Delhi]...
[2026-07-25 01:21:46] [Network] Rotating Realme 8 Mobile Data for fresh IP & maximum anonymity...
[2026-07-25 01:21:55] [Network] Fresh IP assigned securely. Resuming generation...
[2026-07-25 01:21:55] [Generator] Extracting verified commercial leads for [Real Estate] in [Hyderabad]...
[2026-07-25 01:21:57] [Network] Rotating Realme 8 Mobile Data for fresh IP & maximum anonymity...
[2026-07-25 01:22:07] [Network] Fresh IP assigned securely. Resuming generation...
[2026-07-25 01:22:07] [Generator] Extracting verified commercial leads for [Real Estate] in [Chennai]...
[2026-07-25 01:22:09] [Network] Rotating Realme 8 Mobile Data for fresh IP & maximum anonymity...
[2026-07-25 01:22:18] [Network] Fresh IP assigned securely. Resuming generation...
[2026-07-25 01:22:18] [Generator] Extracting verified commercial leads for [Real Estate] in [Ahmedabad]...
[2026-07-25 01:22:20] [Network] Rotating Realme 8 Mobile Data for fresh IP & maximum anonymity...
[2026-07-25 01:22:29] [Network] Fresh IP assigned securely. Resuming generation...
[2026-07-25 01:22:29] [Generator] Extracting verified commercial leads for [Real Estate] in [Jaipur]...
[2026-07-25 01:22:31] [Network] Rotating Realme 8 Mobile Data for fresh IP & maximum anonymity...
[2026-07-25 01:22:40] [Network] Fresh IP assigned securely. Resuming generation...
[2026-07-25 01:22:40] [Generator] Extracting verified commercial leads for [Restaurant] in [Indore]...
[2026-07-25 01:22:42] [Network] Rotating Realme 8 Mobile Data for fresh IP & maximum anonymity...
[2026-07-25 01:22:51] [Network] Fresh IP assigned securely. Resuming generation...
[2026-07-25 01:22:51] [Generator] Extracting verified commercial leads for [Restaurant] in [Bhopal]...
[2026-07-25 01:22:53] [Network] Rotating Realme 8 Mobile Data for fresh IP & maximum anonymity...
[2026-07-25 01:23:02] [Network] Fresh IP assigned securely. Resuming generation...
[2026-07-25 01:23:02] [Generator] Extracting verified commercial leads for [Restaurant] in [Pune]...
[2026-07-25 01:23:04] [Network] Rotating Realme 8 Mobile Data for fresh IP & maximum anonymity...
[2026-07-25 01:23:14] [Network] Fresh IP assigned securely. Resuming generation...
[2026-07-25 01:23:14] [Generator] Extracting verified commercial leads for [Restaurant] in [Mumbai]...
[2026-07-25 01:23:16] [Network] Rotating Realme 8 Mobile Data for fresh IP & maximum anonymity...
[2026-07-25 01:23:25] [Network] Fresh IP assigned securely. Resuming generation...
[2026-07-25 01:23:25] [Generator] Extracting verified commercial leads for [Restaurant] in [Bangalore]...
[2026-07-25 01:23:27] [Network] Rotating Realme 8 Mobile Data for fresh IP & maximum anonymity...
[2026-07-25 01:23:36] [Network] Fresh IP assigned securely. Resuming generation...
[2026-07-25 01:23:36] [Generator] Extracting verified commercial leads for [Restaurant] in [Delhi]...
[2026-07-25 01:23:38] [Network] Rotating Realme 8 Mobile Data for fresh IP & maximum anonymity...
[2026-07-25 01:23:47] [Network] Fresh IP assigned securely. Resuming generation...
[2026-07-25 01:23:47] [Generator] Extracting verified commercial leads for [Restaurant] in [Hyderabad]...
[2026-07-25 01:23:49] [Network] Rotating Realme 8 Mobile Data for fresh IP & maximum anonymity...
[2026-07-25 01:23:58] [Network] Fresh IP assigned securely. Resuming generation...
[2026-07-25 01:23:58] [Generator] Extracting verified commercial leads for [Restaurant] in [Chennai]...
[2026-07-25 01:24:00] [Network] Rotating Realme 8 Mobile Data for fresh IP & maximum anonymity...
[2026-07-25 01:24:09] [Network] Fresh IP assigned securely. Resuming generation...
[2026-07-25 01:24:09] [Generator] Extracting verified commercial leads for [Restaurant] in [Ahmedabad]...
[2026-07-25 01:24:11] [Network] Rotating Realme 8 Mobile Data for fresh IP & maximum anonymity...
[2026-07-25 01:24:20] [Network] Fresh IP assigned securely. Resuming generation...
[2026-07-25 01:24:20] [Generator] Extracting verified commercial leads for [Restaurant] in [Jaipur]...
[2026-07-25 01:24:22] [Network] Rotating Realme 8 Mobile Data for fresh IP & maximum anonymity...
[2026-07-25 01:24:32] [Network] Fresh IP assigned securely. Resuming generation...
[2026-07-25 01:24:32] [Generator] Extracting verified commercial leads for [Coaching Institute] in [Indore]...
[2026-07-25 01:24:34] [Network] Rotating Realme 8 Mobile Data for fresh IP & maximum anonymity...
[2026-07-25 01:24:43] [Network] Fresh IP assigned securely. Resuming generation...
[2026-07-25 01:24:43] [Generator] Extracting verified commercial leads for [Coaching Institute] in [Bhopal]...
[2026-07-25 01:24:45] [Network] Rotating Realme 8 Mobile Data for fresh IP & maximum anonymity...
[2026-07-25 01:24:54] [Network] Fresh IP assigned securely. Resuming generation...
[2026-07-25 01:24:54] [Generator] Extracting verified commercial leads for [Coaching Institute] in [Pune]...
[2026-07-25 01:24:56] [Network] Rotating Realme 8 Mobile Data for fresh IP & maximum anonymity...
[2026-07-25 01:25:05] [Network] Fresh IP assigned securely. Resuming generation...
[2026-07-25 01:25:05] [Generator] Extracting verified commercial leads for [Coaching Institute] in [Mumbai]...
[2026-07-25 01:25:07] [Network] Rotating Realme 8 Mobile Data for fresh IP & maximum anonymity...
[2026-07-25 01:25:16] [Network] Fresh IP assigned securely. Resuming generation...
[2026-07-25 01:25:16] [Generator] Extracting verified commercial leads for [Coaching Institute] in [Bangalore]...
[2026-07-25 01:25:18] [Network] Rotating Realme 8 Mobile Data for fresh IP & maximum anonymity...
[2026-07-25 01:25:27] [Network] Fresh IP assigned securely. Resuming generation...
[2026-07-25 01:25:27] [Generator] Extracting verified commercial leads for [Coaching Institute] in [Delhi]...
[2026-07-25 01:25:29] [Network] Rotating Realme 8 Mobile Data for fresh IP & maximum anonymity...
[2026-07-25 01:25:39] [Network] Fresh IP assigned securely. Resuming generation...
[2026-07-25 01:25:39] [Generator] Extracting verified commercial leads for [Coaching Institute] in [Hyderabad]...
[2026-07-25 01:25:41] [Network] Rotating Realme 8 Mobile Data for fresh IP & maximum anonymity...
[2026-07-25 01:25:50] [Network] Fresh IP assigned securely. Resuming generation...
[2026-07-25 01:25:50] [Generator] Extracting verified commercial leads for [Coaching Institute] in [Chennai]...
[2026-07-25 01:25:52] [Network] Rotating Realme 8 Mobile Data for fresh IP & maximum anonymity...
[2026-07-25 01:26:01] [Network] Fresh IP assigned securely. Resuming generation...
[2026-07-25 01:26:01] [Generator] Extracting verified commercial leads for [Coaching Institute] in [Ahmedabad]...
[2026-07-25 01:26:03] [Network] Rotating Realme 8 Mobile Data for fresh IP & maximum anonymity...
[2026-07-25 01:26:12] [Network] Fresh IP assigned securely. Resuming generation...
[2026-07-25 01:26:12] [Generator] Extracting verified commercial leads for [Coaching Institute] in [Jaipur]...
[2026-07-25 01:26:14] [Network] Rotating Realme 8 Mobile Data for fresh IP & maximum anonymity...
[2026-07-25 01:26:23] [Network] Fresh IP assigned securely. Resuming generation...
[2026-07-25 01:26:23] [Generator] Extracting verified commercial leads for [Doctor] in [Indore]...
[2026-07-25 01:26:25] [Network] Rotating Realme 8 Mobile Data for fresh IP & maximum anonymity...
[2026-07-25 01:26:34] [Network] Fresh IP assigned securely. Resuming generation...
[2026-07-25 01:26:34] [Generator] Extracting verified commercial leads for [Doctor] in [Bhopal]...
[2026-07-25 01:26:36] [Network] Rotating Realme 8 Mobile Data for fresh IP & maximum anonymity...
[2026-07-25 01:26:46] [Network] Fresh IP assigned securely. Resuming generation...
[2026-07-25 01:26:46] [Generator] Extracting verified commercial leads for [Doctor] in [Pune]...
[2026-07-25 01:26:48] [Network] Rotating Realme 8 Mobile Data for fresh IP & maximum anonymity...
[2026-07-25 01:26:57] [Network] Fresh IP assigned securely. Resuming generation...
[2026-07-25 01:26:57] [Generator] Extracting verified commercial leads for [Doctor] in [Mumbai]...
[2026-07-25 01:26:59] [Network] Rotating Realme 8 Mobile Data for fresh IP & maximum anonymity...
[2026-07-25 01:27:08] [Network] Fresh IP assigned securely. Resuming generation...
[2026-07-25 01:27:08] [Generator] Extracting verified commercial leads for [Doctor] in [Bangalore]...
[2026-07-25 01:27:10] [Network] Rotating Realme 8 Mobile Data for fresh IP & maximum anonymity...
[2026-07-25 01:27:19] [Network] Fresh IP assigned securely. Resuming generation...
[2026-07-25 01:27:19] [Generator] Extracting verified commercial leads for [Doctor] in [Delhi]...
[2026-07-25 01:27:21] [Network] Rotating Realme 8 Mobile Data for fresh IP & maximum anonymity...
[2026-07-25 01:27:30] [Network] Fresh IP assigned securely. Resuming generation...
[2026-07-25 01:27:30] [Generator] Extracting verified commercial leads for [Doctor] in [Hyderabad]...
[2026-07-25 01:27:32] [Network] Rotating Realme 8 Mobile Data for fresh IP & maximum anonymity...
[2026-07-25 01:27:41] [Network] Fresh IP assigned securely. Resuming generation...
[2026-07-25 01:27:41] [Generator] Extracting verified commercial leads for [Doctor] in [Chennai]...
[2026-07-25 01:27:43] [Network] Rotating Realme 8 Mobile Data for fresh IP & maximum anonymity...
[2026-07-25 01:27:53] [Network] Fresh IP assigned securely. Resuming generation...
[2026-07-25 01:27:53] [Generator] Extracting verified commercial leads for [Doctor] in [Ahmedabad]...
[2026-07-25 01:27:55] [Network] Rotating Realme 8 Mobile Data for fresh IP & maximum anonymity...
[2026-07-25 01:28:04] [Network] Fresh IP assigned securely. Resuming generation...
[2026-07-25 01:28:04] [Generator] Extracting verified commercial leads for [Doctor] in [Jaipur]...
[2026-07-25 01:28:06] [Network] Rotating Realme 8 Mobile Data for fresh IP & maximum anonymity...
[2026-07-25 01:28:15] [Network] Fresh IP assigned securely. Resuming generation...
[2026-07-25 01:28:15] [Generator] Extracting verified commercial leads for [Gym] in [Indore]...
[2026-07-25 01:28:17] [Network] Rotating Realme 8 Mobile Data for fresh IP & maximum anonymity...
[2026-07-25 01:28:26] [Network] Fresh IP assigned securely. Resuming generation...
[2026-07-25 01:28:26] [Generator] Extracting verified commercial leads for [Gym] in [Bhopal]...
[2026-07-25 01:28:28] [Network] Rotating Realme 8 Mobile Data for fresh IP & maximum anonymity...
[2026-07-25 01:28:37] [Network] Fresh IP assigned securely. Resuming generation...
[2026-07-25 01:28:37] [Generator] Extracting verified commercial leads for [Gym] in [Pune]...
[2026-07-25 01:28:39] [Network] Rotating Realme 8 Mobile Data for fresh IP & maximum anonymity...
[2026-07-25 01:28:48] [Network] Fresh IP assigned securely. Resuming generation...
[2026-07-25 01:28:48] [Generator] Extracting verified commercial leads for [Gym] in [Mumbai]...
[2026-07-25 01:28:50] [Network] Rotating Realme 8 Mobile Data for fresh IP & maximum anonymity...
[2026-07-25 01:28:59] [Network] Fresh IP assigned securely. Resuming generation...
[2026-07-25 01:28:59] [Generator] Extracting verified commercial leads for [Gym] in [Bangalore]...
[2026-07-25 01:29:01] [Network] Rotating Realme 8 Mobile Data for fresh IP & maximum anonymity...
[2026-07-25 01:29:11] [Network] Fresh IP assigned securely. Resuming generation...
[2026-07-25 01:29:11] [Generator] Extracting verified commercial leads for [Gym] in [Delhi]...
[2026-07-25 01:29:13] [Network] Rotating Realme 8 Mobile Data for fresh IP & maximum anonymity...
[2026-07-25 01:29:22] [Network] Fresh IP assigned securely. Resuming generation...
[2026-07-25 01:29:22] [Generator] Extracting verified commercial leads for [Gym] in [Hyderabad]...
[2026-07-25 01:29:24] [Network] Rotating Realme 8 Mobile Data for fresh IP & maximum anonymity...
[2026-07-25 01:29:33] [Network] Fresh IP assigned securely. Resuming generation...
[2026-07-25 01:29:33] [Generator] Extracting verified commercial leads for [Gym] in [Chennai]...
[2026-07-25 01:29:35] [Network] Rotating Realme 8 Mobile Data for fresh IP & maximum anonymity...
[2026-07-25 01:29:44] [Network] Fresh IP assigned securely. Resuming generation...
[2026-07-25 01:29:44] [Generator] Extracting verified commercial leads for [Gym] in [Ahmedabad]...
[2026-07-25 01:29:46] [Network] Rotating Realme 8 Mobile Data for fresh IP & maximum anonymity...
[2026-07-25 01:29:55] [Network] Fresh IP assigned securely. Resuming generation...
[2026-07-25 01:29:55] [Generator] Extracting verified commercial leads for [Gym] in [Jaipur]...
[2026-07-25 01:29:57] [Network] Rotating Realme 8 Mobile Data for fresh IP & maximum anonymity...
[2026-07-25 01:30:06] [Network] Fresh IP assigned securely. Resuming generation...
[2026-07-25 01:30:06] [Generator] Extracting verified commercial leads for [Lawyer] in [Indore]...
[2026-07-25 01:30:08] [Network] Rotating Realme 8 Mobile Data for fresh IP & maximum anonymity...
[2026-07-25 01:30:18] [Network] Fresh IP assigned securely. Resuming generation...
[2026-07-25 01:30:18] [Generator] Extracting verified commercial leads for [Lawyer] in [Bhopal]...
[2026-07-25 01:30:20] [Network] Rotating Realme 8 Mobile Data for fresh IP & maximum anonymity...
[2026-07-25 01:30:29] [Network] Fresh IP assigned securely. Resuming generation...
[2026-07-25 01:30:29] [Generator] Extracting verified commercial leads for [Lawyer] in [Pune]...
[2026-07-25 01:30:31] [Network] Rotating Realme 8 Mobile Data for fresh IP & maximum anonymity...
[2026-07-25 01:30:40] [Network] Fresh IP assigned securely. Resuming generation...
[2026-07-25 01:30:40] [Generator] Extracting verified commercial leads for [Lawyer] in [Mumbai]...
[2026-07-25 01:30:42] [Network] Rotating Realme 8 Mobile Data for fresh IP & maximum anonymity...
[2026-07-25 01:30:51] [Network] Fresh IP assigned securely. Resuming generation...
[2026-07-25 01:30:51] [Generator] Extracting verified commercial leads for [Lawyer] in [Bangalore]...
[2026-07-25 01:30:53] [Network] Rotating Realme 8 Mobile Data for fresh IP & maximum anonymity...
[2026-07-25 01:31:02] [Network] Fresh IP assigned securely. Resuming generation...
[2026-07-25 01:31:02] [Generator] Extracting verified commercial leads for [Lawyer] in [Delhi]...
[2026-07-25 01:31:04] [Network] Rotating Realme 8 Mobile Data for fresh IP & maximum anonymity...
[2026-07-25 01:31:13] [Network] Fresh IP assigned securely. Resuming generation...
[2026-07-25 01:31:13] [Generator] Extracting verified commercial leads for [Lawyer] in [Hyderabad]...
[2026-07-25 01:31:15] [Network] Rotating Realme 8 Mobile Data for fresh IP & maximum anonymity...
[2026-07-25 01:31:24] [Network] Fresh IP assigned securely. Resuming generation...
[2026-07-25 01:31:24] [Generator] Extracting verified commercial leads for [Lawyer] in [Chennai]...
[2026-07-25 01:31:26] [Network] Rotating Realme 8 Mobile Data for fresh IP & maximum anonymity...
[2026-07-25 01:31:36] [Network] Fresh IP assigned securely. Resuming generation...
[2026-07-25 01:31:36] [Generator] Extracting verified commercial leads for [Lawyer] in [Ahmedabad]...
[2026-07-25 01:31:38] [Network] Rotating Realme 8 Mobile Data for fresh IP & maximum anonymity...
[2026-07-25 01:31:42] === Starting High-Scale 2000-5000+ Lead Generation Cycle ==-
[2026-07-25 01:31:42] [Network] Rotating Realme 8 Mobile Data for fresh IP & maximum anonymity...
[2026-07-25 01:31:47] [Network] Fresh IP assigned securely. Resuming generation...
[2026-07-25 01:31:47] [Generator] Extracting verified commercial leads for [Lawyer] in [Jaipur]...
[2026-07-25 01:31:49] [Network] Rotating Realme 8 Mobile Data for fresh IP & maximum anonymity...
[2026-07-25 01:31:51] [Network] Fresh IP assigned securely. Resuming generation...
[2026-07-25 01:31:51] [Generator] Extracting verified commercial leads for [Digital Agency] in [Indore]...
[2026-07-25 01:31:53] [Network] Rotating Realme 8 Mobile Data for fresh IP & maximum anonymity...
[2026-07-25 01:31:58] [Network] Fresh IP assigned securely. Resuming generation...
[2026-07-25 01:31:58] [Generator] Extracting verified commercial leads for [E-commerce] in [Indore]...
[2026-07-25 01:32:00] [Network] Rotating Realme 8 Mobile Data for fresh IP & maximum anonymity...
[2026-07-25 01:32:02] [Network] Fresh IP assigned securely. Resuming generation...
[2026-07-25 01:32:02] [Generator] Extracting verified commercial leads for [Digital Agency] in [Bhopal]...
[2026-07-25 01:32:04] [Network] Rotating Realme 8 Mobile Data for fresh IP & maximum anonymity...
[2026-07-25 01:32:09] [Network] Fresh IP assigned securely. Resuming generation...
[2026-07-25 01:32:09] [Generator] Extracting verified commercial leads for [E-commerce] in [Bhopal]...
[2026-07-25 01:32:11] [Network] Rotating Realme 8 Mobile Data for fresh IP & maximum anonymity...
[2026-07-25 01:32:13] [Network] Fresh IP assigned securely. Resuming generation...
[2026-07-25 01:32:13] [Generator] Extracting verified commercial leads for [Digital Agency] in [Pune]...
[2026-07-25 01:32:15] [Network] Rotating Realme 8 Mobile Data for fresh IP & maximum anonymity...
[2026-07-25 01:32:20] [Network] Fresh IP assigned securely. Resuming generation...
[2026-07-25 01:32:20] [Generator] Extracting verified commercial leads for [E-commerce] in [Pune]...
[2026-07-25 01:32:22] [Network] Rotating Realme 8 Mobile Data for fresh IP & maximum anonymity...
[2026-07-25 01:32:25] [Network] Fresh IP assigned securely. Resuming generation...
[2026-07-25 01:32:25] [Generator] Extracting verified commercial leads for [Digital Agency] in [Mumbai]...
[2026-07-25 01:32:27] [Network] Rotating Realme 8 Mobile Data for fresh IP & maximum anonymity...
[2026-07-25 01:32:31] [Network] Fresh IP assigned securely. Resuming generation...
[2026-07-25 01:32:31] [Generator] Extracting verified commercial leads for [E-commerce] in [Mumbai]...
[2026-07-25 01:32:33] [Network] Rotating Realme 8 Mobile Data for fresh IP & maximum anonymity...
[2026-07-25 01:32:36] [Network] Fresh IP assigned securely. Resuming generation...
[2026-07-25 01:32:36] [Generator] Extracting verified commercial leads for [Digital Agency] in [Bangalore]...
[2026-07-25 01:32:38] [Network] Rotating Realme 8 Mobile Data for fresh IP & maximum anonymity...
[2026-07-25 01:32:43] [Network] Fresh IP assigned securely. Resuming generation...
[2026-07-25 01:32:43] [Generator] Extracting verified commercial leads for [E-commerce] in [Bangalore]...
[2026-07-25 01:32:45] [Network] Rotating Realme 8 Mobile Data for fresh IP & maximum anonymity...
[2026-07-25 01:32:47] [Network] Fresh IP assigned securely. Resuming generation...
[2026-07-25 01:32:47] [Generator] Extracting verified commercial leads for [Digital Agency] in [Delhi]...
[2026-07-25 01:32:49] [Network] Rotating Realme 8 Mobile Data for fresh IP & maximum anonymity...
[2026-07-25 01:32:54] [Network] Fresh IP assigned securely. Resuming generation...
[2026-07-25 01:32:54] [Generator] Extracting verified commercial leads for [E-commerce] in [Delhi]...
[2026-07-25 01:32:56] [Network] Rotating Realme 8 Mobile Data for fresh IP & maximum anonymity...
[2026-07-25 01:32:58] [Network] Fresh IP assigned securely. Resuming generation...
[2026-07-25 01:32:58] [Generator] Extracting verified commercial leads for [Digital Agency] in [Hyderabad]...
[2026-07-25 01:33:00] [Network] Rotating Realme 8 Mobile Data for fresh IP & maximum anonymity...
[2026-07-25 01:33:05] [Network] Fresh IP assigned securely. Resuming generation...
[2026-07-25 01:33:05] [Generator] Extracting verified commercial leads for [E-commerce] in [Hyderabad]...
[2026-07-25 01:33:07] [Network] Rotating Realme 8 Mobile Data for fresh IP & maximum anonymity...
[2026-07-25 01:33:09] [Network] Fresh IP assigned securely. Resuming generation...
[2026-07-25 01:33:09] [Generator] Extracting verified commercial leads for [Digital Agency] in [Chennai]...
[2026-07-25 01:33:11] [Network] Rotating Realme 8 Mobile Data for fresh IP & maximum anonymity...
[2026-07-25 01:33:16] [Network] Fresh IP assigned securely. Resuming generation...
[2026-07-25 01:33:16] [Generator] Extracting verified commercial leads for [E-commerce] in [Chennai]...
[2026-07-25 01:33:18] [Network] Rotating Realme 8 Mobile Data for fresh IP & maximum anonymity...
[2026-07-25 01:33:20] [Network] Fresh IP assigned securely. Resuming generation...
[2026-07-25 01:33:20] [Generator] Extracting verified commercial leads for [Digital Agency] in [Ahmedabad]...
[2026-07-25 01:33:22] [Network] Rotating Realme 8 Mobile Data for fresh IP & maximum anonymity...
[2026-07-25 01:33:27] [Network] Fresh IP assigned securely. Resuming generation...
[2026-07-25 01:33:27] [Generator] Extracting verified commercial leads for [E-commerce] in [Ahmedabad]...
[2026-07-25 01:33:29] [Network] Rotating Realme 8 Mobile Data for fresh IP & maximum anonymity...
[2026-07-25 01:33:31] [Network] Fresh IP assigned securely. Resuming generation...
[2026-07-25 01:33:31] [Generator] Extracting verified commercial leads for [Digital Agency] in [Jaipur]...
[2026-07-25 01:33:33] [Network] Rotating Realme 8 Mobile Data for fresh IP & maximum anonymity...
[2026-07-25 01:33:38] [Network] Fresh IP assigned securely. Resuming generation...
[2026-07-25 01:33:38] [Generator] Extracting verified commercial leads for [E-commerce] in [Jaipur]...
[2026-07-25 01:33:40] [Network] Rotating Realme 8 Mobile Data for fresh IP & maximum anonymity...
[2026-07-25 01:33:43] [Network] Fresh IP assigned securely. Resuming generation...
[2026-07-25 01:33:43] [Generator] Extracting verified commercial leads for [Real Estate] in [Indore]...
[2026-07-25 01:33:45] [Network] Rotating Realme 8 Mobile Data for fresh IP & maximum anonymity...
[2026-07-25 01:33:49] [Network] Fresh IP assigned securely. Resuming generation...
[2026-07-25 01:33:49] [Generator] Extracting verified commercial leads for [Interior Designer] in [Indore]...
[2026-07-25 01:33:51] [Network] Rotating Realme 8 Mobile Data for fresh IP & maximum anonymity...
[2026-07-25 01:33:54] [Network] Fresh IP assigned securely. Resuming generation...
[2026-07-25 01:33:54] [Generator] Extracting verified commercial leads for [Real Estate] in [Bhopal]...
[2026-07-25 01:33:56] [Network] Rotating Realme 8 Mobile Data for fresh IP & maximum anonymity...
[2026-07-25 01:34:01] [Network] Fresh IP assigned securely. Resuming generation...
[2026-07-25 01:34:01] [Generator] Extracting verified commercial leads for [Interior Designer] in [Bhopal]...
[2026-07-25 01:34:03] [Network] Rotating Realme 8 Mobile Data for fresh IP & maximum anonymity...
[2026-07-25 01:34:05] [Network] Fresh IP assigned securely. Resuming generation...
[2026-07-25 01:34:05] [Generator] Extracting verified commercial leads for [Real Estate] in [Pune]...
[2026-07-25 01:34:07] [Network] Rotating Realme 8 Mobile Data for fresh IP & maximum anonymity...
[2026-07-25 01:34:12] [Network] Fresh IP assigned securely. Resuming generation...
[2026-07-25 01:34:12] [Generator] Extracting verified commercial leads for [Interior Designer] in [Pune]...
[2026-07-25 01:34:14] [Network] Rotating Realme 8 Mobile Data for fresh IP & maximum anonymity...
[2026-07-25 01:34:16] [Network] Fresh IP assigned securely. Resuming generation...
[2026-07-25 01:34:16] [Generator] Extracting verified commercial leads for [Real Estate] in [Mumbai]...
[2026-07-25 01:34:18] [Network] Rotating Realme 8 Mobile Data for fresh IP & maximum anonymity...
[2026-07-25 01:34:23] [Network] Fresh IP assigned securely. Resuming generation...
[2026-07-25 01:34:23] [Generator] Extracting verified commercial leads for [Interior Designer] in [Mumbai]...
[2026-07-25 01:34:25] [Network] Rotating Realme 8 Mobile Data for fresh IP & maximum anonymity...
[2026-07-25 01:34:27] [Network] Fresh IP assigned securely. Resuming generation...
[2026-07-25 01:34:27] [Generator] Extracting verified commercial leads for [Real Estate] in [Bangalore]...
[2026-07-25 01:34:29] [Network] Rotating Realme 8 Mobile Data for fresh IP & maximum anonymity...
[2026-07-25 01:34:34] [Network] Fresh IP assigned securely. Resuming generation...
[2026-07-25 01:34:34] [Generator] Extracting verified commercial leads for [Interior Designer] in [Bangalore]...
[2026-07-25 01:34:36] [Network] Rotating Realme 8 Mobile Data for fresh IP & maximum anonymity...
[2026-07-25 01:34:38] [Network] Fresh IP assigned securely. Resuming generation...
[2026-07-25 01:34:38] [Generator] Extracting verified commercial leads for [Real Estate] in [Delhi]...
[2026-07-25 01:34:40] [Network] Rotating Realme 8 Mobile Data for fresh IP & maximum anonymity...
[2026-07-25 01:34:45] [Network] Fresh IP assigned securely. Resuming generation...
[2026-07-25 01:34:45] [Generator] Extracting verified commercial leads for [Interior Designer] in [Delhi]...
[2026-07-25 01:34:47] [Network] Rotating Realme 8 Mobile Data for fresh IP & maximum anonymity...
[2026-07-25 01:34:49] [Network] Fresh IP assigned securely. Resuming generation...
[2026-07-25 01:34:49] [Generator] Extracting verified commercial leads for [Real Estate] in [Hyderabad]...
[2026-07-25 01:34:51] [Network] Rotating Realme 8 Mobile Data for fresh IP & maximum anonymity...
[2026-07-25 01:34:56] [Network] Fresh IP assigned securely. Resuming generation...
[2026-07-25 01:34:56] [Generator] Extracting verified commercial leads for [Interior Designer] in [Hyderabad]...
[2026-07-25 01:34:58] [Network] Rotating Realme 8 Mobile Data for fresh IP & maximum anonymity...
[2026-07-25 01:35:01] [Network] Fresh IP assigned securely. Resuming generation...
[2026-07-25 01:35:01] [Generator] Extracting verified commercial leads for [Real Estate] in [Chennai]...
[2026-07-25 01:35:03] [Network] Rotating Realme 8 Mobile Data for fresh IP & maximum anonymity...
[2026-07-25 01:35:08] [Network] Fresh IP assigned securely. Resuming generation...
[2026-07-25 01:35:08] [Generator] Extracting verified commercial leads for [Interior Designer] in [Chennai]...
[2026-07-25 01:35:10] [Network] Rotating Realme 8 Mobile Data for fresh IP & maximum anonymity...
[2026-07-25 01:35:12] [Network] Fresh IP assigned securely. Resuming generation...
[2026-07-25 01:35:12] [Generator] Extracting verified commercial leads for [Real Estate] in [Ahmedabad]...
[2026-07-25 01:35:14] [Network] Rotating Realme 8 Mobile Data for fresh IP & maximum anonymity...
[2026-07-25 01:35:19] [Network] Fresh IP assigned securely. Resuming generation...
[2026-07-25 01:35:19] [Generator] Extracting verified commercial leads for [Interior Designer] in [Ahmedabad]...
[2026-07-25 01:35:21] [Network] Rotating Realme 8 Mobile Data for fresh IP & maximum anonymity...
[2026-07-25 01:35:23] [Network] Fresh IP assigned securely. Resuming generation...
[2026-07-25 01:35:23] [Generator] Extracting verified commercial leads for [Real Estate] in [Jaipur]...
[2026-07-25 01:35:25] [Network] Rotating Realme 8 Mobile Data for fresh IP & maximum anonymity...
[2026-07-25 01:35:30] [Network] Fresh IP assigned securely. Resuming generation...
[2026-07-25 01:35:30] [Generator] Extracting verified commercial leads for [Interior Designer] in [Jaipur]...
[2026-07-25 01:35:32] [Network] Rotating Realme 8 Mobile Data for fresh IP & maximum anonymity...
[2026-07-25 01:35:34] [Network] Fresh IP assigned securely. Resuming generation...
[2026-07-25 01:35:34] [Generator] Extracting verified commercial leads for [Restaurant] in [Indore]...
[2026-07-25 01:35:36] [Network] Rotating Realme 8 Mobile Data for fresh IP & maximum anonymity...
[2026-07-25 01:35:41] [Network] Fresh IP assigned securely. Resuming generation...
[2026-07-25 01:35:41] [Generator] Extracting verified commercial leads for [Hotel] in [Indore]...
[2026-07-25 01:35:43] [Network] Rotating Realme 8 Mobile Data for fresh IP & maximum anonymity...
[2026-07-25 01:35:45] [Network] Fresh IP assigned securely. Resuming generation...
[2026-07-25 01:35:45] [Generator] Extracting verified commercial leads for [Restaurant] in [Bhopal]...
[2026-07-25 01:35:47] [Network] Rotating Realme 8 Mobile Data for fresh IP & maximum anonymity...
[2026-07-25 01:35:52] [Network] Fresh IP assigned securely. Resuming generation...
[2026-07-25 01:35:52] [Generator] Extracting verified commercial leads for [Hotel] in [Bhopal]...
[2026-07-25 01:35:54] [Network] Rotating Realme 8 Mobile Data for fresh IP & maximum anonymity...
[2026-07-25 01:35:56] [Network] Fresh IP assigned securely. Resuming generation...
[2026-07-25 01:35:56] [Generator] Extracting verified commercial leads for [Restaurant] in [Pune]...
[2026-07-25 01:35:58] [Network] Rotating Realme 8 Mobile Data for fresh IP & maximum anonymity...
[2026-07-25 01:36:03] [Network] Fresh IP assigned securely. Resuming generation...
[2026-07-25 01:36:03] [Generator] Extracting verified commercial leads for [Hotel] in [Pune]...
[2026-07-25 01:36:05] [Network] Rotating Realme 8 Mobile Data for fresh IP & maximum anonymity...
[2026-07-25 01:36:08] [Network] Fresh IP assigned securely. Resuming generation...
[2026-07-25 01:36:08] [Generator] Extracting verified commercial leads for [Restaurant] in [Mumbai]...
[2026-07-25 01:36:10] [Network] Rotating Realme 8 Mobile Data for fresh IP & maximum anonymity...
[2026-07-25 01:36:14] [Network] Fresh IP assigned securely. Resuming generation...
[2026-07-25 01:36:14] [Generator] Extracting verified commercial leads for [Hotel] in [Mumbai]...
[2026-07-25 01:36:16] [Network] Rotating Realme 8 Mobile Data for fresh IP & maximum anonymity...
[2026-07-25 01:36:19] [Network] Fresh IP assigned securely. Resuming generation...
[2026-07-25 01:36:19] [Generator] Extracting verified commercial leads for [Restaurant] in [Bangalore]...
[2026-07-25 01:36:21] [Network] Rotating Realme 8 Mobile Data for fresh IP & maximum anonymity...
[2026-07-25 01:36:26] [Network] Fresh IP assigned securely. Resuming generation...
[2026-07-25 01:36:26] [Generator] Extracting verified commercial leads for [Hotel] in [Bangalore]...
[2026-07-25 01:36:28] [Network] Rotating Realme 8 Mobile Data for fresh IP & maximum anonymity...
[2026-07-25 01:36:30] [Network] Fresh IP assigned securely. Resuming generation...
[2026-07-25 01:36:30] [Generator] Extracting verified commercial leads for [Restaurant] in [Delhi]...
[2026-07-25 01:36:32] [Network] Rotating Realme 8 Mobile Data for fresh IP & maximum anonymity...
[2026-07-25 01:36:37] [Network] Fresh IP assigned securely. Resuming generation...
[2026-07-25 01:36:37] [Generator] Extracting verified commercial leads for [Hotel] in [Delhi]...
[2026-07-25 01:36:39] [Network] Rotating Realme 8 Mobile Data for fresh IP & maximum anonymity...
[2026-07-25 01:36:41] [Network] Fresh IP assigned securely. Resuming generation...
[2026-07-25 01:36:41] [Generator] Extracting verified commercial leads for [Restaurant] in [Hyderabad]...
[2026-07-25 01:36:43] [Network] Rotating Realme 8 Mobile Data for fresh IP & maximum anonymity...
[2026-07-25 01:36:48] [Network] Fresh IP assigned securely. Resuming generation...
[2026-07-25 01:36:48] [Generator] Extracting verified commercial leads for [Hotel] in [Hyderabad]...
[2026-07-25 01:36:50] [Network] Rotating Realme 8 Mobile Data for fresh IP & maximum anonymity...
[2026-07-25 01:36:52] [Network] Fresh IP assigned securely. Resuming generation...
[2026-07-25 01:36:52] [Generator] Extracting verified commercial leads for [Restaurant] in [Chennai]...
[2026-07-25 01:36:54] [Network] Rotating Realme 8 Mobile Data for fresh IP & maximum anonymity...
[2026-07-25 01:36:59] [Network] Fresh IP assigned securely. Resuming generation...
[2026-07-25 01:36:59] [Generator] Extracting verified commercial leads for [Hotel] in [Chennai]...
[2026-07-25 01:37:01] [Network] Rotating Realme 8 Mobile Data for fresh IP & maximum anonymity...
[2026-07-25 01:37:03] [Network] Fresh IP assigned securely. Resuming generation...
[2026-07-25 01:37:03] [Generator] Extracting verified commercial leads for [Restaurant] in [Ahmedabad]...
[2026-07-25 01:37:05] [Network] Rotating Realme 8 Mobile Data for fresh IP & maximum anonymity...
[2026-07-25 01:37:10] [Network] Fresh IP assigned securely. Resuming generation...
[2026-07-25 01:37:10] [Generator] Extracting verified commercial leads for [Hotel] in [Ahmedabad]...
[2026-07-25 01:37:12] [Network] Rotating Realme 8 Mobile Data for fresh IP & maximum anonymity...
[2026-07-25 01:37:14] [Network] Fresh IP assigned securely. Resuming generation...
[2026-07-25 01:37:14] [Generator] Extracting verified commercial leads for [Restaurant] in [Jaipur]...
[2026-07-25 01:37:16] [Network] Rotating Realme 8 Mobile Data for fresh IP & maximum anonymity...
[2026-07-25 01:37:21] [Network] Fresh IP assigned securely. Resuming generation...
[2026-07-25 01:37:21] [Generator] Extracting verified commercial leads for [Hotel] in [Jaipur]...
[2026-07-25 01:37:23] [SUCCESS] Cycle complete! Total database volume: 203 leads. Added 0 fresh leads.
[2026-07-25 01:37:23] === Batch resting for 4 hours to simulate natural traffic and stay safe ===
[2026-07-25 01:37:25] [Network] Fresh IP assigned securely. Resuming generation...
[2026-07-25 01:37:25] [Generator] Extracting verified commercial leads for [Coaching Institute] in [Indore]...
[2026-07-25 01:37:27] [Network] Rotating Realme 8 Mobile Data for fresh IP & maximum anonymity...
[2026-07-25 01:37:37] [Network] Fresh IP assigned securely. Resuming generation...
[2026-07-25 01:37:37] [Generator] Extracting verified commercial leads for [Coaching Institute] in [Bhopal]...
[2026-07-25 01:37:39] [Network] Rotating Realme 8 Mobile Data for fresh IP & maximum anonymity...
[2026-07-25 01:37:48] [Network] Fresh IP assigned securely. Resuming generation...
[2026-07-25 01:37:48] [Generator] Extracting verified commercial leads for [Coaching Institute] in [Pune]...
[2026-07-25 01:37:50] [Network] Rotating Realme 8 Mobile Data for fresh IP & maximum anonymity...
[2026-07-25 01:37:59] [Network] Fresh IP assigned securely. Resuming generation...
[2026-07-25 01:37:59] [Generator] Extracting verified commercial leads for [Coaching Institute] in [Mumbai]...
[2026-07-25 01:38:01] [Network] Rotating Realme 8 Mobile Data for fresh IP & maximum anonymity...
[2026-07-25 01:38:10] [Network] Fresh IP assigned securely. Resuming generation...
[2026-07-25 01:38:10] [Generator] Extracting verified commercial leads for [Coaching Institute] in [Bangalore]...
[2026-07-25 01:38:12] [Network] Rotating Realme 8 Mobile Data for fresh IP & maximum anonymity...
[2026-07-25 01:38:21] [Network] Fresh IP assigned securely. Resuming generation...
[2026-07-25 01:38:21] [Generator] Extracting verified commercial leads for [Coaching Institute] in [Delhi]...
[2026-07-25 01:38:23] [Network] Rotating Realme 8 Mobile Data for fresh IP & maximum anonymity...
[2026-07-25 01:38:32] [Network] Fresh IP assigned securely. Resuming generation...
[2026-07-25 01:38:32] [Generator] Extracting verified commercial leads for [Coaching Institute] in [Hyderabad]...
[2026-07-25 01:38:34] [Network] Rotating Realme 8 Mobile Data for fresh IP & maximum anonymity...
[2026-07-25 01:38:44] [Network] Fresh IP assigned securely. Resuming generation...
[2026-07-25 01:38:44] [Generator] Extracting verified commercial leads for [Coaching Institute] in [Chennai]...
[2026-07-25 01:38:46] [Network] Rotating Realme 8 Mobile Data for fresh IP & maximum anonymity...
[2026-07-25 01:38:55] [Network] Fresh IP assigned securely. Resuming generation...
[2026-07-25 01:38:55] [Generator] Extracting verified commercial leads for [Coaching Institute] in [Ahmedabad]...
[2026-07-25 01:38:57] [Network] Rotating Realme 8 Mobile Data for fresh IP & maximum anonymity...
[2026-07-25 01:39:06] [Network] Fresh IP assigned securely. Resuming generation...
[2026-07-25 01:39:06] [Generator] Extracting verified commercial leads for [Coaching Institute] in [Jaipur]...
[2026-07-25 01:39:08] [Network] Rotating Realme 8 Mobile Data for fresh IP & maximum anonymity...
[2026-07-25 01:39:17] [Network] Fresh IP assigned securely. Resuming generation...
[2026-07-25 01:39:17] [Generator] Extracting verified commercial leads for [Doctor] in [Indore]...
[2026-07-25 01:39:19] [Network] Rotating Realme 8 Mobile Data for fresh IP & maximum anonymity...
[2026-07-25 01:39:28] [Network] Fresh IP assigned securely. Resuming generation...
[2026-07-25 01:39:28] [Generator] Extracting verified commercial leads for [Doctor] in [Bhopal]...
[2026-07-25 01:39:30] [Network] Rotating Realme 8 Mobile Data for fresh IP & maximum anonymity...
[2026-07-25 01:39:39] [Network] Fresh IP assigned securely. Resuming generation...
[2026-07-25 01:39:39] [Generator] Extracting verified commercial leads for [Doctor] in [Pune]...
[2026-07-25 01:39:41] [Network] Rotating Realme 8 Mobile Data for fresh IP & maximum anonymity...
[2026-07-25 01:39:50] [Network] Fresh IP assigned securely. Resuming generation...
[2026-07-25 01:39:50] [Generator] Extracting verified commercial leads for [Doctor] in [Mumbai]...
[2026-07-25 01:39:52] [Network] Rotating Realme 8 Mobile Data for fresh IP & maximum anonymity...
[2026-07-25 01:40:02] [Network] Fresh IP assigned securely. Resuming generation...
[2026-07-25 01:40:02] [Generator] Extracting verified commercial leads for [Doctor] in [Bangalore]...
[2026-07-25 01:40:04] [Network] Rotating Realme 8 Mobile Data for fresh IP & maximum anonymity...
[2026-07-25 01:40:13] [Network] Fresh IP assigned securely. Resuming generation...
[2026-07-25 01:40:13] [Generator] Extracting verified commercial leads for [Doctor] in [Delhi]...
[2026-07-25 01:40:15] [Network] Rotating Realme 8 Mobile Data for fresh IP & maximum anonymity...
[2026-07-25 01:40:24] [Network] Fresh IP assigned securely. Resuming generation...
[2026-07-25 01:40:24] [Generator] Extracting verified commercial leads for [Doctor] in [Hyderabad]...
[2026-07-25 01:40:26] [Network] Rotating Realme 8 Mobile Data for fresh IP & maximum anonymity...
[2026-07-25 01:40:35] [Network] Fresh IP assigned securely. Resuming generation...
[2026-07-25 01:40:35] [Generator] Extracting verified commercial leads for [Doctor] in [Chennai]...
[2026-07-25 01:40:37] [Network] Rotating Realme 8 Mobile Data for fresh IP & maximum anonymity...
[2026-07-25 01:40:46] [Network] Fresh IP assigned securely. Resuming generation...
[2026-07-25 01:40:46] [Generator] Extracting verified commercial leads for [Doctor] in [Ahmedabad]...
[2026-07-25 01:40:48] [Network] Rotating Realme 8 Mobile Data for fresh IP & maximum anonymity...
[2026-07-25 01:40:57] [Network] Fresh IP assigned securely. Resuming generation...
[2026-07-25 01:40:57] [Generator] Extracting verified commercial leads for [Doctor] in [Jaipur]...
[2026-07-25 01:40:59] [Network] Rotating Realme 8 Mobile Data for fresh IP & maximum anonymity...
[2026-07-25 01:41:09] [Network] Fresh IP assigned securely. Resuming generation...
[2026-07-25 01:41:09] [Generator] Extracting verified commercial leads for [Gym] in [Indore]...
[2026-07-25 01:41:11] [Network] Rotating Realme 8 Mobile Data for fresh IP & maximum anonymity...
[2026-07-25 01:41:20] [Network] Fresh IP assigned securely. Resuming generation...
[2026-07-25 01:41:20] [Generator] Extracting verified commercial leads for [Gym] in [Bhopal]...
[2026-07-25 01:41:22] [Network] Rotating Realme 8 Mobile Data for fresh IP & maximum anonymity...
[2026-07-25 01:41:31] [Network] Fresh IP assigned securely. Resuming generation...
[2026-07-25 01:41:31] [Generator] Extracting verified commercial leads for [Gym] in [Pune]...
[2026-07-25 01:41:33] [Network] Rotating Realme 8 Mobile Data for fresh IP & maximum anonymity...
[2026-07-25 01:41:42] [Network] Fresh IP assigned securely. Resuming generation...
[2026-07-25 01:41:42] [Generator] Extracting verified commercial leads for [Gym] in [Mumbai]...
[2026-07-25 01:41:44] [Network] Rotating Realme 8 Mobile Data for fresh IP & maximum anonymity...
[2026-07-25 01:41:53] [Network] Fresh IP assigned securely. Resuming generation...
[2026-07-25 01:41:53] [Generator] Extracting verified commercial leads for [Gym] in [Bangalore]...
[2026-07-25 01:41:55] [Network] Rotating Realme 8 Mobile Data for fresh IP & maximum anonymity...
[2026-07-25 01:42:04] [Network] Fresh IP assigned securely. Resuming generation...
[2026-07-25 01:42:04] [Generator] Extracting verified commercial leads for [Gym] in [Delhi]...
[2026-07-25 01:42:06] [Network] Rotating Realme 8 Mobile Data for fresh IP & maximum anonymity...
[2026-07-25 01:42:15] [Network] Fresh IP assigned securely. Resuming generation...
[2026-07-25 01:42:15] [Generator] Extracting verified commercial leads for [Gym] in [Hyderabad]...
[2026-07-25 01:42:17] [Network] Rotating Realme 8 Mobile Data for fresh IP & maximum anonymity...
[2026-07-25 01:42:27] [Network] Fresh IP assigned securely. Resuming generation...
[2026-07-25 01:42:27] [Generator] Extracting verified commercial leads for [Gym] in [Chennai]...
[2026-07-25 01:42:29] [Network] Rotating Realme 8 Mobile Data for fresh IP & maximum anonymity...
[2026-07-25 01:42:38] [Network] Fresh IP assigned securely. Resuming generation...
[2026-07-25 01:42:38] [Generator] Extracting verified commercial leads for [Gym] in [Ahmedabad]...
[2026-07-25 01:42:40] [Network] Rotating Realme 8 Mobile Data for fresh IP & maximum anonymity...
[2026-07-25 01:42:49] [Network] Fresh IP assigned securely. Resuming generation...
[2026-07-25 01:42:49] [Generator] Extracting verified commercial leads for [Gym] in [Jaipur]...
[2026-07-25 01:42:51] [Network] Rotating Realme 8 Mobile Data for fresh IP & maximum anonymity...
[2026-07-25 01:43:00] [Network] Fresh IP assigned securely. Resuming generation...
[2026-07-25 01:43:00] [Generator] Extracting verified commercial leads for [Lawyer] in [Indore]...
[2026-07-25 01:43:02] [Network] Rotating Realme 8 Mobile Data for fresh IP & maximum anonymity...
[2026-07-25 01:43:11] [Network] Fresh IP assigned securely. Resuming generation...
[2026-07-25 01:43:11] [Generator] Extracting verified commercial leads for [Lawyer] in [Bhopal]...
[2026-07-25 01:43:13] [Network] Rotating Realme 8 Mobile Data for fresh IP & maximum anonymity...
[2026-07-25 01:43:22] [Network] Fresh IP assigned securely. Resuming generation...
[2026-07-25 01:43:22] [Generator] Extracting verified commercial leads for [Lawyer] in [Pune]...
[2026-07-25 01:43:24] [Network] Rotating Realme 8 Mobile Data for fresh IP & maximum anonymity...
[2026-07-25 01:43:34] [Network] Fresh IP assigned securely. Resuming generation...
[2026-07-25 01:43:34] [Generator] Extracting verified commercial leads for [Lawyer] in [Mumbai]...
[2026-07-25 01:43:36] [Network] Rotating Realme 8 Mobile Data for fresh IP & maximum anonymity...
[2026-07-25 01:43:45] [Network] Fresh IP assigned securely. Resuming generation...
[2026-07-25 01:43:45] [Generator] Extracting verified commercial leads for [Lawyer] in [Bangalore]...
[2026-07-25 01:43:47] [Network] Rotating Realme 8 Mobile Data for fresh IP & maximum anonymity...
[2026-07-25 01:43:56] [Network] Fresh IP assigned securely. Resuming generation...
[2026-07-25 01:43:56] [Generator] Extracting verified commercial leads for [Lawyer] in [Delhi]...
[2026-07-25 01:43:58] [Network] Rotating Realme 8 Mobile Data for fresh IP & maximum anonymity...
[2026-07-25 01:44:07] [Network] Fresh IP assigned securely. Resuming generation...
[2026-07-25 01:44:07] [Generator] Extracting verified commercial leads for [Lawyer] in [Hyderabad]...
[2026-07-25 01:44:09] [Network] Rotating Realme 8 Mobile Data for fresh IP & maximum anonymity...
[2026-07-25 01:44:18] [Network] Fresh IP assigned securely. Resuming generation...
[2026-07-25 01:44:18] [Generator] Extracting verified commercial leads for [Lawyer] in [Chennai]...
[2026-07-25 01:44:20] [Network] Rotating Realme 8 Mobile Data for fresh IP & maximum anonymity...
[2026-07-25 01:44:29] [Network] Fresh IP assigned securely. Resuming generation...
[2026-07-25 01:44:29] [Generator] Extracting verified commercial leads for [Lawyer] in [Ahmedabad]...
[2026-07-25 01:44:31] [Network] Rotating Realme 8 Mobile Data for fresh IP & maximum anonymity...
[2026-07-25 01:44:40] [Network] Fresh IP assigned securely. Resuming generation...
[2026-07-25 01:44:40] [Generator] Extracting verified commercial leads for [Lawyer] in [Jaipur]...
[2026-07-25 01:44:42] [Network] Rotating Realme 8 Mobile Data for fresh IP & maximum anonymity...
[2026-07-25 01:44:52] [Network] Fresh IP assigned securely. Resuming generation...
[2026-07-25 01:44:52] [Generator] Extracting verified commercial leads for [E-commerce] in [Indore]...
[2026-07-25 01:44:54] [Network] Rotating Realme 8 Mobile Data for fresh IP & maximum anonymity...
[2026-07-25 01:45:03] [Network] Fresh IP assigned securely. Resuming generation...
[2026-07-25 01:45:03] [Generator] Extracting verified commercial leads for [E-commerce] in [Bhopal]...
[2026-07-25 01:45:05] [Network] Rotating Realme 8 Mobile Data for fresh IP & maximum anonymity...
[2026-07-25 01:45:14] [Network] Fresh IP assigned securely. Resuming generation...
[2026-07-25 01:45:14] [Generator] Extracting verified commercial leads for [E-commerce] in [Pune]...
[2026-07-25 01:45:16] [Network] Rotating Realme 8 Mobile Data for fresh IP & maximum anonymity...
[2026-07-25 01:45:25] [Network] Fresh IP assigned securely. Resuming generation...
[2026-07-25 01:45:25] [Generator] Extracting verified commercial leads for [E-commerce] in [Mumbai]...
[2026-07-25 01:45:27] [Network] Rotating Realme 8 Mobile Data for fresh IP & maximum anonymity...
[2026-07-25 01:45:36] [Network] Fresh IP assigned securely. Resuming generation...
[2026-07-25 01:45:36] [Generator] Extracting verified commercial leads for [E-commerce] in [Bangalore]...
[2026-07-25 01:45:38] [Network] Rotating Realme 8 Mobile Data for fresh IP & maximum anonymity...
[2026-07-25 01:45:47] [Network] Fresh IP assigned securely. Resuming generation...
[2026-07-25 01:45:47] [Generator] Extracting verified commercial leads for [E-commerce] in [Delhi]...
[2026-07-25 01:45:49] [Network] Rotating Realme 8 Mobile Data for fresh IP & maximum anonymity...
[2026-07-25 01:45:58] [Network] Fresh IP assigned securely. Resuming generation...
[2026-07-25 01:45:58] [Generator] Extracting verified commercial leads for [E-commerce] in [Hyderabad]...
[2026-07-25 01:46:00] [Network] Rotating Realme 8 Mobile Data for fresh IP & maximum anonymity...
[2026-07-25 01:46:10] [Network] Fresh IP assigned securely. Resuming generation...
[2026-07-25 01:46:10] [Generator] Extracting verified commercial leads for [E-commerce] in [Chennai]...
[2026-07-25 01:46:12] [Network] Rotating Realme 8 Mobile Data for fresh IP & maximum anonymity...
[2026-07-25 01:46:21] [Network] Fresh IP assigned securely. Resuming generation...
[2026-07-25 01:46:21] [Generator] Extracting verified commercial leads for [E-commerce] in [Ahmedabad]...
[2026-07-25 01:46:23] [Network] Rotating Realme 8 Mobile Data for fresh IP & maximum anonymity...
[2026-07-25 01:46:32] [Network] Fresh IP assigned securely. Resuming generation...
[2026-07-25 01:46:32] [Generator] Extracting verified commercial leads for [E-commerce] in [Jaipur]...
[2026-07-25 01:46:34] [Network] Rotating Realme 8 Mobile Data for fresh IP & maximum anonymity...
[2026-07-25 01:46:43] [Network] Fresh IP assigned securely. Resuming generation...
[2026-07-25 01:46:43] [Generator] Extracting verified commercial leads for [Interior Designer] in [Indore]...
[2026-07-25 01:46:45] [Network] Rotating Realme 8 Mobile Data for fresh IP & maximum anonymity...
[2026-07-25 01:46:54] [Network] Fresh IP assigned securely. Resuming generation...
[2026-07-25 01:46:54] [Generator] Extracting verified commercial leads for [Interior Designer] in [Bhopal]...
[2026-07-25 01:46:56] [Network] Rotating Realme 8 Mobile Data for fresh IP & maximum anonymity...
[2026-07-25 01:47:05] [Network] Fresh IP assigned securely. Resuming generation...
[2026-07-25 01:47:05] [Generator] Extracting verified commercial leads for [Interior Designer] in [Pune]...
[2026-07-25 01:47:07] [Network] Rotating Realme 8 Mobile Data for fresh IP & maximum anonymity...
[2026-07-25 01:47:17] [Network] Fresh IP assigned securely. Resuming generation...
[2026-07-25 01:47:17] [Generator] Extracting verified commercial leads for [Interior Designer] in [Mumbai]...
[2026-07-25 01:47:19] [Network] Rotating Realme 8 Mobile Data for fresh IP & maximum anonymity...
[2026-07-25 01:47:28] [Network] Fresh IP assigned securely. Resuming generation...
[2026-07-25 01:47:28] [Generator] Extracting verified commercial leads for [Interior Designer] in [Bangalore]...
[2026-07-25 01:47:30] [Network] Rotating Realme 8 Mobile Data for fresh IP & maximum anonymity...
[2026-07-25 01:47:39] [Network] Fresh IP assigned securely. Resuming generation...
[2026-07-25 01:47:39] [Generator] Extracting verified commercial leads for [Interior Designer] in [Delhi]...
[2026-07-25 01:47:41] [Network] Rotating Realme 8 Mobile Data for fresh IP & maximum anonymity...
[2026-07-25 01:47:50] [Network] Fresh IP assigned securely. Resuming generation...
[2026-07-25 01:47:50] [Generator] Extracting verified commercial leads for [Interior Designer] in [Hyderabad]...
[2026-07-25 01:47:52] [Network] Rotating Realme 8 Mobile Data for fresh IP & maximum anonymity...
[2026-07-25 01:48:01] [Network] Fresh IP assigned securely. Resuming generation...
[2026-07-25 01:48:01] [Generator] Extracting verified commercial leads for [Interior Designer] in [Chennai]...
[2026-07-25 01:48:03] [Network] Rotating Realme 8 Mobile Data for fresh IP & maximum anonymity...
[2026-07-25 01:48:12] [Network] Fresh IP assigned securely. Resuming generation...
[2026-07-25 01:48:12] [Generator] Extracting verified commercial leads for [Interior Designer] in [Ahmedabad]...
[2026-07-25 01:48:14] [Network] Rotating Realme 8 Mobile Data for fresh IP & maximum anonymity...
[2026-07-25 01:48:23] [Network] Fresh IP assigned securely. Resuming generation...
[2026-07-25 01:48:23] [Generator] Extracting verified commercial leads for [Interior Designer] in [Jaipur]...
[2026-07-25 01:48:25] [Network] Rotating Realme 8 Mobile Data for fresh IP & maximum anonymity...
[2026-07-25 01:48:35] [Network] Fresh IP assigned securely. Resuming generation...
[2026-07-25 01:48:35] [Generator] Extracting verified commercial leads for [Hotel] in [Indore]...
[2026-07-25 01:48:37] [Network] Rotating Realme 8 Mobile Data for fresh IP & maximum anonymity...
[2026-07-25 01:48:46] [Network] Fresh IP assigned securely. Resuming generation...
[2026-07-25 01:48:46] [Generator] Extracting verified commercial leads for [Hotel] in [Bhopal]...
[2026-07-25 01:48:48] [Network] Rotating Realme 8 Mobile Data for fresh IP & maximum anonymity...
[2026-07-25 01:48:57] [Network] Fresh IP assigned securely. Resuming generation...
[2026-07-25 01:48:57] [Generator] Extracting verified commercial leads for [Hotel] in [Pune]...
[2026-07-25 01:48:59] [Network] Rotating Realme 8 Mobile Data for fresh IP & maximum anonymity...
[2026-07-25 01:49:08] [Network] Fresh IP assigned securely. Resuming generation...
[2026-07-25 01:49:08] [Generator] Extracting verified commercial leads for [Hotel] in [Mumbai]...
[2026-07-25 01:49:10] [Network] Rotating Realme 8 Mobile Data for fresh IP & maximum anonymity...
[2026-07-25 01:49:19] [Network] Fresh IP assigned securely. Resuming generation...
[2026-07-25 01:49:19] [Generator] Extracting verified commercial leads for [Hotel] in [Bangalore]...
[2026-07-25 01:49:21] [Network] Rotating Realme 8 Mobile Data for fresh IP & maximum anonymity...
[2026-07-25 01:49:30] [Network] Fresh IP assigned securely. Resuming generation...
[2026-07-25 01:49:30] [Generator] Extracting verified commercial leads for [Hotel] in [Delhi]...
[2026-07-25 01:49:32] [Network] Rotating Realme 8 Mobile Data for fresh IP & maximum anonymity...
[2026-07-25 01:49:41] [Network] Fresh IP assigned securely. Resuming generation...
[2026-07-25 01:49:41] [Generator] Extracting verified commercial leads for [Hotel] in [Hyderabad]...
[2026-07-25 01:49:43] [Network] Rotating Realme 8 Mobile Data for fresh IP & maximum anonymity...
[2026-07-25 01:49:53] [Network] Fresh IP assigned securely. Resuming generation...
[2026-07-25 01:49:53] [Generator] Extracting verified commercial leads for [Hotel] in [Chennai]...
[2026-07-25 01:49:55] [Network] Rotating Realme 8 Mobile Data for fresh IP & maximum anonymity...
[2026-07-25 01:50:04] [Network] Fresh IP assigned securely. Resuming generation...
[2026-07-25 01:50:04] [Generator] Extracting verified commercial leads for [Hotel] in [Ahmedabad]...
[2026-07-25 01:50:06] [Network] Rotating Realme 8 Mobile Data for fresh IP & maximum anonymity...
[2026-07-25 01:50:15] [Network] Fresh IP assigned securely. Resuming generation...
[2026-07-25 01:50:15] [Generator] Extracting verified commercial leads for [Hotel] in [Jaipur]...
[2026-07-25 01:50:17] [SUCCESS] Cycle complete! Total database volume: 203 leads. Added 0 fresh leads.
[2026-07-25 01:50:17] === Batch resting for 4 hours to simulate natural traffic and stay safe ===
[2026-07-25 01:50:37] === Starting High-Scale 2000-5000+ Lead Generation Cycle ==-
[2026-07-25 01:50:37] [Network] Rotating Realme 8 Mobile Data for fresh IP & maximum anonymity...
[2026-07-25 01:50:46] [Network] Fresh IP assigned securely. Resuming generation...
[2026-07-25 01:50:46] [Generator] Extracting verified commercial leads for [Digital Agency] in [Indore]...
[2026-07-25 01:50:48] [Network] Rotating Realme 8 Mobile Data for fresh IP & maximum anonymity...
[2026-07-25 01:50:57] [Network] Fresh IP assigned securely. Resuming generation...
[2026-07-25 01:50:57] [Generator] Extracting verified commercial leads for [Digital Agency] in [Bhopal]...
[2026-07-25 01:50:59] [Network] Rotating Realme 8 Mobile Data for fresh IP & maximum anonymity...
[2026-07-25 01:51:08] [Network] Fresh IP assigned securely. Resuming generation...
[2026-07-25 01:51:08] [Generator] Extracting verified commercial leads for [Digital Agency] in [Pune]...
[2026-07-25 01:51:10] [Network] Rotating Realme 8 Mobile Data for fresh IP & maximum anonymity...
[2026-07-25 01:51:19] [Network] Fresh IP assigned securely. Resuming generation...
[2026-07-25 01:51:19] [Generator] Extracting verified commercial leads for [Digital Agency] in [Mumbai]...
[2026-07-25 01:51:21] [Network] Rotating Realme 8 Mobile Data for fresh IP & maximum anonymity...
[2026-07-25 01:51:30] [Network] Fresh IP assigned securely. Resuming generation...
[2026-07-25 01:51:30] [Generator] Extracting verified commercial leads for [Digital Agency] in [Bangalore]...
[2026-07-25 01:51:32] [Network] Rotating Realme 8 Mobile Data for fresh IP & maximum anonymity...
[2026-07-25 01:51:41] [Network] Fresh IP assigned securely. Resuming generation...
[2026-07-25 01:51:41] [Generator] Extracting verified commercial leads for [Digital Agency] in [Delhi]...
[2026-07-25 01:51:43] [Network] Rotating Realme 8 Mobile Data for fresh IP & maximum anonymity...
[2026-07-25 01:51:53] [Network] Fresh IP assigned securely. Resuming generation...
[2026-07-25 01:51:53] [Generator] Extracting verified commercial leads for [Digital Agency] in [Hyderabad]...
[2026-07-25 01:51:55] [Network] Rotating Realme 8 Mobile Data for fresh IP & maximum anonymity...
[2026-07-25 01:52:04] [Network] Fresh IP assigned securely. Resuming generation...
[2026-07-25 01:52:04] [Generator] Extracting verified commercial leads for [Digital Agency] in [Chennai]...
[2026-07-25 01:52:06] [Network] Rotating Realme 8 Mobile Data for fresh IP & maximum anonymity...
[2026-07-25 01:52:15] [Network] Fresh IP assigned securely. Resuming generation...
[2026-07-25 01:52:15] [Generator] Extracting verified commercial leads for [Digital Agency] in [Ahmedabad]...
[2026-07-25 01:52:17] [Network] Rotating Realme 8 Mobile Data for fresh IP & maximum anonymity...
[2026-07-25 01:52:26] [Network] Fresh IP assigned securely. Resuming generation...
[2026-07-25 01:52:26] [Generator] Extracting verified commercial leads for [Digital Agency] in [Jaipur]...
[2026-07-25 01:52:28] [Network] Rotating Realme 8 Mobile Data for fresh IP & maximum anonymity...
[2026-07-25 01:52:37] [Network] Fresh IP assigned securely. Resuming generation...
[2026-07-25 01:52:37] [Generator] Extracting verified commercial leads for [Real Estate] in [Indore]...
[2026-07-25 01:52:39] [Network] Rotating Realme 8 Mobile Data for fresh IP & maximum anonymity...
[2026-07-25 01:52:48] [Network] Fresh IP assigned securely. Resuming generation...
[2026-07-25 01:52:48] [Generator] Extracting verified commercial leads for [Real Estate] in [Bhopal]...
[2026-07-25 01:52:50] [Network] Rotating Realme 8 Mobile Data for fresh IP & maximum anonymity...
[2026-07-25 01:52:59] [Network] Fresh IP assigned securely. Resuming generation...
[2026-07-25 01:52:59] [Generator] Extracting verified commercial leads for [Real Estate] in [Pune]...
[2026-07-25 01:53:01] [Network] Rotating Realme 8 Mobile Data for fresh IP & maximum anonymity...
[2026-07-25 01:53:11] [Network] Fresh IP assigned securely. Resuming generation...
[2026-07-25 01:53:11] [Generator] Extracting verified commercial leads for [Real Estate] in [Mumbai]...
[2026-07-25 01:53:13] [Network] Rotating Realme 8 Mobile Data for fresh IP & maximum anonymity...
[2026-07-25 01:53:22] [Network] Fresh IP assigned securely. Resuming generation...
[2026-07-25 01:53:22] [Generator] Extracting verified commercial leads for [Real Estate] in [Bangalore]...
[2026-07-25 01:53:24] [Network] Rotating Realme 8 Mobile Data for fresh IP & maximum anonymity...
[2026-07-25 01:53:33] [Network] Fresh IP assigned securely. Resuming generation...
[2026-07-25 01:53:33] [Generator] Extracting verified commercial leads for [Real Estate] in [Delhi]...
[2026-07-25 01:53:35] [Network] Rotating Realme 8 Mobile Data for fresh IP & maximum anonymity...
[2026-07-25 01:53:44] [Network] Fresh IP assigned securely. Resuming generation...
[2026-07-25 01:53:44] [Generator] Extracting verified commercial leads for [Real Estate] in [Hyderabad]...
[2026-07-25 01:53:46] [Network] Rotating Realme 8 Mobile Data for fresh IP & maximum anonymity...
[2026-07-25 01:53:55] [Network] Fresh IP assigned securely. Resuming generation...
[2026-07-25 01:53:55] [Generator] Extracting verified commercial leads for [Real Estate] in [Chennai]...
[2026-07-25 01:53:57] [Network] Rotating Realme 8 Mobile Data for fresh IP & maximum anonymity...
[2026-07-25 01:54:06] [Network] Fresh IP assigned securely. Resuming generation...
[2026-07-25 01:54:06] [Generator] Extracting verified commercial leads for [Real Estate] in [Ahmedabad]...
[2026-07-25 01:54:08] [Network] Rotating Realme 8 Mobile Data for fresh IP & maximum anonymity...
[2026-07-25 01:54:18] [Network] Fresh IP assigned securely. Resuming generation...
[2026-07-25 01:54:18] [Generator] Extracting verified commercial leads for [Real Estate] in [Jaipur]...
[2026-07-25 01:54:20] [Network] Rotating Realme 8 Mobile Data for fresh IP & maximum anonymity...
[2026-07-25 01:54:29] [Network] Fresh IP assigned securely. Resuming generation...
[2026-07-25 01:54:29] [Generator] Extracting verified commercial leads for [Restaurant] in [Indore]...
[2026-07-25 01:54:31] [Network] Rotating Realme 8 Mobile Data for fresh IP & maximum anonymity...
[2026-07-25 01:54:40] [Network] Fresh IP assigned securely. Resuming generation...
[2026-07-25 01:54:40] [Generator] Extracting verified commercial leads for [Restaurant] in [Bhopal]...
[2026-07-25 01:54:42] [Network] Rotating Realme 8 Mobile Data for fresh IP & maximum anonymity...
[2026-07-25 01:54:51] [Network] Fresh IP assigned securely. Resuming generation...
[2026-07-25 01:54:51] [Generator] Extracting verified commercial leads for [Restaurant] in [Pune]...
[2026-07-25 01:54:53] [Network] Rotating Realme 8 Mobile Data for fresh IP & maximum anonymity...
[2026-07-25 01:55:02] [Network] Fresh IP assigned securely. Resuming generation...
[2026-07-25 01:55:02] [Generator] Extracting verified commercial leads for [Restaurant] in [Mumbai]...
[2026-07-25 01:55:04] [Network] Rotating Realme 8 Mobile Data for fresh IP & maximum anonymity...
[2026-07-25 01:55:13] [Network] Fresh IP assigned securely. Resuming generation...
[2026-07-25 01:55:13] [Generator] Extracting verified commercial leads for [Restaurant] in [Bangalore]...
[2026-07-25 01:55:15] [Network] Rotating Realme 8 Mobile Data for fresh IP & maximum anonymity...
[2026-07-25 01:55:24] [Network] Fresh IP assigned securely. Resuming generation...
[2026-07-25 01:55:24] [Generator] Extracting verified commercial leads for [Restaurant] in [Delhi]...
[2026-07-25 01:55:26] [Network] Rotating Realme 8 Mobile Data for fresh IP & maximum anonymity...
[2026-07-25 01:55:36] [Network] Fresh IP assigned securely. Resuming generation...
[2026-07-25 01:55:36] [Generator] Extracting verified commercial leads for [Restaurant] in [Hyderabad]...
[2026-07-25 01:55:38] [Network] Rotating Realme 8 Mobile Data for fresh IP & maximum anonymity...
[2026-07-25 01:55:47] [Network] Fresh IP assigned securely. Resuming generation...
[2026-07-25 01:55:47] [Generator] Extracting verified commercial leads for [Restaurant] in [Chennai]...
[2026-07-25 01:55:49] [Network] Rotating Realme 8 Mobile Data for fresh IP & maximum anonymity...
[2026-07-25 01:55:58] [Network] Fresh IP assigned securely. Resuming generation...
[2026-07-25 01:55:58] [Generator] Extracting verified commercial leads for [Restaurant] in [Ahmedabad]...
[2026-07-25 01:56:00] [Network] Rotating Realme 8 Mobile Data for fresh IP & maximum anonymity...
[2026-07-25 01:56:09] [Network] Fresh IP assigned securely. Resuming generation...
[2026-07-25 01:56:09] [Generator] Extracting verified commercial leads for [Restaurant] in [Jaipur]...
[2026-07-25 01:56:11] [Network] Rotating Realme 8 Mobile Data for fresh IP & maximum anonymity...
[2026-07-25 01:56:20] [Network] Fresh IP assigned securely. Resuming generation...
[2026-07-25 01:56:20] [Generator] Extracting verified commercial leads for [Coaching Institute] in [Indore]...
[2026-07-25 01:56:22] [Network] Rotating Realme 8 Mobile Data for fresh IP & maximum anonymity...
[2026-07-25 01:56:31] [Network] Fresh IP assigned securely. Resuming generation...
[2026-07-25 01:56:31] [Generator] Extracting verified commercial leads for [Coaching Institute] in [Bhopal]...
[2026-07-25 01:56:33] [Network] Rotating Realme 8 Mobile Data for fresh IP & maximum anonymity...
[2026-07-25 01:56:42] [Network] Fresh IP assigned securely. Resuming generation...
[2026-07-25 01:56:42] [Generator] Extracting verified commercial leads for [Coaching Institute] in [Pune]...
[2026-07-25 01:56:44] [Network] Rotating Realme 8 Mobile Data for fresh IP & maximum anonymity...
[2026-07-25 01:56:54] [Network] Fresh IP assigned securely. Resuming generation...
[2026-07-25 01:56:54] [Generator] Extracting verified commercial leads for [Coaching Institute] in [Mumbai]...
[2026-07-25 01:56:56] [Network] Rotating Realme 8 Mobile Data for fresh IP & maximum anonymity...
[2026-07-25 01:57:05] [Network] Fresh IP assigned securely. Resuming generation...
[2026-07-25 01:57:05] [Generator] Extracting verified commercial leads for [Coaching Institute] in [Bangalore]...
[2026-07-25 01:57:07] [Network] Rotating Realme 8 Mobile Data for fresh IP & maximum anonymity...
[2026-07-25 01:57:16] [Network] Fresh IP assigned securely. Resuming generation...
[2026-07-25 01:57:16] [Generator] Extracting verified commercial leads for [Coaching Institute] in [Delhi]...
[2026-07-25 01:57:18] [Network] Rotating Realme 8 Mobile Data for fresh IP & maximum anonymity...
[2026-07-25 01:57:27] [Network] Fresh IP assigned securely. Resuming generation...
[2026-07-25 01:57:27] [Generator] Extracting verified commercial leads for [Coaching Institute] in [Hyderabad]...
[2026-07-25 01:57:29] [Network] Rotating Realme 8 Mobile Data for fresh IP & maximum anonymity...
[2026-07-25 01:57:38] [Network] Fresh IP assigned securely. Resuming generation...
[2026-07-25 01:57:38] [Generator] Extracting verified commercial leads for [Coaching Institute] in [Chennai]...
[2026-07-25 01:57:40] [Network] Rotating Realme 8 Mobile Data for fresh IP & maximum anonymity...
[2026-07-25 01:57:49] [Network] Fresh IP assigned securely. Resuming generation...
[2026-07-25 01:57:49] [Generator] Extracting verified commercial leads for [Coaching Institute] in [Ahmedabad]...
[2026-07-25 01:57:51] [Network] Rotating Realme 8 Mobile Data for fresh IP & maximum anonymity...
[2026-07-25 01:58:00] [Network] Fresh IP assigned securely. Resuming generation...
[2026-07-25 01:58:00] [Generator] Extracting verified commercial leads for [Coaching Institute] in [Jaipur]...
[2026-07-25 01:58:02] [Network] Rotating Realme 8 Mobile Data for fresh IP & maximum anonymity...
[2026-07-25 01:58:12] [Network] Fresh IP assigned securely. Resuming generation...
[2026-07-25 01:58:12] [Generator] Extracting verified commercial leads for [Doctor] in [Indore]...
[2026-07-25 01:58:14] [Network] Rotating Realme 8 Mobile Data for fresh IP & maximum anonymity...
[2026-07-25 01:58:23] [Network] Fresh IP assigned securely. Resuming generation...
[2026-07-25 01:58:23] [Generator] Extracting verified commercial leads for [Doctor] in [Bhopal]...
[2026-07-25 01:58:25] [Network] Rotating Realme 8 Mobile Data for fresh IP & maximum anonymity...
[2026-07-25 01:58:34] [Network] Fresh IP assigned securely. Resuming generation...
[2026-07-25 01:58:34] [Generator] Extracting verified commercial leads for [Doctor] in [Pune]...
[2026-07-25 01:58:36] [Network] Rotating Realme 8 Mobile Data for fresh IP & maximum anonymity...
[2026-07-25 01:58:45] [Network] Fresh IP assigned securely. Resuming generation...
[2026-07-25 01:58:45] [Generator] Extracting verified commercial leads for [Doctor] in [Mumbai]...
[2026-07-25 01:58:47] [Network] Rotating Realme 8 Mobile Data for fresh IP & maximum anonymity...
[2026-07-25 01:58:56] [Network] Fresh IP assigned securely. Resuming generation...
[2026-07-25 01:58:56] [Generator] Extracting verified commercial leads for [Doctor] in [Bangalore]...
[2026-07-25 01:58:58] [Network] Rotating Realme 8 Mobile Data for fresh IP & maximum anonymity...
[2026-07-25 01:59:07] [Network] Fresh IP assigned securely. Resuming generation...
[2026-07-25 01:59:07] [Generator] Extracting verified commercial leads for [Doctor] in [Delhi]...
[2026-07-25 01:59:09] [Network] Rotating Realme 8 Mobile Data for fresh IP & maximum anonymity...
[2026-07-25 01:59:18] [Network] Fresh IP assigned securely. Resuming generation...
[2026-07-25 01:59:18] [Generator] Extracting verified commercial leads for [Doctor] in [Hyderabad]...
[2026-07-25 01:59:20] [Network] Rotating Realme 8 Mobile Data for fresh IP & maximum anonymity...
[2026-07-25 01:59:30] [Network] Fresh IP assigned securely. Resuming generation...
[2026-07-25 01:59:30] [Generator] Extracting verified commercial leads for [Doctor] in [Chennai]...
[2026-07-25 01:59:32] [Network] Rotating Realme 8 Mobile Data for fresh IP & maximum anonymity...
[2026-07-25 01:59:41] [Network] Fresh IP assigned securely. Resuming generation...
[2026-07-25 01:59:41] [Generator] Extracting verified commercial leads for [Doctor] in [Ahmedabad]...
[2026-07-25 01:59:43] [Network] Rotating Realme 8 Mobile Data for fresh IP & maximum anonymity...
[2026-07-25 01:59:52] [Network] Fresh IP assigned securely. Resuming generation...
[2026-07-25 01:59:52] [Generator] Extracting verified commercial leads for [Doctor] in [Jaipur]...
[2026-07-25 01:59:54] [Network] Rotating Realme 8 Mobile Data for fresh IP & maximum anonymity...
[2026-07-25 02:00:03] [Network] Fresh IP assigned securely. Resuming generation...
[2026-07-25 02:00:03] [Generator] Extracting verified commercial leads for [Gym] in [Indore]...
[2026-07-25 02:00:05] [Network] Rotating Realme 8 Mobile Data for fresh IP & maximum anonymity...
[2026-07-25 02:00:14] [Network] Fresh IP assigned securely. Resuming generation...
[2026-07-25 02:00:14] [Generator] Extracting verified commercial leads for [Gym] in [Bhopal]...
[2026-07-25 02:00:16] [Network] Rotating Realme 8 Mobile Data for fresh IP & maximum anonymity...
[2026-07-25 02:00:25] [Network] Fresh IP assigned securely. Resuming generation...
[2026-07-25 02:00:25] [Generator] Extracting verified commercial leads for [Gym] in [Pune]...
[2026-07-25 02:00:27] [Network] Rotating Realme 8 Mobile Data for fresh IP & maximum anonymity...
[2026-07-25 02:00:36] [Network] Fresh IP assigned securely. Resuming generation...
[2026-07-25 02:00:37] [Generator] Extracting verified commercial leads for [Gym] in [Mumbai]...
[2026-07-25 02:00:39] [Network] Rotating Realme 8 Mobile Data for fresh IP & maximum anonymity...
[2026-07-25 02:00:48] [Network] Fresh IP assigned securely. Resuming generation...
[2026-07-25 02:00:48] [Generator] Extracting verified commercial leads for [Gym] in [Bangalore]...
[2026-07-25 02:00:50] [Network] Rotating Realme 8 Mobile Data for fresh IP & maximum anonymity...
[2026-07-25 02:00:59] [Network] Fresh IP assigned securely. Resuming generation...
[2026-07-25 02:00:59] [Generator] Extracting verified commercial leads for [Gym] in [Delhi]...
[2026-07-25 02:01:01] [Network] Rotating Realme 8 Mobile Data for fresh IP & maximum anonymity...
[2026-07-25 02:01:10] [Network] Fresh IP assigned securely. Resuming generation...
[2026-07-25 02:01:10] [Generator] Extracting verified commercial leads for [Gym] in [Hyderabad]...
[2026-07-25 02:01:12] [Network] Rotating Realme 8 Mobile Data for fresh IP & maximum anonymity...
[2026-07-25 02:01:21] [Network] Fresh IP assigned securely. Resuming generation...
[2026-07-25 02:01:21] [Generator] Extracting verified commercial leads for [Gym] in [Chennai]...
[2026-07-25 02:01:23] [Network] Rotating Realme 8 Mobile Data for fresh IP & maximum anonymity...
[2026-07-25 02:01:32] [Network] Fresh IP assigned securely. Resuming generation...
[2026-07-25 02:01:32] [Generator] Extracting verified commercial leads for [Gym] in [Ahmedabad]...
[2026-07-25 02:01:34] [Network] Rotating Realme 8 Mobile Data for fresh IP & maximum anonymity...
[2026-07-25 02:01:43] [Network] Fresh IP assigned securely. Resuming generation...
[2026-07-25 02:01:43] [Generator] Extracting verified commercial leads for [Gym] in [Jaipur]...
[2026-07-25 02:01:45] [Network] Rotating Realme 8 Mobile Data for fresh IP & maximum anonymity...
[2026-07-25 02:01:55] [Network] Fresh IP assigned securely. Resuming generation...
[2026-07-25 02:01:55] [Generator] Extracting verified commercial leads for [Lawyer] in [Indore]...
[2026-07-25 02:01:57] [Network] Rotating Realme 8 Mobile Data for fresh IP & maximum anonymity...
[2026-07-25 02:02:06] [Network] Fresh IP assigned securely. Resuming generation...
[2026-07-25 02:02:06] [Generator] Extracting verified commercial leads for [Lawyer] in [Bhopal]...
[2026-07-25 02:02:08] [Network] Rotating Realme 8 Mobile Data for fresh IP & maximum anonymity...
[2026-07-25 02:02:17] [Network] Fresh IP assigned securely. Resuming generation...
[2026-07-25 02:02:17] [Generator] Extracting verified commercial leads for [Lawyer] in [Pune]...
[2026-07-25 02:02:19] [Network] Rotating Realme 8 Mobile Data for fresh IP & maximum anonymity...
[2026-07-25 02:02:28] [Network] Fresh IP assigned securely. Resuming generation...
[2026-07-25 02:02:28] [Generator] Extracting verified commercial leads for [Lawyer] in [Mumbai]...
[2026-07-25 02:02:30] [Network] Rotating Realme 8 Mobile Data for fresh IP & maximum anonymity...
[2026-07-25 02:02:39] [Network] Fresh IP assigned securely. Resuming generation...
[2026-07-25 02:02:39] [Generator] Extracting verified commercial leads for [Lawyer] in [Bangalore]...
[2026-07-25 02:02:41] [Network] Rotating Realme 8 Mobile Data for fresh IP & maximum anonymity...
[2026-07-25 02:02:50] [Network] Fresh IP assigned securely. Resuming generation...
[2026-07-25 02:02:50] [Generator] Extracting verified commercial leads for [Lawyer] in [Delhi]...
[2026-07-25 02:02:52] [Network] Rotating Realme 8 Mobile Data for fresh IP & maximum anonymity...
[2026-07-25 02:03:01] [Network] Fresh IP assigned securely. Resuming generation...
[2026-07-25 02:03:01] [Generator] Extracting verified commercial leads for [Lawyer] in [Hyderabad]...
[2026-07-25 02:03:03] [Network] Rotating Realme 8 Mobile Data for fresh IP & maximum anonymity...
[2026-07-25 02:03:13] [Network] Fresh IP assigned securely. Resuming generation...
[2026-07-25 02:03:13] [Generator] Extracting verified commercial leads for [Lawyer] in [Chennai]...
[2026-07-25 02:03:15] [Network] Rotating Realme 8 Mobile Data for fresh IP & maximum anonymity...
[2026-07-25 02:03:24] [Network] Fresh IP assigned securely. Resuming generation...
[2026-07-25 02:03:24] [Generator] Extracting verified commercial leads for [Lawyer] in [Ahmedabad]...
[2026-07-25 02:03:26] [Network] Rotating Realme 8 Mobile Data for fresh IP & maximum anonymity...
[2026-07-25 02:03:35] [Network] Fresh IP assigned securely. Resuming generation...
[2026-07-25 02:03:35] [Generator] Extracting verified commercial leads for [Lawyer] in [Jaipur]...
[2026-07-25 02:03:37] [Network] Rotating Realme 8 Mobile Data for fresh IP & maximum anonymity...
[2026-07-25 02:03:46] [Network] Fresh IP assigned securely. Resuming generation...
[2026-07-25 02:03:46] [Generator] Extracting verified commercial leads for [E-commerce] in [Indore]...
[2026-07-25 02:03:48] [Network] Rotating Realme 8 Mobile Data for fresh IP & maximum anonymity...
[2026-07-25 02:03:57] [Network] Fresh IP assigned securely. Resuming generation...
[2026-07-25 02:03:57] [Generator] Extracting verified commercial leads for [E-commerce] in [Bhopal]...
[2026-07-25 02:03:59] [Network] Rotating Realme 8 Mobile Data for fresh IP & maximum anonymity...
[2026-07-25 02:04:08] [Network] Fresh IP assigned securely. Resuming generation...
[2026-07-25 02:04:08] [Generator] Extracting verified commercial leads for [E-commerce] in [Pune]...
[2026-07-25 02:04:10] [Network] Rotating Realme 8 Mobile Data for fresh IP & maximum anonymity...
[2026-07-25 02:04:20] [Network] Fresh IP assigned securely. Resuming generation...
[2026-07-25 02:04:20] [Generator] Extracting verified commercial leads for [E-commerce] in [Mumbai]...
[2026-07-25 02:04:22] [Network] Rotating Realme 8 Mobile Data for fresh IP & maximum anonymity...
[2026-07-25 02:04:31] [Network] Fresh IP assigned securely. Resuming generation...
[2026-07-25 02:04:31] [Generator] Extracting verified commercial leads for [E-commerce] in [Bangalore]...
[2026-07-25 02:04:33] [Network] Rotating Realme 8 Mobile Data for fresh IP & maximum anonymity...
[2026-07-25 02:04:42] [Network] Fresh IP assigned securely. Resuming generation...
[2026-07-25 02:04:42] [Generator] Extracting verified commercial leads for [E-commerce] in [Delhi]...
[2026-07-25 02:04:44] [Network] Rotating Realme 8 Mobile Data for fresh IP & maximum anonymity...
[2026-07-25 02:04:53] [Network] Fresh IP assigned securely. Resuming generation...
[2026-07-25 02:04:53] [Generator] Extracting verified commercial leads for [E-commerce] in [Hyderabad]...
[2026-07-25 02:04:55] [Network] Rotating Realme 8 Mobile Data for fresh IP & maximum anonymity...
[2026-07-25 02:05:04] [Network] Fresh IP assigned securely. Resuming generation...
[2026-07-25 02:05:04] [Generator] Extracting verified commercial leads for [E-commerce] in [Chennai]...
[2026-07-25 02:05:06] [Network] Rotating Realme 8 Mobile Data for fresh IP & maximum anonymity...
[2026-07-25 02:05:15] [Network] Fresh IP assigned securely. Resuming generation...
[2026-07-25 02:05:15] [Generator] Extracting verified commercial leads for [E-commerce] in [Ahmedabad]...
[2026-07-25 02:05:17] [Network] Rotating Realme 8 Mobile Data for fresh IP & maximum anonymity...
[2026-07-25 02:05:26] [Network] Fresh IP assigned securely. Resuming generation...
[2026-07-25 02:05:26] [Generator] Extracting verified commercial leads for [E-commerce] in [Jaipur]...
[2026-07-25 02:05:28] [Network] Rotating Realme 8 Mobile Data for fresh IP & maximum anonymity...
[2026-07-25 02:05:38] [Network] Fresh IP assigned securely. Resuming generation...
[2026-07-25 02:05:38] [Generator] Extracting verified commercial leads for [Interior Designer] in [Indore]...
[2026-07-25 02:05:40] [Network] Rotating Realme 8 Mobile Data for fresh IP & maximum anonymity...
[2026-07-25 02:05:49] [Network] Fresh IP assigned securely. Resuming generation...
[2026-07-25 02:05:49] [Generator] Extracting verified commercial leads for [Interior Designer] in [Bhopal]...
[2026-07-25 02:05:51] [Network] Rotating Realme 8 Mobile Data for fresh IP & maximum anonymity...
[2026-07-25 02:06:00] [Network] Fresh IP assigned securely. Resuming generation...
[2026-07-25 02:06:00] [Generator] Extracting verified commercial leads for [Interior Designer] in [Pune]...
[2026-07-25 02:06:02] [Network] Rotating Realme 8 Mobile Data for fresh IP & maximum anonymity...
[2026-07-25 02:06:11] [Network] Fresh IP assigned securely. Resuming generation...
[2026-07-25 02:06:11] [Generator] Extracting verified commercial leads for [Interior Designer] in [Mumbai]...
[2026-07-25 02:06:13] [Network] Rotating Realme 8 Mobile Data for fresh IP & maximum anonymity...
[2026-07-25 02:06:22] [Network] Fresh IP assigned securely. Resuming generation...
[2026-07-25 02:06:22] [Generator] Extracting verified commercial leads for [Interior Designer] in [Bangalore]...
[2026-07-25 02:06:24] [Network] Rotating Realme 8 Mobile Data for fresh IP & maximum anonymity...
[2026-07-25 02:06:33] [Network] Fresh IP assigned securely. Resuming generation...
[2026-07-25 02:06:33] [Generator] Extracting verified commercial leads for [Interior Designer] in [Delhi]...
[2026-07-25 02:06:35] [Network] Rotating Realme 8 Mobile Data for fresh IP & maximum anonymity...
[2026-07-25 02:06:44] [Network] Fresh IP assigned securely. Resuming generation...
[2026-07-25 02:06:44] [Generator] Extracting verified commercial leads for [Interior Designer] in [Hyderabad]...
[2026-07-25 02:06:46] [Network] Rotating Realme 8 Mobile Data for fresh IP & maximum anonymity...
[2026-07-25 02:06:56] [Network] Fresh IP assigned securely. Resuming generation...
[2026-07-25 02:06:56] [Generator] Extracting verified commercial leads for [Interior Designer] in [Chennai]...
[2026-07-25 02:06:58] [Network] Rotating Realme 8 Mobile Data for fresh IP & maximum anonymity...
[2026-07-25 02:07:07] [Network] Fresh IP assigned securely. Resuming generation...
[2026-07-25 02:07:07] [Generator] Extracting verified commercial leads for [Interior Designer] in [Ahmedabad]...
[2026-07-25 02:07:09] [Network] Rotating Realme 8 Mobile Data for fresh IP & maximum anonymity...
[2026-07-25 02:07:18] [Network] Fresh IP assigned securely. Resuming generation...
[2026-07-25 02:07:18] [Generator] Extracting verified commercial leads for [Interior Designer] in [Jaipur]...
[2026-07-25 02:07:20] [Network] Rotating Realme 8 Mobile Data for fresh IP & maximum anonymity...
[2026-07-25 02:07:29] [Network] Fresh IP assigned securely. Resuming generation...
[2026-07-25 02:07:29] [Generator] Extracting verified commercial leads for [Hotel] in [Indore]...
[2026-07-25 02:07:31] [Network] Rotating Realme 8 Mobile Data for fresh IP & maximum anonymity...
[2026-07-25 02:07:40] [Network] Fresh IP assigned securely. Resuming generation...
[2026-07-25 02:07:40] [Generator] Extracting verified commercial leads for [Hotel] in [Bhopal]...
[2026-07-25 02:07:42] [Network] Rotating Realme 8 Mobile Data for fresh IP & maximum anonymity...
[2026-07-25 02:07:51] [Network] Fresh IP assigned securely. Resuming generation...
[2026-07-25 02:07:51] [Generator] Extracting verified commercial leads for [Hotel] in [Pune]...
[2026-07-25 02:07:53] [Network] Rotating Realme 8 Mobile Data for fresh IP & maximum anonymity...
[2026-07-25 02:08:02] [Network] Fresh IP assigned securely. Resuming generation...
[2026-07-25 02:08:02] [Generator] Extracting verified commercial leads for [Hotel] in [Mumbai]...
[2026-07-25 02:08:04] [Network] Rotating Realme 8 Mobile Data for fresh IP & maximum anonymity...
[2026-07-25 02:08:14] [Network] Fresh IP assigned securely. Resuming generation...
[2026-07-25 02:08:14] [Generator] Extracting verified commercial leads for [Hotel] in [Bangalore]...
[2026-07-25 02:08:16] [Network] Rotating Realme 8 Mobile Data for fresh IP & maximum anonymity...
[2026-07-25 02:08:25] [Network] Fresh IP assigned securely. Resuming generation...
[2026-07-25 02:08:25] [Generator] Extracting verified commercial leads for [Hotel] in [Delhi]...
[2026-07-25 02:08:27] [Network] Rotating Realme 8 Mobile Data for fresh IP & maximum anonymity...
[2026-07-25 02:08:36] [Network] Fresh IP assigned securely. Resuming generation...
[2026-07-25 02:08:36] [Generator] Extracting verified commercial leads for [Hotel] in [Hyderabad]...
[2026-07-25 02:08:38] [Network] Rotating Realme 8 Mobile Data for fresh IP & maximum anonymity...
[2026-07-25 02:08:47] [Network] Fresh IP assigned securely. Resuming generation...
[2026-07-25 02:08:47] [Generator] Extracting verified commercial leads for [Hotel] in [Chennai]...
[2026-07-25 02:08:49] [Network] Rotating Realme 8 Mobile Data for fresh IP & maximum anonymity...
[2026-07-25 02:08:58] [Network] Fresh IP assigned securely. Resuming generation...
[2026-07-25 02:08:58] [Generator] Extracting verified commercial leads for [Hotel] in [Ahmedabad]...
[2026-07-25 02:09:00] [Network] Rotating Realme 8 Mobile Data for fresh IP & maximum anonymity...
[2026-07-25 02:09:09] [Network] Fresh IP assigned securely. Resuming generation...
[2026-07-25 02:09:09] [Generator] Extracting verified commercial leads for [Hotel] in [Jaipur]...
[2026-07-25 02:09:11] [SUCCESS] Cycle complete! Total database volume: 203 leads. Added 0 fresh leads.
[2026-07-25 02:09:11] === Batch resting for 4 hours to simulate natural traffic and stay safe ===
