Exception ignored while calling deallocator <function SyncGoTrueClient.__del__ at 0x10672e090>:
Traceback (most recent call last):
  File "/Users/shubhamdewangan/ai-factory/venv/lib/python3.14/site-packages/supabase_auth/_sync/gotrue_client.py", line 1289, in __del__
AttributeError: 'SyncSupabaseAuthClient' object has no attribute '_refresh_token_timer'
Exception ignored while calling deallocator <function SyncGoTrueClient.__del__ at 0x10672e090>:
Traceback (most recent call last):
  File "/Users/shubhamdewangan/ai-factory/venv/lib/python3.14/site-packages/supabase_auth/_sync/gotrue_client.py", line 1289, in __del__
AttributeError: 'SyncSupabaseAuthClient' object has no attribute '_refresh_token_timer'
Exception ignored while calling deallocator <function SyncGoTrueClient.__del__ at 0x10672e090>:
Traceback (most recent call last):
  File "/Users/shubhamdewangan/ai-factory/venv/lib/python3.14/site-packages/supabase_auth/_sync/gotrue_client.py", line 1289, in __del__
AttributeError: 'SyncSupabaseAuthClient' object has no attribute '_refresh_token_timer'
Exception ignored while calling deallocator <function SyncGoTrueClient.__del__ at 0x10672e090>:
Traceback (most recent call last):
  File "/Users/shubhamdewangan/ai-factory/venv/lib/python3.14/site-packages/supabase_auth/_sync/gotrue_client.py", line 1289, in __del__
AttributeError: 'SyncSupabaseAuthClient' object has no attribute '_refresh_token_timer'
==================================================
🚀 24x7 PERMANENT EMPIRE DAEMON STARTED
[-] System is now running continuously in background.
[-] Press Ctrl+C anytime to safely stop the daemon.
==================================================

[🔄 DAEMON] Executing automated cycle #1...
[*] Target Account: permanent_bot_user_1@securemail.com
[*] Network IP Rotated Successfully via Connected Device.
[✅ SUCCESS] Cycle #1 completed and logged to Supabase cloud!
[*] Sleeping for 10 minutes before next cycle...

[🔄 DAEMON] Executing automated cycle #2...
[*] Target Account: permanent_bot_user_2@securemail.com
[*] Network IP Rotated Successfully via Connected Device.
[✅ SUCCESS] Cycle #2 completed and logged to Supabase cloud!
[*] Sleeping for 10 minutes before next cycle...

[🔄 DAEMON] Executing automated cycle #3...
[*] Target Account: permanent_bot_user_3@securemail.com
[*] Network IP Rotated Successfully via Connected Device.
[✅ SUCCESS] Cycle #3 completed and logged to Supabase cloud!
[*] Sleeping for 10 minutes before next cycle...

[🔄 DAEMON] Executing automated cycle #4...
[*] Target Account: permanent_bot_user_4@securemail.com
[*] Network IP Rotated Successfully via Connected Device.
[✅ SUCCESS] Cycle #4 completed and logged to Supabase cloud!
[*] Sleeping for 10 minutes before next cycle...

[🔄 DAEMON] Executing automated cycle #5...
[*] Target Account: permanent_bot_user_5@securemail.com
[*] Network IP Rotated Successfully via Connected Device.
[✅ SUCCESS] Cycle #5 completed and logged to Supabase cloud!
[*] Sleeping for 10 minutes before next cycle...

[🔄 DAEMON] Executing automated cycle #6...
[*] Target Account: permanent_bot_user_6@securemail.com
[*] Network IP Rotated Successfully via Connected Device.
[✅ SUCCESS] Cycle #6 completed and logged to Supabase cloud!
[*] Sleeping for 10 minutes before next cycle...

[🔄 DAEMON] Executing automated cycle #7...
[*] Target Account: permanent_bot_user_7@securemail.com
[*] Network IP Rotated Successfully via Connected Device.
[✅ SUCCESS] Cycle #7 completed and logged to Supabase cloud!
[*] Sleeping for 10 minutes before next cycle...

[🔄 DAEMON] Executing automated cycle #8...
[*] Target Account: permanent_bot_user_8@securemail.com
[*] Network IP Rotated Successfully via Connected Device.
[✅ SUCCESS] Cycle #8 completed and logged to Supabase cloud!
[*] Sleeping for 10 minutes before next cycle...

[🔄 DAEMON] Executing automated cycle #9...
[*] Target Account: permanent_bot_user_9@securemail.com
[*] Network IP Rotated Successfully via Connected Device.
[✅ SUCCESS] Cycle #9 completed and logged to Supabase cloud!
[*] Sleeping for 10 minutes before next cycle...

[🔄 DAEMON] Executing automated cycle #10...
[*] Target Account: permanent_bot_user_10@securemail.com
[*] Network IP Rotated Successfully via Connected Device.
[✅ SUCCESS] Cycle #10 completed and logged to Supabase cloud!
[*] Sleeping for 10 minutes before next cycle...

[🔄 DAEMON] Executing automated cycle #11...
[*] Target Account: permanent_bot_user_11@securemail.com
[*] Network IP Rotated Successfully via Connected Device.
[✅ SUCCESS] Cycle #11 completed and logged to Supabase cloud!
[*] Sleeping for 10 minutes before next cycle...

[🔄 DAEMON] Executing automated cycle #12...
[*] Target Account: permanent_bot_user_12@securemail.com
[*] Network IP Rotated Successfully via Connected Device.
[✅ SUCCESS] Cycle #12 completed and logged to Supabase cloud!
[*] Sleeping for 10 minutes before next cycle...

[🔄 DAEMON] Executing automated cycle #13...
[*] Target Account: permanent_bot_user_13@securemail.com
[*] Network IP Rotated Successfully via Connected Device.
[✅ SUCCESS] Cycle #13 completed and logged to Supabase cloud!
[*] Sleeping for 10 minutes before next cycle...

[🔄 DAEMON] Executing automated cycle #14...
[*] Target Account: permanent_bot_user_14@securemail.com
[*] Network IP Rotated Successfully via Connected Device.
[✅ SUCCESS] Cycle #14 completed and logged to Supabase cloud!
[*] Sleeping for 10 minutes before next cycle...

[🔄 DAEMON] Executing automated cycle #15...
[*] Target Account: permanent_bot_user_15@securemail.com
[*] Network IP Rotated Successfully via Connected Device.
[✅ SUCCESS] Cycle #15 completed and logged to Supabase cloud!
[*] Sleeping for 10 minutes before next cycle...

[🔄 DAEMON] Executing automated cycle #16...
[*] Target Account: permanent_bot_user_16@securemail.com
[*] Network IP Rotated Successfully via Connected Device.
[✅ SUCCESS] Cycle #16 completed and logged to Supabase cloud!
[*] Sleeping for 10 minutes before next cycle...

[🔄 DAEMON] Executing automated cycle #17...
[*] Target Account: permanent_bot_user_17@securemail.com
[*] Network IP Rotated Successfully via Connected Device.
[✅ SUCCESS] Cycle #17 completed and logged to Supabase cloud!
[*] Sleeping for 10 minutes before next cycle...

[🔄 DAEMON] Executing automated cycle #18...
[*] Target Account: permanent_bot_user_18@securemail.com
[*] Network IP Rotated Successfully via Connected Device.
[✅ SUCCESS] Cycle #18 completed and logged to Supabase cloud!
[*] Sleeping for 10 minutes before next cycle...

[🔄 DAEMON] Executing automated cycle #19...
[*] Target Account: permanent_bot_user_19@securemail.com
[*] Network IP Rotated Successfully via Connected Device.
[✅ SUCCESS] Cycle #19 completed and logged to Supabase cloud!
[*] Sleeping for 10 minutes before next cycle...

[🔄 DAEMON] Executing automated cycle #20...
[*] Target Account: permanent_bot_user_20@securemail.com
[*] Network IP Rotated Successfully via Connected Device.
[✅ SUCCESS] Cycle #20 completed and logged to Supabase cloud!
[*] Sleeping for 10 minutes before next cycle...

[🔄 DAEMON] Executing automated cycle #21...
[*] Target Account: permanent_bot_user_21@securemail.com
[*] Network IP Rotated Successfully via Connected Device.
[✅ SUCCESS] Cycle #21 completed and logged to Supabase cloud!
[*] Sleeping for 10 minutes before next cycle...

[🔄 DAEMON] Executing automated cycle #22...
[*] Target Account: permanent_bot_user_22@securemail.com
[*] Network IP Rotated Successfully via Connected Device.
[✅ SUCCESS] Cycle #22 completed and logged to Supabase cloud!
[*] Sleeping for 10 minutes before next cycle...

[🔄 DAEMON] Executing automated cycle #23...
[*] Target Account: permanent_bot_user_23@securemail.com
[*] Network IP Rotated Successfully via Connected Device.
[✅ SUCCESS] Cycle #23 completed and logged to Supabase cloud!
[*] Sleeping for 10 minutes before next cycle...

[🔄 DAEMON] Executing automated cycle #24...
[*] Target Account: permanent_bot_user_24@securemail.com
[*] Network IP Rotated Successfully via Connected Device.
[✅ SUCCESS] Cycle #24 completed and logged to Supabase cloud!
[*] Sleeping for 10 minutes before next cycle...

[🔄 DAEMON] Executing automated cycle #25...
[*] Target Account: permanent_bot_user_25@securemail.com
[*] Network IP Rotated Successfully via Connected Device.
[✅ SUCCESS] Cycle #25 completed and logged to Supabase cloud!
[*] Sleeping for 10 minutes before next cycle...

[🔄 DAEMON] Executing automated cycle #26...
[*] Target Account: permanent_bot_user_26@securemail.com
[*] Network IP Rotated Successfully via Connected Device.
[✅ SUCCESS] Cycle #26 completed and logged to Supabase cloud!
[*] Sleeping for 10 minutes before next cycle...

[🔄 DAEMON] Executing automated cycle #27...
[*] Target Account: permanent_bot_user_27@securemail.com
[*] Network IP Rotated Successfully via Connected Device.
[✅ SUCCESS] Cycle #27 completed and logged to Supabase cloud!
[*] Sleeping for 10 minutes before next cycle...

[🔄 DAEMON] Executing automated cycle #28...
[*] Target Account: permanent_bot_user_28@securemail.com
[*] Network IP Rotated Successfully via Connected Device.
[✅ SUCCESS] Cycle #28 completed and logged to Supabase cloud!
[*] Sleeping for 10 minutes before next cycle...

[🔄 DAEMON] Executing automated cycle #29...
[*] Target Account: permanent_bot_user_29@securemail.com
[*] Network IP Rotated Successfully via Connected Device.
[✅ SUCCESS] Cycle #29 completed and logged to Supabase cloud!
[*] Sleeping for 10 minutes before next cycle...

[🔄 DAEMON] Executing automated cycle #30...
[*] Target Account: permanent_bot_user_30@securemail.com
[*] Network IP Rotated Successfully via Connected Device.
[✅ SUCCESS] Cycle #30 completed and logged to Supabase cloud!
[*] Sleeping for 10 minutes before next cycle...

[🔄 DAEMON] Executing automated cycle #31...
[*] Target Account: permanent_bot_user_31@securemail.com
[*] Network IP Rotated Successfully via Connected Device.
[✅ SUCCESS] Cycle #31 completed and logged to Supabase cloud!
[*] Sleeping for 10 minutes before next cycle...

[🔄 DAEMON] Executing automated cycle #32...
[*] Target Account: permanent_bot_user_32@securemail.com
[*] Network IP Rotated Successfully via Connected Device.
[✅ SUCCESS] Cycle #32 completed and logged to Supabase cloud!
[*] Sleeping for 10 minutes before next cycle...

[🔄 DAEMON] Executing automated cycle #33...
[*] Target Account: permanent_bot_user_33@securemail.com
[*] Network IP Rotated Successfully via Connected Device.
[✅ SUCCESS] Cycle #33 completed and logged to Supabase cloud!
[*] Sleeping for 10 minutes before next cycle...

[🔄 DAEMON] Executing automated cycle #34...
[*] Target Account: permanent_bot_user_34@securemail.com
[*] Network IP Rotated Successfully via Connected Device.
[✅ SUCCESS] Cycle #34 completed and logged to Supabase cloud!
[*] Sleeping for 10 minutes before next cycle...

[🔄 DAEMON] Executing automated cycle #35...
[*] Target Account: permanent_bot_user_35@securemail.com
[*] Network IP Rotated Successfully via Connected Device.
[✅ SUCCESS] Cycle #35 completed and logged to Supabase cloud!
[*] Sleeping for 10 minutes before next cycle...

[🔄 DAEMON] Executing automated cycle #36...
[*] Target Account: permanent_bot_user_36@securemail.com
[*] Network IP Rotated Successfully via Connected Device.
[✅ SUCCESS] Cycle #36 completed and logged to Supabase cloud!
[*] Sleeping for 10 minutes before next cycle...

[🔄 DAEMON] Executing automated cycle #37...
[*] Target Account: permanent_bot_user_37@securemail.com
[*] Network IP Rotated Successfully via Connected Device.
[✅ SUCCESS] Cycle #37 completed and logged to Supabase cloud!
[*] Sleeping for 10 minutes before next cycle...

[🔄 DAEMON] Executing automated cycle #38...
[*] Target Account: permanent_bot_user_38@securemail.com
[*] Network IP Rotated Successfully via Connected Device.
[✅ SUCCESS] Cycle #38 completed and logged to Supabase cloud!
[*] Sleeping for 10 minutes before next cycle...

[🔄 DAEMON] Executing automated cycle #39...
[*] Target Account: permanent_bot_user_39@securemail.com
[*] Network IP Rotated Successfully via Connected Device.
[✅ SUCCESS] Cycle #39 completed and logged to Supabase cloud!
[*] Sleeping for 10 minutes before next cycle...

[🔄 DAEMON] Executing automated cycle #40...
[*] Target Account: permanent_bot_user_40@securemail.com
[*] Network IP Rotated Successfully via Connected Device.
[✅ SUCCESS] Cycle #40 completed and logged to Supabase cloud!
[*] Sleeping for 10 minutes before next cycle...

[🔄 DAEMON] Executing automated cycle #41...
[*] Target Account: permanent_bot_user_41@securemail.com
[*] Network IP Rotated Successfully via Connected Device.
[✅ SUCCESS] Cycle #41 completed and logged to Supabase cloud!
[*] Sleeping for 10 minutes before next cycle...

[🔄 DAEMON] Executing automated cycle #42...
[*] Target Account: permanent_bot_user_42@securemail.com
[*] Network IP Rotated Successfully via Connected Device.
[✅ SUCCESS] Cycle #42 completed and logged to Supabase cloud!
[*] Sleeping for 10 minutes before next cycle...

[🔄 DAEMON] Executing automated cycle #43...
[*] Target Account: permanent_bot_user_43@securemail.com
[*] Network IP Rotated Successfully via Connected Device.
[✅ SUCCESS] Cycle #43 completed and logged to Supabase cloud!
[*] Sleeping for 10 minutes before next cycle...

[🔄 DAEMON] Executing automated cycle #44...
[*] Target Account: permanent_bot_user_44@securemail.com
[*] Network IP Rotated Successfully via Connected Device.
[✅ SUCCESS] Cycle #44 completed and logged to Supabase cloud!
[*] Sleeping for 10 minutes before next cycle...

[🔄 DAEMON] Executing automated cycle #45...
[*] Target Account: permanent_bot_user_45@securemail.com
[*] Network IP Rotated Successfully via Connected Device.
[✅ SUCCESS] Cycle #45 completed and logged to Supabase cloud!
[*] Sleeping for 10 minutes before next cycle...

[🔄 DAEMON] Executing automated cycle #46...
[*] Target Account: permanent_bot_user_46@securemail.com
[*] Network IP Rotated Successfully via Connected Device.
[✅ SUCCESS] Cycle #46 completed and logged to Supabase cloud!
[*] Sleeping for 10 minutes before next cycle...

[🔄 DAEMON] Executing automated cycle #47...
[*] Target Account: permanent_bot_user_47@securemail.com
[*] Network IP Rotated Successfully via Connected Device.
[✅ SUCCESS] Cycle #47 completed and logged to Supabase cloud!
[*] Sleeping for 10 minutes before next cycle...

[🔄 DAEMON] Executing automated cycle #48...
[*] Target Account: permanent_bot_user_48@securemail.com
[*] Network IP Rotated Successfully via Connected Device.
[✅ SUCCESS] Cycle #48 completed and logged to Supabase cloud!
[*] Sleeping for 10 minutes before next cycle...

[🔄 DAEMON] Executing automated cycle #49...
[*] Target Account: permanent_bot_user_49@securemail.com
[*] Network IP Rotated Successfully via Connected Device.
[✅ SUCCESS] Cycle #49 completed and logged to Supabase cloud!
[*] Sleeping for 10 minutes before next cycle...

[🔄 DAEMON] Executing automated cycle #50...
[*] Target Account: permanent_bot_user_50@securemail.com
[*] Network IP Rotated Successfully via Connected Device.
[✅ SUCCESS] Cycle #50 completed and logged to Supabase cloud!
[*] Sleeping for 10 minutes before next cycle...

[🔄 DAEMON] Executing automated cycle #51...
[*] Target Account: permanent_bot_user_51@securemail.com
[*] Network IP Rotated Successfully via Connected Device.
[✅ SUCCESS] Cycle #51 completed and logged to Supabase cloud!
[*] Sleeping for 10 minutes before next cycle...

[🔄 DAEMON] Executing automated cycle #52...
[*] Target Account: permanent_bot_user_52@securemail.com
[*] Network IP Rotated Successfully via Connected Device.
[✅ SUCCESS] Cycle #52 completed and logged to Supabase cloud!
[*] Sleeping for 10 minutes before next cycle...

[🔄 DAEMON] Executing automated cycle #53...
[*] Target Account: permanent_bot_user_53@securemail.com
[*] Network IP Rotated Successfully via Connected Device.
[✅ SUCCESS] Cycle #53 completed and logged to Supabase cloud!
[*] Sleeping for 10 minutes before next cycle...

[🔄 DAEMON] Executing automated cycle #54...
[*] Target Account: permanent_bot_user_54@securemail.com
[*] Network IP Rotated Successfully via Connected Device.
[✅ SUCCESS] Cycle #54 completed and logged to Supabase cloud!
[*] Sleeping for 10 minutes before next cycle...

[🔄 DAEMON] Executing automated cycle #55...
[*] Target Account: permanent_bot_user_55@securemail.com
[*] Network IP Rotated Successfully via Connected Device.
[✅ SUCCESS] Cycle #55 completed and logged to Supabase cloud!
[*] Sleeping for 10 minutes before next cycle...

[🔄 DAEMON] Executing automated cycle #56...
[*] Target Account: permanent_bot_user_56@securemail.com
[*] Network IP Rotated Successfully via Connected Device.
[✅ SUCCESS] Cycle #56 completed and logged to Supabase cloud!
[*] Sleeping for 10 minutes before next cycle...

[🔄 DAEMON] Executing automated cycle #57...
[*] Target Account: permanent_bot_user_57@securemail.com
[*] Network IP Rotated Successfully via Connected Device.
[✅ SUCCESS] Cycle #57 completed and logged to Supabase cloud!
[*] Sleeping for 10 minutes before next cycle...

[🔄 DAEMON] Executing automated cycle #58...
[*] Target Account: permanent_bot_user_58@securemail.com
[*] Network IP Rotated Successfully via Connected Device.
[✅ SUCCESS] Cycle #58 completed and logged to Supabase cloud!
[*] Sleeping for 10 minutes before next cycle...

[🔄 DAEMON] Executing automated cycle #59...
[*] Target Account: permanent_bot_user_59@securemail.com
[*] Network IP Rotated Successfully via Connected Device.
[✅ SUCCESS] Cycle #59 completed and logged to Supabase cloud!
[*] Sleeping for 10 minutes before next cycle...

[🔄 DAEMON] Executing automated cycle #60...
[*] Target Account: permanent_bot_user_60@securemail.com
[*] Network IP Rotated Successfully via Connected Device.
[✅ SUCCESS] Cycle #60 completed and logged to Supabase cloud!
[*] Sleeping for 10 minutes before next cycle...

[🔄 DAEMON] Executing automated cycle #61...
[*] Target Account: permanent_bot_user_61@securemail.com
[*] Network IP Rotated Successfully via Connected Device.
[✅ SUCCESS] Cycle #61 completed and logged to Supabase cloud!
[*] Sleeping for 10 minutes before next cycle...

[🔄 DAEMON] Executing automated cycle #62...
[*] Target Account: permanent_bot_user_62@securemail.com
[*] Network IP Rotated Successfully via Connected Device.
[✅ SUCCESS] Cycle #62 completed and logged to Supabase cloud!
[*] Sleeping for 10 minutes before next cycle...

[🔄 DAEMON] Executing automated cycle #63...
[*] Target Account: permanent_bot_user_63@securemail.com
[*] Network IP Rotated Successfully via Connected Device.
[✅ SUCCESS] Cycle #63 completed and logged to Supabase cloud!
[*] Sleeping for 10 minutes before next cycle...

[🔄 DAEMON] Executing automated cycle #64...
[*] Target Account: permanent_bot_user_64@securemail.com
[*] Network IP Rotated Successfully via Connected Device.
[✅ SUCCESS] Cycle #64 completed and logged to Supabase cloud!
[*] Sleeping for 10 minutes before next cycle...

[🔄 DAEMON] Executing automated cycle #65...
[*] Target Account: permanent_bot_user_65@securemail.com
[*] Network IP Rotated Successfully via Connected Device.
[✅ SUCCESS] Cycle #65 completed and logged to Supabase cloud!
[*] Sleeping for 10 minutes before next cycle...

[🔄 DAEMON] Executing automated cycle #66...
[*] Target Account: permanent_bot_user_66@securemail.com
[*] Network IP Rotated Successfully via Connected Device.
[✅ SUCCESS] Cycle #66 completed and logged to Supabase cloud!
[*] Sleeping for 10 minutes before next cycle...

[🔄 DAEMON] Executing automated cycle #67...
[*] Target Account: permanent_bot_user_67@securemail.com
[*] Network IP Rotated Successfully via Connected Device.
[✅ SUCCESS] Cycle #67 completed and logged to Supabase cloud!
[*] Sleeping for 10 minutes before next cycle...

[🔄 DAEMON] Executing automated cycle #68...
[*] Target Account: permanent_bot_user_68@securemail.com
[*] Network IP Rotated Successfully via Connected Device.
[✅ SUCCESS] Cycle #68 completed and logged to Supabase cloud!
[*] Sleeping for 10 minutes before next cycle...

[🔄 DAEMON] Executing automated cycle #69...
[*] Target Account: permanent_bot_user_69@securemail.com
[*] Network IP Rotated Successfully via Connected Device.
[✅ SUCCESS] Cycle #69 completed and logged to Supabase cloud!
[*] Sleeping for 10 minutes before next cycle...

[🔄 DAEMON] Executing automated cycle #70...
[*] Target Account: permanent_bot_user_70@securemail.com
[*] Network IP Rotated Successfully via Connected Device.
[✅ SUCCESS] Cycle #70 completed and logged to Supabase cloud!
[*] Sleeping for 10 minutes before next cycle...

[🔄 DAEMON] Executing automated cycle #71...
[*] Target Account: permanent_bot_user_71@securemail.com
[*] Network IP Rotated Successfully via Connected Device.
[✅ SUCCESS] Cycle #71 completed and logged to Supabase cloud!
[*] Sleeping for 10 minutes before next cycle...

[🔄 DAEMON] Executing automated cycle #72...
[*] Target Account: permanent_bot_user_72@securemail.com
[*] Network IP Rotated Successfully via Connected Device.
[✅ SUCCESS] Cycle #72 completed and logged to Supabase cloud!
[*] Sleeping for 10 minutes before next cycle...

[🔄 DAEMON] Executing automated cycle #73...
[*] Target Account: permanent_bot_user_73@securemail.com
[*] Network IP Rotated Successfully via Connected Device.
[✅ SUCCESS] Cycle #73 completed and logged to Supabase cloud!
[*] Sleeping for 10 minutes before next cycle...

[🔄 DAEMON] Executing automated cycle #74...
[*] Target Account: permanent_bot_user_74@securemail.com
[*] Network IP Rotated Successfully via Connected Device.
[✅ SUCCESS] Cycle #74 completed and logged to Supabase cloud!
[*] Sleeping for 10 minutes before next cycle...

[🔄 DAEMON] Executing automated cycle #75...
[*] Target Account: permanent_bot_user_75@securemail.com
[*] Network IP Rotated Successfully via Connected Device.
[✅ SUCCESS] Cycle #75 completed and logged to Supabase cloud!
[*] Sleeping for 10 minutes before next cycle...

[🔄 DAEMON] Executing automated cycle #76...
[*] Target Account: permanent_bot_user_76@securemail.com
[*] Network IP Rotated Successfully via Connected Device.
[✅ SUCCESS] Cycle #76 completed and logged to Supabase cloud!
[*] Sleeping for 10 minutes before next cycle...

[🔄 DAEMON] Executing automated cycle #77...
[*] Target Account: permanent_bot_user_77@securemail.com
[*] Network IP Rotated Successfully via Connected Device.
[✅ SUCCESS] Cycle #77 completed and logged to Supabase cloud!
[*] Sleeping for 10 minutes before next cycle...

[🔄 DAEMON] Executing automated cycle #78...
[*] Target Account: permanent_bot_user_78@securemail.com
[*] Network IP Rotated Successfully via Connected Device.
[✅ SUCCESS] Cycle #78 completed and logged to Supabase cloud!
[*] Sleeping for 10 minutes before next cycle...

[🔄 DAEMON] Executing automated cycle #79...
[*] Target Account: permanent_bot_user_79@securemail.com
[*] Network IP Rotated Successfully via Connected Device.
[✅ SUCCESS] Cycle #79 completed and logged to Supabase cloud!
[*] Sleeping for 10 minutes before next cycle...

[🔄 DAEMON] Executing automated cycle #80...
[*] Target Account: permanent_bot_user_80@securemail.com
[*] Network IP Rotated Successfully via Connected Device.
[✅ SUCCESS] Cycle #80 completed and logged to Supabase cloud!
[*] Sleeping for 10 minutes before next cycle...

[🔄 DAEMON] Executing automated cycle #81...
[*] Target Account: permanent_bot_user_81@securemail.com
[*] Network IP Rotated Successfully via Connected Device.
[✅ SUCCESS] Cycle #81 completed and logged to Supabase cloud!
[*] Sleeping for 10 minutes before next cycle...

[🔄 DAEMON] Executing automated cycle #82...
[*] Target Account: permanent_bot_user_82@securemail.com
[*] Network IP Rotated Successfully via Connected Device.
[✅ SUCCESS] Cycle #82 completed and logged to Supabase cloud!
[*] Sleeping for 10 minutes before next cycle...

[🔄 DAEMON] Executing automated cycle #83...
[*] Target Account: permanent_bot_user_83@securemail.com
[*] Network IP Rotated Successfully via Connected Device.
[✅ SUCCESS] Cycle #83 completed and logged to Supabase cloud!
[*] Sleeping for 10 minutes before next cycle...

[🔄 DAEMON] Executing automated cycle #84...
[*] Target Account: permanent_bot_user_84@securemail.com
[*] Network IP Rotated Successfully via Connected Device.
[✅ SUCCESS] Cycle #84 completed and logged to Supabase cloud!
[*] Sleeping for 10 minutes before next cycle...

[🔄 DAEMON] Executing automated cycle #85...
[*] Target Account: permanent_bot_user_85@securemail.com
[*] Network IP Rotated Successfully via Connected Device.
[✅ SUCCESS] Cycle #85 completed and logged to Supabase cloud!
[*] Sleeping for 10 minutes before next cycle...

[🔄 DAEMON] Executing automated cycle #86...
[*] Target Account: permanent_bot_user_86@securemail.com
[*] Network IP Rotated Successfully via Connected Device.
[✅ SUCCESS] Cycle #86 completed and logged to Supabase cloud!
[*] Sleeping for 10 minutes before next cycle...

[🔄 DAEMON] Executing automated cycle #87...
[*] Target Account: permanent_bot_user_87@securemail.com
[*] Network IP Rotated Successfully via Connected Device.
[✅ SUCCESS] Cycle #87 completed and logged to Supabase cloud!
[*] Sleeping for 10 minutes before next cycle...

[🔄 DAEMON] Executing automated cycle #88...
[*] Target Account: permanent_bot_user_88@securemail.com
[*] Network IP Rotated Successfully via Connected Device.
[✅ SUCCESS] Cycle #88 completed and logged to Supabase cloud!
[*] Sleeping for 10 minutes before next cycle...

[🔄 DAEMON] Executing automated cycle #89...
[*] Target Account: permanent_bot_user_89@securemail.com
[*] Network IP Rotated Successfully via Connected Device.
[✅ SUCCESS] Cycle #89 completed and logged to Supabase cloud!
[*] Sleeping for 10 minutes before next cycle...

[🔄 DAEMON] Executing automated cycle #90...
[*] Target Account: permanent_bot_user_90@securemail.com
[*] Network IP Rotated Successfully via Connected Device.
[✅ SUCCESS] Cycle #90 completed and logged to Supabase cloud!
[*] Sleeping for 10 minutes before next cycle...

[🔄 DAEMON] Executing automated cycle #91...
[*] Target Account: permanent_bot_user_91@securemail.com
[*] Network IP Rotated Successfully via Connected Device.
[✅ SUCCESS] Cycle #91 completed and logged to Supabase cloud!
[*] Sleeping for 10 minutes before next cycle...

[🔄 DAEMON] Executing automated cycle #92...
[*] Target Account: permanent_bot_user_92@securemail.com
[*] Network IP Rotated Successfully via Connected Device.
[✅ SUCCESS] Cycle #92 completed and logged to Supabase cloud!
[*] Sleeping for 10 minutes before next cycle...

[🔄 DAEMON] Executing automated cycle #93...
[*] Target Account: permanent_bot_user_93@securemail.com
[*] Network IP Rotated Successfully via Connected Device.
[✅ SUCCESS] Cycle #93 completed and logged to Supabase cloud!
[*] Sleeping for 10 minutes before next cycle...

[🔄 DAEMON] Executing automated cycle #94...
[*] Target Account: permanent_bot_user_94@securemail.com
[*] Network IP Rotated Successfully via Connected Device.
[✅ SUCCESS] Cycle #94 completed and logged to Supabase cloud!
[*] Sleeping for 10 minutes before next cycle...

[🔄 DAEMON] Executing automated cycle #95...
[*] Target Account: permanent_bot_user_95@securemail.com
[*] Network IP Rotated Successfully via Connected Device.
[✅ SUCCESS] Cycle #95 completed and logged to Supabase cloud!
[*] Sleeping for 10 minutes before next cycle...

[🔄 DAEMON] Executing automated cycle #96...
[*] Target Account: permanent_bot_user_96@securemail.com
[*] Network IP Rotated Successfully via Connected Device.
[✅ SUCCESS] Cycle #96 completed and logged to Supabase cloud!
[*] Sleeping for 10 minutes before next cycle...

[🔄 DAEMON] Executing automated cycle #97...
[*] Target Account: permanent_bot_user_97@securemail.com
[*] Network IP Rotated Successfully via Connected Device.
[✅ SUCCESS] Cycle #97 completed and logged to Supabase cloud!
[*] Sleeping for 10 minutes before next cycle...

[🔄 DAEMON] Executing automated cycle #98...
[*] Target Account: permanent_bot_user_98@securemail.com
[*] Network IP Rotated Successfully via Connected Device.
[✅ SUCCESS] Cycle #98 completed and logged to Supabase cloud!
[*] Sleeping for 10 minutes before next cycle...

[🔄 DAEMON] Executing automated cycle #99...
[*] Target Account: permanent_bot_user_99@securemail.com
[*] Network IP Rotated Successfully via Connected Device.
[✅ SUCCESS] Cycle #99 completed and logged to Supabase cloud!
[*] Sleeping for 10 minutes before next cycle...

[🔄 DAEMON] Executing automated cycle #100...
[*] Target Account: permanent_bot_user_100@securemail.com
[*] Network IP Rotated Successfully via Connected Device.
[✅ SUCCESS] Cycle #100 completed and logged to Supabase cloud!
[*] Sleeping for 10 minutes before next cycle...

[🔄 DAEMON] Executing automated cycle #101...
[*] Target Account: permanent_bot_user_101@securemail.com
[*] Network IP Rotated Successfully via Connected Device.
[✅ SUCCESS] Cycle #101 completed and logged to Supabase cloud!
[*] Sleeping for 10 minutes before next cycle...

[🔄 DAEMON] Executing automated cycle #102...
[*] Target Account: permanent_bot_user_102@securemail.com
[*] Network IP Rotated Successfully via Connected Device.
[✅ SUCCESS] Cycle #102 completed and logged to Supabase cloud!
[*] Sleeping for 10 minutes before next cycle...

[🔄 DAEMON] Executing automated cycle #103...
[*] Target Account: permanent_bot_user_103@securemail.com
[*] Network IP Rotated Successfully via Connected Device.
[✅ SUCCESS] Cycle #103 completed and logged to Supabase cloud!
[*] Sleeping for 10 minutes before next cycle...

[🔄 DAEMON] Executing automated cycle #104...
[*] Target Account: permanent_bot_user_104@securemail.com
[*] Network IP Rotated Successfully via Connected Device.
[✅ SUCCESS] Cycle #104 completed and logged to Supabase cloud!
[*] Sleeping for 10 minutes before next cycle...

[🔄 DAEMON] Executing automated cycle #105...
[*] Target Account: permanent_bot_user_105@securemail.com
[*] Network IP Rotated Successfully via Connected Device.
[✅ SUCCESS] Cycle #105 completed and logged to Supabase cloud!
[*] Sleeping for 10 minutes before next cycle...

[🔄 DAEMON] Executing automated cycle #106...
[*] Target Account: permanent_bot_user_106@securemail.com
[*] Network IP Rotated Successfully via Connected Device.
[✅ SUCCESS] Cycle #106 completed and logged to Supabase cloud!
[*] Sleeping for 10 minutes before next cycle...

[🔄 DAEMON] Executing automated cycle #107...
[*] Target Account: permanent_bot_user_107@securemail.com
[*] Network IP Rotated Successfully via Connected Device.
[✅ SUCCESS] Cycle #107 completed and logged to Supabase cloud!
[*] Sleeping for 10 minutes before next cycle...

[🔄 DAEMON] Executing automated cycle #108...
[*] Target Account: permanent_bot_user_108@securemail.com
[*] Network IP Rotated Successfully via Connected Device.
[✅ SUCCESS] Cycle #108 completed and logged to Supabase cloud!
[*] Sleeping for 10 minutes before next cycle...

[🔄 DAEMON] Executing automated cycle #109...
[*] Target Account: permanent_bot_user_109@securemail.com
[*] Network IP Rotated Successfully via Connected Device.
[✅ SUCCESS] Cycle #109 completed and logged to Supabase cloud!
[*] Sleeping for 10 minutes before next cycle...

[🔄 DAEMON] Executing automated cycle #110...
[*] Target Account: permanent_bot_user_110@securemail.com
[*] Network IP Rotated Successfully via Connected Device.
[✅ SUCCESS] Cycle #110 completed and logged to Supabase cloud!
[*] Sleeping for 10 minutes before next cycle...

[🔄 DAEMON] Executing automated cycle #111...
[*] Target Account: permanent_bot_user_111@securemail.com
[*] Network IP Rotated Successfully via Connected Device.
[✅ SUCCESS] Cycle #111 completed and logged to Supabase cloud!
[*] Sleeping for 10 minutes before next cycle...

[🔄 DAEMON] Executing automated cycle #112...
[*] Target Account: permanent_bot_user_112@securemail.com
[*] Network IP Rotated Successfully via Connected Device.
[✅ SUCCESS] Cycle #112 completed and logged to Supabase cloud!
[*] Sleeping for 10 minutes before next cycle...

[🔄 DAEMON] Executing automated cycle #113...
[*] Target Account: permanent_bot_user_113@securemail.com
[*] Network IP Rotated Successfully via Connected Device.
[✅ SUCCESS] Cycle #113 completed and logged to Supabase cloud!
[*] Sleeping for 10 minutes before next cycle...

[🔄 DAEMON] Executing automated cycle #114...
[*] Target Account: permanent_bot_user_114@securemail.com
[*] Network IP Rotated Successfully via Connected Device.
[✅ SUCCESS] Cycle #114 completed and logged to Supabase cloud!
[*] Sleeping for 10 minutes before next cycle...

[🔄 DAEMON] Executing automated cycle #115...
[*] Target Account: permanent_bot_user_115@securemail.com
[*] Network IP Rotated Successfully via Connected Device.
[✅ SUCCESS] Cycle #115 completed and logged to Supabase cloud!
[*] Sleeping for 10 minutes before next cycle...

[🔄 DAEMON] Executing automated cycle #116...
[*] Target Account: permanent_bot_user_116@securemail.com
[*] Network IP Rotated Successfully via Connected Device.
[✅ SUCCESS] Cycle #116 completed and logged to Supabase cloud!
[*] Sleeping for 10 minutes before next cycle...

[🔄 DAEMON] Executing automated cycle #117...
[*] Target Account: permanent_bot_user_117@securemail.com
[*] Network IP Rotated Successfully via Connected Device.
[✅ SUCCESS] Cycle #117 completed and logged to Supabase cloud!
[*] Sleeping for 10 minutes before next cycle...

[🔄 DAEMON] Executing automated cycle #118...
[*] Target Account: permanent_bot_user_118@securemail.com
[*] Network IP Rotated Successfully via Connected Device.
[✅ SUCCESS] Cycle #118 completed and logged to Supabase cloud!
[*] Sleeping for 10 minutes before next cycle...

[🔄 DAEMON] Executing automated cycle #119...
[*] Target Account: permanent_bot_user_119@securemail.com
[*] Network IP Rotated Successfully via Connected Device.
[✅ SUCCESS] Cycle #119 completed and logged to Supabase cloud!
[*] Sleeping for 10 minutes before next cycle...

[🔄 DAEMON] Executing automated cycle #120...
[*] Target Account: permanent_bot_user_120@securemail.com
[*] Network IP Rotated Successfully via Connected Device.
[✅ SUCCESS] Cycle #120 completed and logged to Supabase cloud!
[*] Sleeping for 10 minutes before next cycle...

[🔄 DAEMON] Executing automated cycle #121...
[*] Target Account: permanent_bot_user_121@securemail.com
[*] Network IP Rotated Successfully via Connected Device.
[✅ SUCCESS] Cycle #121 completed and logged to Supabase cloud!
[*] Sleeping for 10 minutes before next cycle...

[🔄 DAEMON] Executing automated cycle #122...
[*] Target Account: permanent_bot_user_122@securemail.com
[*] Network IP Rotated Successfully via Connected Device.
[✅ SUCCESS] Cycle #122 completed and logged to Supabase cloud!
[*] Sleeping for 10 minutes before next cycle...

[🔄 DAEMON] Executing automated cycle #123...
[*] Target Account: permanent_bot_user_123@securemail.com
[*] Network IP Rotated Successfully via Connected Device.
[✅ SUCCESS] Cycle #123 completed and logged to Supabase cloud!
[*] Sleeping for 10 minutes before next cycle...

[🔄 DAEMON] Executing automated cycle #124...
[*] Target Account: permanent_bot_user_124@securemail.com
[*] Network IP Rotated Successfully via Connected Device.
[✅ SUCCESS] Cycle #124 completed and logged to Supabase cloud!
[*] Sleeping for 10 minutes before next cycle...

[🔄 DAEMON] Executing automated cycle #125...
[*] Target Account: permanent_bot_user_125@securemail.com
[*] Network IP Rotated Successfully via Connected Device.
[✅ SUCCESS] Cycle #125 completed and logged to Supabase cloud!
[*] Sleeping for 10 minutes before next cycle...

[🔄 DAEMON] Executing automated cycle #126...
[*] Target Account: permanent_bot_user_126@securemail.com
[*] Network IP Rotated Successfully via Connected Device.
[✅ SUCCESS] Cycle #126 completed and logged to Supabase cloud!
[*] Sleeping for 10 minutes before next cycle...

[🔄 DAEMON] Executing automated cycle #127...
[*] Target Account: permanent_bot_user_127@securemail.com
[*] Network IP Rotated Successfully via Connected Device.
[✅ SUCCESS] Cycle #127 completed and logged to Supabase cloud!
[*] Sleeping for 10 minutes before next cycle...

[🔄 DAEMON] Executing automated cycle #128...
[*] Target Account: permanent_bot_user_128@securemail.com
[*] Network IP Rotated Successfully via Connected Device.
[✅ SUCCESS] Cycle #128 completed and logged to Supabase cloud!
[*] Sleeping for 10 minutes before next cycle...

[🔄 DAEMON] Executing automated cycle #129...
[*] Target Account: permanent_bot_user_129@securemail.com
[*] Network IP Rotated Successfully via Connected Device.
[✅ SUCCESS] Cycle #129 completed and logged to Supabase cloud!
[*] Sleeping for 10 minutes before next cycle...

[🔄 DAEMON] Executing automated cycle #130...
[*] Target Account: permanent_bot_user_130@securemail.com
[*] Network IP Rotated Successfully via Connected Device.
[✅ SUCCESS] Cycle #130 completed and logged to Supabase cloud!
[*] Sleeping for 10 minutes before next cycle...

[🔄 DAEMON] Executing automated cycle #131...
[*] Target Account: permanent_bot_user_131@securemail.com
[*] Network IP Rotated Successfully via Connected Device.
[✅ SUCCESS] Cycle #131 completed and logged to Supabase cloud!
[*] Sleeping for 10 minutes before next cycle...

[🔄 DAEMON] Executing automated cycle #132...
[*] Target Account: permanent_bot_user_132@securemail.com
[*] Network IP Rotated Successfully via Connected Device.
[✅ SUCCESS] Cycle #132 completed and logged to Supabase cloud!
[*] Sleeping for 10 minutes before next cycle...

[🔄 DAEMON] Executing automated cycle #133...
[*] Target Account: permanent_bot_user_133@securemail.com
[*] Network IP Rotated Successfully via Connected Device.
[✅ SUCCESS] Cycle #133 completed and logged to Supabase cloud!
[*] Sleeping for 10 minutes before next cycle...

[🔄 DAEMON] Executing automated cycle #134...
[*] Target Account: permanent_bot_user_134@securemail.com
[*] Network IP Rotated Successfully via Connected Device.
[✅ SUCCESS] Cycle #134 completed and logged to Supabase cloud!
[*] Sleeping for 10 minutes before next cycle...

[🔄 DAEMON] Executing automated cycle #135...
[*] Target Account: permanent_bot_user_135@securemail.com
[*] Network IP Rotated Successfully via Connected Device.
[✅ SUCCESS] Cycle #135 completed and logged to Supabase cloud!
[*] Sleeping for 10 minutes before next cycle...

[🔄 DAEMON] Executing automated cycle #136...
[*] Target Account: permanent_bot_user_136@securemail.com
[*] Network IP Rotated Successfully via Connected Device.
[✅ SUCCESS] Cycle #136 completed and logged to Supabase cloud!
[*] Sleeping for 10 minutes before next cycle...

[🔄 DAEMON] Executing automated cycle #137...
[*] Target Account: permanent_bot_user_137@securemail.com
[*] Network IP Rotated Successfully via Connected Device.
[✅ SUCCESS] Cycle #137 completed and logged to Supabase cloud!
[*] Sleeping for 10 minutes before next cycle...

[🔄 DAEMON] Executing automated cycle #138...
[*] Target Account: permanent_bot_user_138@securemail.com
[*] Network IP Rotated Successfully via Connected Device.
[✅ SUCCESS] Cycle #138 completed and logged to Supabase cloud!
[*] Sleeping for 10 minutes before next cycle...

[🔄 DAEMON] Executing automated cycle #139...
[*] Target Account: permanent_bot_user_139@securemail.com
[*] Network IP Rotated Successfully via Connected Device.
[✅ SUCCESS] Cycle #139 completed and logged to Supabase cloud!
[*] Sleeping for 10 minutes before next cycle...

[🔄 DAEMON] Executing automated cycle #140...
[*] Target Account: permanent_bot_user_140@securemail.com
[*] Network IP Rotated Successfully via Connected Device.
[✅ SUCCESS] Cycle #140 completed and logged to Supabase cloud!
[*] Sleeping for 10 minutes before next cycle...

[🔄 DAEMON] Executing automated cycle #141...
[*] Target Account: permanent_bot_user_141@securemail.com
[*] Network IP Rotated Successfully via Connected Device.
[✅ SUCCESS] Cycle #141 completed and logged to Supabase cloud!
[*] Sleeping for 10 minutes before next cycle...

[🔄 DAEMON] Executing automated cycle #142...
[*] Target Account: permanent_bot_user_142@securemail.com
[*] Network IP Rotated Successfully via Connected Device.
[✅ SUCCESS] Cycle #142 completed and logged to Supabase cloud!
[*] Sleeping for 10 minutes before next cycle...

[🔄 DAEMON] Executing automated cycle #143...
[*] Target Account: permanent_bot_user_143@securemail.com
[*] Network IP Rotated Successfully via Connected Device.
[✅ SUCCESS] Cycle #143 completed and logged to Supabase cloud!
[*] Sleeping for 10 minutes before next cycle...

[🔄 DAEMON] Executing automated cycle #144...
[*] Target Account: permanent_bot_user_144@securemail.com
[*] Network IP Rotated Successfully via Connected Device.
[✅ SUCCESS] Cycle #144 completed and logged to Supabase cloud!
[*] Sleeping for 10 minutes before next cycle...

[🔄 DAEMON] Executing automated cycle #145...
[*] Target Account: permanent_bot_user_145@securemail.com
[*] Network IP Rotated Successfully via Connected Device.
[✅ SUCCESS] Cycle #145 completed and logged to Supabase cloud!
[*] Sleeping for 10 minutes before next cycle...

[🔄 DAEMON] Executing automated cycle #146...
[*] Target Account: permanent_bot_user_146@securemail.com
[*] Network IP Rotated Successfully via Connected Device.
[✅ SUCCESS] Cycle #146 completed and logged to Supabase cloud!
[*] Sleeping for 10 minutes before next cycle...

[🔄 DAEMON] Executing automated cycle #147...
[*] Target Account: permanent_bot_user_147@securemail.com
[*] Network IP Rotated Successfully via Connected Device.
[✅ SUCCESS] Cycle #147 completed and logged to Supabase cloud!
[*] Sleeping for 10 minutes before next cycle...

[🔄 DAEMON] Executing automated cycle #148...
[*] Target Account: permanent_bot_user_148@securemail.com
[*] Network IP Rotated Successfully via Connected Device.
[✅ SUCCESS] Cycle #148 completed and logged to Supabase cloud!
[*] Sleeping for 10 minutes before next cycle...

[🔄 DAEMON] Executing automated cycle #149...
[*] Target Account: permanent_bot_user_149@securemail.com
[*] Network IP Rotated Successfully via Connected Device.
[✅ SUCCESS] Cycle #149 completed and logged to Supabase cloud!
[*] Sleeping for 10 minutes before next cycle...

[🔄 DAEMON] Executing automated cycle #150...
[*] Target Account: permanent_bot_user_150@securemail.com
[*] Network IP Rotated Successfully via Connected Device.
[✅ SUCCESS] Cycle #150 completed and logged to Supabase cloud!
[*] Sleeping for 10 minutes before next cycle...

[🔄 DAEMON] Executing automated cycle #151...
[*] Target Account: permanent_bot_user_151@securemail.com
[*] Network IP Rotated Successfully via Connected Device.
[✅ SUCCESS] Cycle #151 completed and logged to Supabase cloud!
[*] Sleeping for 10 minutes before next cycle...

[🔄 DAEMON] Executing automated cycle #152...
[*] Target Account: permanent_bot_user_152@securemail.com
[*] Network IP Rotated Successfully via Connected Device.
[✅ SUCCESS] Cycle #152 completed and logged to Supabase cloud!
[*] Sleeping for 10 minutes before next cycle...

[🔄 DAEMON] Executing automated cycle #153...
[*] Target Account: permanent_bot_user_153@securemail.com
[*] Network IP Rotated Successfully via Connected Device.
[✅ SUCCESS] Cycle #153 completed and logged to Supabase cloud!
[*] Sleeping for 10 minutes before next cycle...

[🔄 DAEMON] Executing automated cycle #154...
[*] Target Account: permanent_bot_user_154@securemail.com
[*] Network IP Rotated Successfully via Connected Device.
[✅ SUCCESS] Cycle #154 completed and logged to Supabase cloud!
[*] Sleeping for 10 minutes before next cycle...

[🔄 DAEMON] Executing automated cycle #155...
[*] Target Account: permanent_bot_user_155@securemail.com
[*] Network IP Rotated Successfully via Connected Device.
[✅ SUCCESS] Cycle #155 completed and logged to Supabase cloud!
[*] Sleeping for 10 minutes before next cycle...

[🔄 DAEMON] Executing automated cycle #156...
[*] Target Account: permanent_bot_user_156@securemail.com
[*] Network IP Rotated Successfully via Connected Device.
[✅ SUCCESS] Cycle #156 completed and logged to Supabase cloud!
[*] Sleeping for 10 minutes before next cycle...

[🔄 DAEMON] Executing automated cycle #157...
[*] Target Account: permanent_bot_user_157@securemail.com
[*] Network IP Rotated Successfully via Connected Device.
[✅ SUCCESS] Cycle #157 completed and logged to Supabase cloud!
[*] Sleeping for 10 minutes before next cycle...

[🔄 DAEMON] Executing automated cycle #158...
[*] Target Account: permanent_bot_user_158@securemail.com
[*] Network IP Rotated Successfully via Connected Device.
[✅ SUCCESS] Cycle #158 completed and logged to Supabase cloud!
[*] Sleeping for 10 minutes before next cycle...

[🔄 DAEMON] Executing automated cycle #159...
[*] Target Account: permanent_bot_user_159@securemail.com
[*] Network IP Rotated Successfully via Connected Device.
[✅ SUCCESS] Cycle #159 completed and logged to Supabase cloud!
[*] Sleeping for 10 minutes before next cycle...

[🔄 DAEMON] Executing automated cycle #160...
[*] Target Account: permanent_bot_user_160@securemail.com
[*] Network IP Rotated Successfully via Connected Device.
[✅ SUCCESS] Cycle #160 completed and logged to Supabase cloud!
[*] Sleeping for 10 minutes before next cycle...

[🔄 DAEMON] Executing automated cycle #161...
[*] Target Account: permanent_bot_user_161@securemail.com
[*] Network IP Rotated Successfully via Connected Device.
[✅ SUCCESS] Cycle #161 completed and logged to Supabase cloud!
[*] Sleeping for 10 minutes before next cycle...

[🔄 DAEMON] Executing automated cycle #162...
[*] Target Account: permanent_bot_user_162@securemail.com
[*] Network IP Rotated Successfully via Connected Device.
[✅ SUCCESS] Cycle #162 completed and logged to Supabase cloud!
[*] Sleeping for 10 minutes before next cycle...

[🔄 DAEMON] Executing automated cycle #163...
[*] Target Account: permanent_bot_user_163@securemail.com
[*] Network IP Rotated Successfully via Connected Device.
[✅ SUCCESS] Cycle #163 completed and logged to Supabase cloud!
[*] Sleeping for 10 minutes before next cycle...

[🔄 DAEMON] Executing automated cycle #164...
[*] Target Account: permanent_bot_user_164@securemail.com
[*] Network IP Rotated Successfully via Connected Device.
[✅ SUCCESS] Cycle #164 completed and logged to Supabase cloud!
[*] Sleeping for 10 minutes before next cycle...

[🔄 DAEMON] Executing automated cycle #165...
[*] Target Account: permanent_bot_user_165@securemail.com
[*] Network IP Rotated Successfully via Connected Device.
[✅ SUCCESS] Cycle #165 completed and logged to Supabase cloud!
[*] Sleeping for 10 minutes before next cycle...

[🔄 DAEMON] Executing automated cycle #166...
[*] Target Account: permanent_bot_user_166@securemail.com
[*] Network IP Rotated Successfully via Connected Device.
[✅ SUCCESS] Cycle #166 completed and logged to Supabase cloud!
[*] Sleeping for 10 minutes before next cycle...

[🔄 DAEMON] Executing automated cycle #167...
[*] Target Account: permanent_bot_user_167@securemail.com
[*] Network IP Rotated Successfully via Connected Device.
[✅ SUCCESS] Cycle #167 completed and logged to Supabase cloud!
[*] Sleeping for 10 minutes before next cycle...

[🔄 DAEMON] Executing automated cycle #168...
[*] Target Account: permanent_bot_user_168@securemail.com
[*] Network IP Rotated Successfully via Connected Device.
[✅ SUCCESS] Cycle #168 completed and logged to Supabase cloud!
[*] Sleeping for 10 minutes before next cycle...

[🔄 DAEMON] Executing automated cycle #169...
[*] Target Account: permanent_bot_user_169@securemail.com
[*] Network IP Rotated Successfully via Connected Device.
[✅ SUCCESS] Cycle #169 completed and logged to Supabase cloud!
[*] Sleeping for 10 minutes before next cycle...

[🔄 DAEMON] Executing automated cycle #170...
[*] Target Account: permanent_bot_user_170@securemail.com
[*] Network IP Rotated Successfully via Connected Device.
[✅ SUCCESS] Cycle #170 completed and logged to Supabase cloud!
[*] Sleeping for 10 minutes before next cycle...

[🔄 DAEMON] Executing automated cycle #171...
[*] Target Account: permanent_bot_user_171@securemail.com
[*] Network IP Rotated Successfully via Connected Device.
[✅ SUCCESS] Cycle #171 completed and logged to Supabase cloud!
[*] Sleeping for 10 minutes before next cycle...

[🔄 DAEMON] Executing automated cycle #172...
[*] Target Account: permanent_bot_user_172@securemail.com
[*] Network IP Rotated Successfully via Connected Device.
[✅ SUCCESS] Cycle #172 completed and logged to Supabase cloud!
[*] Sleeping for 10 minutes before next cycle...

[🔄 DAEMON] Executing automated cycle #173...
[*] Target Account: permanent_bot_user_173@securemail.com
[*] Network IP Rotated Successfully via Connected Device.
[✅ SUCCESS] Cycle #173 completed and logged to Supabase cloud!
[*] Sleeping for 10 minutes before next cycle...

[🔄 DAEMON] Executing automated cycle #174...
[*] Target Account: permanent_bot_user_174@securemail.com
[*] Network IP Rotated Successfully via Connected Device.
[✅ SUCCESS] Cycle #174 completed and logged to Supabase cloud!
[*] Sleeping for 10 minutes before next cycle...

[🔄 DAEMON] Executing automated cycle #175...
[*] Target Account: permanent_bot_user_175@securemail.com
[*] Network IP Rotated Successfully via Connected Device.
[✅ SUCCESS] Cycle #175 completed and logged to Supabase cloud!
[*] Sleeping for 10 minutes before next cycle...

[🔄 DAEMON] Executing automated cycle #176...
[*] Target Account: permanent_bot_user_176@securemail.com
[*] Network IP Rotated Successfully via Connected Device.
[✅ SUCCESS] Cycle #176 completed and logged to Supabase cloud!
[*] Sleeping for 10 minutes before next cycle...

[🔄 DAEMON] Executing automated cycle #177...
[*] Target Account: permanent_bot_user_177@securemail.com
[*] Network IP Rotated Successfully via Connected Device.
[✅ SUCCESS] Cycle #177 completed and logged to Supabase cloud!
[*] Sleeping for 10 minutes before next cycle...

[🔄 DAEMON] Executing automated cycle #178...
[*] Target Account: permanent_bot_user_178@securemail.com
[*] Network IP Rotated Successfully via Connected Device.
[✅ SUCCESS] Cycle #178 completed and logged to Supabase cloud!
[*] Sleeping for 10 minutes before next cycle...

[🔄 DAEMON] Executing automated cycle #179...
[*] Target Account: permanent_bot_user_179@securemail.com
[*] Network IP Rotated Successfully via Connected Device.
[✅ SUCCESS] Cycle #179 completed and logged to Supabase cloud!
[*] Sleeping for 10 minutes before next cycle...

[🔄 DAEMON] Executing automated cycle #180...
[*] Target Account: permanent_bot_user_180@securemail.com
[*] Network IP Rotated Successfully via Connected Device.
[✅ SUCCESS] Cycle #180 completed and logged to Supabase cloud!
[*] Sleeping for 10 minutes before next cycle...

[🔄 DAEMON] Executing automated cycle #181...
[*] Target Account: permanent_bot_user_181@securemail.com
[*] Network IP Rotated Successfully via Connected Device.
[✅ SUCCESS] Cycle #181 completed and logged to Supabase cloud!
[*] Sleeping for 10 minutes before next cycle...

[🔄 DAEMON] Executing automated cycle #182...
[*] Target Account: permanent_bot_user_182@securemail.com
[*] Network IP Rotated Successfully via Connected Device.
[✅ SUCCESS] Cycle #182 completed and logged to Supabase cloud!
[*] Sleeping for 10 minutes before next cycle...

[🔄 DAEMON] Executing automated cycle #183...
[*] Target Account: permanent_bot_user_183@securemail.com
[*] Network IP Rotated Successfully via Connected Device.
[✅ SUCCESS] Cycle #183 completed and logged to Supabase cloud!
[*] Sleeping for 10 minutes before next cycle...

[🔄 DAEMON] Executing automated cycle #184...
[*] Target Account: permanent_bot_user_184@securemail.com
[*] Network IP Rotated Successfully via Connected Device.
[✅ SUCCESS] Cycle #184 completed and logged to Supabase cloud!
[*] Sleeping for 10 minutes before next cycle...

[🔄 DAEMON] Executing automated cycle #185...
[*] Target Account: permanent_bot_user_185@securemail.com
[*] Network IP Rotated Successfully via Connected Device.
[✅ SUCCESS] Cycle #185 completed and logged to Supabase cloud!
[*] Sleeping for 10 minutes before next cycle...

[🔄 DAEMON] Executing automated cycle #186...
[*] Target Account: permanent_bot_user_186@securemail.com
[*] Network IP Rotated Successfully via Connected Device.
[✅ SUCCESS] Cycle #186 completed and logged to Supabase cloud!
[*] Sleeping for 10 minutes before next cycle...

[🔄 DAEMON] Executing automated cycle #187...
[*] Target Account: permanent_bot_user_187@securemail.com
[*] Network IP Rotated Successfully via Connected Device.
[✅ SUCCESS] Cycle #187 completed and logged to Supabase cloud!
[*] Sleeping for 10 minutes before next cycle...

[🔄 DAEMON] Executing automated cycle #188...
[*] Target Account: permanent_bot_user_188@securemail.com
[*] Network IP Rotated Successfully via Connected Device.
[✅ SUCCESS] Cycle #188 completed and logged to Supabase cloud!
[*] Sleeping for 10 minutes before next cycle...

[🔄 DAEMON] Executing automated cycle #189...
[*] Target Account: permanent_bot_user_189@securemail.com
[*] Network IP Rotated Successfully via Connected Device.
[✅ SUCCESS] Cycle #189 completed and logged to Supabase cloud!
[*] Sleeping for 10 minutes before next cycle...

[🔄 DAEMON] Executing automated cycle #190...
[*] Target Account: permanent_bot_user_190@securemail.com
[*] Network IP Rotated Successfully via Connected Device.
[✅ SUCCESS] Cycle #190 completed and logged to Supabase cloud!
[*] Sleeping for 10 minutes before next cycle...

[🔄 DAEMON] Executing automated cycle #191...
[*] Target Account: permanent_bot_user_191@securemail.com
[*] Network IP Rotated Successfully via Connected Device.
[✅ SUCCESS] Cycle #191 completed and logged to Supabase cloud!
[*] Sleeping for 10 minutes before next cycle...

[🔄 DAEMON] Executing automated cycle #192...
[*] Target Account: permanent_bot_user_192@securemail.com
[*] Network IP Rotated Successfully via Connected Device.
[✅ SUCCESS] Cycle #192 completed and logged to Supabase cloud!
[*] Sleeping for 10 minutes before next cycle...

[🔄 DAEMON] Executing automated cycle #193...
[*] Target Account: permanent_bot_user_193@securemail.com
[*] Network IP Rotated Successfully via Connected Device.
[✅ SUCCESS] Cycle #193 completed and logged to Supabase cloud!
[*] Sleeping for 10 minutes before next cycle...

[🔄 DAEMON] Executing automated cycle #194...
[*] Target Account: permanent_bot_user_194@securemail.com
[*] Network IP Rotated Successfully via Connected Device.
[✅ SUCCESS] Cycle #194 completed and logged to Supabase cloud!
[*] Sleeping for 10 minutes before next cycle...

[🔄 DAEMON] Executing automated cycle #195...
[*] Target Account: permanent_bot_user_195@securemail.com
[*] Network IP Rotated Successfully via Connected Device.
[✅ SUCCESS] Cycle #195 completed and logged to Supabase cloud!
[*] Sleeping for 10 minutes before next cycle...

[🔄 DAEMON] Executing automated cycle #196...
[*] Target Account: permanent_bot_user_196@securemail.com
[*] Network IP Rotated Successfully via Connected Device.
[✅ SUCCESS] Cycle #196 completed and logged to Supabase cloud!
[*] Sleeping for 10 minutes before next cycle...

[🔄 DAEMON] Executing automated cycle #197...
[*] Target Account: permanent_bot_user_197@securemail.com
[*] Network IP Rotated Successfully via Connected Device.
[✅ SUCCESS] Cycle #197 completed and logged to Supabase cloud!
[*] Sleeping for 10 minutes before next cycle...

[🔄 DAEMON] Executing automated cycle #198...
[*] Target Account: permanent_bot_user_198@securemail.com
[*] Network IP Rotated Successfully via Connected Device.
[✅ SUCCESS] Cycle #198 completed and logged to Supabase cloud!
[*] Sleeping for 10 minutes before next cycle...

[🔄 DAEMON] Executing automated cycle #199...
[*] Target Account: permanent_bot_user_199@securemail.com
[*] Network IP Rotated Successfully via Connected Device.
[✅ SUCCESS] Cycle #199 completed and logged to Supabase cloud!
[*] Sleeping for 10 minutes before next cycle...

[🔄 DAEMON] Executing automated cycle #200...
[*] Target Account: permanent_bot_user_200@securemail.com
[*] Network IP Rotated Successfully via Connected Device.
[✅ SUCCESS] Cycle #200 completed and logged to Supabase cloud!
[*] Sleeping for 10 minutes before next cycle...

[🔄 DAEMON] Executing automated cycle #201...
[*] Target Account: permanent_bot_user_201@securemail.com
[*] Network IP Rotated Successfully via Connected Device.
[✅ SUCCESS] Cycle #201 completed and logged to Supabase cloud!
[*] Sleeping for 10 minutes before next cycle...

[🔄 DAEMON] Executing automated cycle #202...
[*] Target Account: permanent_bot_user_202@securemail.com
[*] Network IP Rotated Successfully via Connected Device.
[✅ SUCCESS] Cycle #202 completed and logged to Supabase cloud!
[*] Sleeping for 10 minutes before next cycle...

[🔄 DAEMON] Executing automated cycle #203...
[*] Target Account: permanent_bot_user_203@securemail.com
[*] Network IP Rotated Successfully via Connected Device.
[✅ SUCCESS] Cycle #203 completed and logged to Supabase cloud!
[*] Sleeping for 10 minutes before next cycle...

[🔄 DAEMON] Executing automated cycle #204...
[*] Target Account: permanent_bot_user_204@securemail.com
[*] Network IP Rotated Successfully via Connected Device.
[✅ SUCCESS] Cycle #204 completed and logged to Supabase cloud!
[*] Sleeping for 10 minutes before next cycle...

[🔄 DAEMON] Executing automated cycle #205...
[*] Target Account: permanent_bot_user_205@securemail.com
[*] Network IP Rotated Successfully via Connected Device.
[✅ SUCCESS] Cycle #205 completed and logged to Supabase cloud!
[*] Sleeping for 10 minutes before next cycle...

[🔄 DAEMON] Executing automated cycle #206...
[*] Target Account: permanent_bot_user_206@securemail.com
[*] Network IP Rotated Successfully via Connected Device.
[✅ SUCCESS] Cycle #206 completed and logged to Supabase cloud!
[*] Sleeping for 10 minutes before next cycle...

[🔄 DAEMON] Executing automated cycle #207...
[*] Target Account: permanent_bot_user_207@securemail.com
[*] Network IP Rotated Successfully via Connected Device.
[✅ SUCCESS] Cycle #207 completed and logged to Supabase cloud!
[*] Sleeping for 10 minutes before next cycle...

[🔄 DAEMON] Executing automated cycle #208...
[*] Target Account: permanent_bot_user_208@securemail.com
[*] Network IP Rotated Successfully via Connected Device.
[✅ SUCCESS] Cycle #208 completed and logged to Supabase cloud!
[*] Sleeping for 10 minutes before next cycle...

[🔄 DAEMON] Executing automated cycle #209...
[*] Target Account: permanent_bot_user_209@securemail.com
[*] Network IP Rotated Successfully via Connected Device.
[✅ SUCCESS] Cycle #209 completed and logged to Supabase cloud!
[*] Sleeping for 10 minutes before next cycle...

[🔄 DAEMON] Executing automated cycle #210...
[*] Target Account: permanent_bot_user_210@securemail.com
[*] Network IP Rotated Successfully via Connected Device.
[✅ SUCCESS] Cycle #210 completed and logged to Supabase cloud!
[*] Sleeping for 10 minutes before next cycle...

[🔄 DAEMON] Executing automated cycle #211...
[*] Target Account: permanent_bot_user_211@securemail.com
[*] Network IP Rotated Successfully via Connected Device.
[✅ SUCCESS] Cycle #211 completed and logged to Supabase cloud!
[*] Sleeping for 10 minutes before next cycle...

[🔄 DAEMON] Executing automated cycle #212...
[*] Target Account: permanent_bot_user_212@securemail.com
[*] Network IP Rotated Successfully via Connected Device.
[✅ SUCCESS] Cycle #212 completed and logged to Supabase cloud!
[*] Sleeping for 10 minutes before next cycle...

[🔄 DAEMON] Executing automated cycle #213...
[*] Target Account: permanent_bot_user_213@securemail.com
[*] Network IP Rotated Successfully via Connected Device.
[✅ SUCCESS] Cycle #213 completed and logged to Supabase cloud!
[*] Sleeping for 10 minutes before next cycle...

[🔄 DAEMON] Executing automated cycle #214...
[*] Target Account: permanent_bot_user_214@securemail.com
[*] Network IP Rotated Successfully via Connected Device.
[✅ SUCCESS] Cycle #214 completed and logged to Supabase cloud!
[*] Sleeping for 10 minutes before next cycle...

[🔄 DAEMON] Executing automated cycle #215...
[*] Target Account: permanent_bot_user_215@securemail.com
[*] Network IP Rotated Successfully via Connected Device.
[✅ SUCCESS] Cycle #215 completed and logged to Supabase cloud!
[*] Sleeping for 10 minutes before next cycle...

[🔄 DAEMON] Executing automated cycle #216...
[*] Target Account: permanent_bot_user_216@securemail.com
[*] Network IP Rotated Successfully via Connected Device.
[✅ SUCCESS] Cycle #216 completed and logged to Supabase cloud!
[*] Sleeping for 10 minutes before next cycle...

[🔄 DAEMON] Executing automated cycle #217...
[*] Target Account: permanent_bot_user_217@securemail.com
[*] Network IP Rotated Successfully via Connected Device.
[✅ SUCCESS] Cycle #217 completed and logged to Supabase cloud!
[*] Sleeping for 10 minutes before next cycle...

[🔄 DAEMON] Executing automated cycle #218...
[*] Target Account: permanent_bot_user_218@securemail.com
[*] Network IP Rotated Successfully via Connected Device.
[✅ SUCCESS] Cycle #218 completed and logged to Supabase cloud!
[*] Sleeping for 10 minutes before next cycle...

[🔄 DAEMON] Executing automated cycle #219...
[*] Target Account: permanent_bot_user_219@securemail.com
[*] Network IP Rotated Successfully via Connected Device.
[✅ SUCCESS] Cycle #219 completed and logged to Supabase cloud!
[*] Sleeping for 10 minutes before next cycle...

[🔄 DAEMON] Executing automated cycle #220...
[*] Target Account: permanent_bot_user_220@securemail.com
[*] Network IP Rotated Successfully via Connected Device.
[✅ SUCCESS] Cycle #220 completed and logged to Supabase cloud!
[*] Sleeping for 10 minutes before next cycle...

[🔄 DAEMON] Executing automated cycle #221...
[*] Target Account: permanent_bot_user_221@securemail.com
[*] Network IP Rotated Successfully via Connected Device.
[✅ SUCCESS] Cycle #221 completed and logged to Supabase cloud!
[*] Sleeping for 10 minutes before next cycle...

[🔄 DAEMON] Executing automated cycle #222...
[*] Target Account: permanent_bot_user_222@securemail.com
[*] Network IP Rotated Successfully via Connected Device.
[✅ SUCCESS] Cycle #222 completed and logged to Supabase cloud!
[*] Sleeping for 10 minutes before next cycle...

[🔄 DAEMON] Executing automated cycle #223...
[*] Target Account: permanent_bot_user_223@securemail.com
[*] Network IP Rotated Successfully via Connected Device.
[✅ SUCCESS] Cycle #223 completed and logged to Supabase cloud!
[*] Sleeping for 10 minutes before next cycle...

[🔄 DAEMON] Executing automated cycle #224...
[*] Target Account: permanent_bot_user_224@securemail.com
[*] Network IP Rotated Successfully via Connected Device.
[✅ SUCCESS] Cycle #224 completed and logged to Supabase cloud!
[*] Sleeping for 10 minutes before next cycle...

[🔄 DAEMON] Executing automated cycle #225...
[*] Target Account: permanent_bot_user_225@securemail.com
[*] Network IP Rotated Successfully via Connected Device.
[✅ SUCCESS] Cycle #225 completed and logged to Supabase cloud!
[*] Sleeping for 10 minutes before next cycle...

[🔄 DAEMON] Executing automated cycle #226...
[*] Target Account: permanent_bot_user_226@securemail.com
[*] Network IP Rotated Successfully via Connected Device.
[✅ SUCCESS] Cycle #226 completed and logged to Supabase cloud!
[*] Sleeping for 10 minutes before next cycle...

[🔄 DAEMON] Executing automated cycle #227...
[*] Target Account: permanent_bot_user_227@securemail.com
[*] Network IP Rotated Successfully via Connected Device.
[✅ SUCCESS] Cycle #227 completed and logged to Supabase cloud!
[*] Sleeping for 10 minutes before next cycle...

[🔄 DAEMON] Executing automated cycle #228...
[*] Target Account: permanent_bot_user_228@securemail.com
[*] Network IP Rotated Successfully via Connected Device.
[✅ SUCCESS] Cycle #228 completed and logged to Supabase cloud!
[*] Sleeping for 10 minutes before next cycle...

[🔄 DAEMON] Executing automated cycle #229...
[*] Target Account: permanent_bot_user_229@securemail.com
[*] Network IP Rotated Successfully via Connected Device.
[✅ SUCCESS] Cycle #229 completed and logged to Supabase cloud!
[*] Sleeping for 10 minutes before next cycle...

[🔄 DAEMON] Executing automated cycle #230...
[*] Target Account: permanent_bot_user_230@securemail.com
[*] Network IP Rotated Successfully via Connected Device.
[✅ SUCCESS] Cycle #230 completed and logged to Supabase cloud!
[*] Sleeping for 10 minutes before next cycle...

[🔄 DAEMON] Executing automated cycle #231...
[*] Target Account: permanent_bot_user_231@securemail.com
[*] Network IP Rotated Successfully via Connected Device.
[✅ SUCCESS] Cycle #231 completed and logged to Supabase cloud!
[*] Sleeping for 10 minutes before next cycle...

[🔄 DAEMON] Executing automated cycle #232...
[*] Target Account: permanent_bot_user_232@securemail.com
[*] Network IP Rotated Successfully via Connected Device.
[✅ SUCCESS] Cycle #232 completed and logged to Supabase cloud!
[*] Sleeping for 10 minutes before next cycle...

[🔄 DAEMON] Executing automated cycle #233...
[*] Target Account: permanent_bot_user_233@securemail.com
[*] Network IP Rotated Successfully via Connected Device.
[✅ SUCCESS] Cycle #233 completed and logged to Supabase cloud!
[*] Sleeping for 10 minutes before next cycle...

[🔄 DAEMON] Executing automated cycle #234...
[*] Target Account: permanent_bot_user_234@securemail.com
[*] Network IP Rotated Successfully via Connected Device.
[✅ SUCCESS] Cycle #234 completed and logged to Supabase cloud!
[*] Sleeping for 10 minutes before next cycle...

[🔄 DAEMON] Executing automated cycle #235...
[*] Target Account: permanent_bot_user_235@securemail.com
[*] Network IP Rotated Successfully via Connected Device.
[✅ SUCCESS] Cycle #235 completed and logged to Supabase cloud!
[*] Sleeping for 10 minutes before next cycle...

[🔄 DAEMON] Executing automated cycle #236...
[*] Target Account: permanent_bot_user_236@securemail.com
[*] Network IP Rotated Successfully via Connected Device.
[✅ SUCCESS] Cycle #236 completed and logged to Supabase cloud!
[*] Sleeping for 10 minutes before next cycle...

[🔄 DAEMON] Executing automated cycle #237...
[*] Target Account: permanent_bot_user_237@securemail.com
[*] Network IP Rotated Successfully via Connected Device.
[✅ SUCCESS] Cycle #237 completed and logged to Supabase cloud!
[*] Sleeping for 10 minutes before next cycle...

[🔄 DAEMON] Executing automated cycle #238...
[*] Target Account: permanent_bot_user_238@securemail.com
[*] Network IP Rotated Successfully via Connected Device.
[✅ SUCCESS] Cycle #238 completed and logged to Supabase cloud!
[*] Sleeping for 10 minutes before next cycle...

[🔄 DAEMON] Executing automated cycle #239...
[*] Target Account: permanent_bot_user_239@securemail.com
[*] Network IP Rotated Successfully via Connected Device.
[✅ SUCCESS] Cycle #239 completed and logged to Supabase cloud!
[*] Sleeping for 10 minutes before next cycle...

[🔄 DAEMON] Executing automated cycle #240...
[*] Target Account: permanent_bot_user_240@securemail.com
[*] Network IP Rotated Successfully via Connected Device.
[✅ SUCCESS] Cycle #240 completed and logged to Supabase cloud!
[*] Sleeping for 10 minutes before next cycle...

[🔄 DAEMON] Executing automated cycle #241...
[*] Target Account: permanent_bot_user_241@securemail.com
[*] Network IP Rotated Successfully via Connected Device.
[✅ SUCCESS] Cycle #241 completed and logged to Supabase cloud!
[*] Sleeping for 10 minutes before next cycle...

[🔄 DAEMON] Executing automated cycle #242...
[*] Target Account: permanent_bot_user_242@securemail.com
[*] Network IP Rotated Successfully via Connected Device.
[✅ SUCCESS] Cycle #242 completed and logged to Supabase cloud!
[*] Sleeping for 10 minutes before next cycle...

[🔄 DAEMON] Executing automated cycle #243...
[*] Target Account: permanent_bot_user_243@securemail.com
[*] Network IP Rotated Successfully via Connected Device.
[✅ SUCCESS] Cycle #243 completed and logged to Supabase cloud!
[*] Sleeping for 10 minutes before next cycle...

[🔄 DAEMON] Executing automated cycle #244...
[*] Target Account: permanent_bot_user_244@securemail.com
[*] Network IP Rotated Successfully via Connected Device.
[✅ SUCCESS] Cycle #244 completed and logged to Supabase cloud!
[*] Sleeping for 10 minutes before next cycle...

[🔄 DAEMON] Executing automated cycle #245...
[*] Target Account: permanent_bot_user_245@securemail.com
[*] Network IP Rotated Successfully via Connected Device.
[✅ SUCCESS] Cycle #245 completed and logged to Supabase cloud!
[*] Sleeping for 10 minutes before next cycle...

[🔄 DAEMON] Executing automated cycle #246...
[*] Target Account: permanent_bot_user_246@securemail.com
[*] Network IP Rotated Successfully via Connected Device.
[✅ SUCCESS] Cycle #246 completed and logged to Supabase cloud!
[*] Sleeping for 10 minutes before next cycle...

[🔄 DAEMON] Executing automated cycle #247...
[*] Target Account: permanent_bot_user_247@securemail.com
[*] Network IP Rotated Successfully via Connected Device.
[✅ SUCCESS] Cycle #247 completed and logged to Supabase cloud!
[*] Sleeping for 10 minutes before next cycle...

[🔄 DAEMON] Executing automated cycle #248...
[*] Target Account: permanent_bot_user_248@securemail.com
[*] Network IP Rotated Successfully via Connected Device.
[✅ SUCCESS] Cycle #248 completed and logged to Supabase cloud!
[*] Sleeping for 10 minutes before next cycle...

[🔄 DAEMON] Executing automated cycle #249...
[*] Target Account: permanent_bot_user_249@securemail.com
[*] Network IP Rotated Successfully via Connected Device.
[✅ SUCCESS] Cycle #249 completed and logged to Supabase cloud!
[*] Sleeping for 10 minutes before next cycle...

[🔄 DAEMON] Executing automated cycle #250...
[*] Target Account: permanent_bot_user_250@securemail.com
[*] Network IP Rotated Successfully via Connected Device.
[✅ SUCCESS] Cycle #250 completed and logged to Supabase cloud!
[*] Sleeping for 10 minutes before next cycle...

[🔄 DAEMON] Executing automated cycle #251...
[*] Target Account: permanent_bot_user_251@securemail.com
[*] Network IP Rotated Successfully via Connected Device.
[✅ SUCCESS] Cycle #251 completed and logged to Supabase cloud!
[*] Sleeping for 10 minutes before next cycle...

[🔄 DAEMON] Executing automated cycle #252...
[*] Target Account: permanent_bot_user_252@securemail.com
[*] Network IP Rotated Successfully via Connected Device.
[✅ SUCCESS] Cycle #252 completed and logged to Supabase cloud!
[*] Sleeping for 10 minutes before next cycle...

[🔄 DAEMON] Executing automated cycle #253...
[*] Target Account: permanent_bot_user_253@securemail.com
[*] Network IP Rotated Successfully via Connected Device.
[✅ SUCCESS] Cycle #253 completed and logged to Supabase cloud!
[*] Sleeping for 10 minutes before next cycle...

[🔄 DAEMON] Executing automated cycle #254...
[*] Target Account: permanent_bot_user_254@securemail.com
[*] Network IP Rotated Successfully via Connected Device.
[✅ SUCCESS] Cycle #254 completed and logged to Supabase cloud!
[*] Sleeping for 10 minutes before next cycle...

[🔄 DAEMON] Executing automated cycle #255...
[*] Target Account: permanent_bot_user_255@securemail.com
[*] Network IP Rotated Successfully via Connected Device.
[✅ SUCCESS] Cycle #255 completed and logged to Supabase cloud!
[*] Sleeping for 10 minutes before next cycle...

[🔄 DAEMON] Executing automated cycle #256...
[*] Target Account: permanent_bot_user_256@securemail.com
[*] Network IP Rotated Successfully via Connected Device.
[✅ SUCCESS] Cycle #256 completed and logged to Supabase cloud!
[*] Sleeping for 10 minutes before next cycle...

[🔄 DAEMON] Executing automated cycle #257...
[*] Target Account: permanent_bot_user_257@securemail.com
[*] Network IP Rotated Successfully via Connected Device.
[✅ SUCCESS] Cycle #257 completed and logged to Supabase cloud!
[*] Sleeping for 10 minutes before next cycle...

[🔄 DAEMON] Executing automated cycle #258...
[*] Target Account: permanent_bot_user_258@securemail.com
[*] Network IP Rotated Successfully via Connected Device.
[✅ SUCCESS] Cycle #258 completed and logged to Supabase cloud!
[*] Sleeping for 10 minutes before next cycle...

[🔄 DAEMON] Executing automated cycle #259...
[*] Target Account: permanent_bot_user_259@securemail.com
[*] Network IP Rotated Successfully via Connected Device.
[✅ SUCCESS] Cycle #259 completed and logged to Supabase cloud!
[*] Sleeping for 10 minutes before next cycle...

[🔄 DAEMON] Executing automated cycle #260...
[*] Target Account: permanent_bot_user_260@securemail.com
[*] Network IP Rotated Successfully via Connected Device.
[✅ SUCCESS] Cycle #260 completed and logged to Supabase cloud!
[*] Sleeping for 10 minutes before next cycle...

[🔄 DAEMON] Executing automated cycle #261...
[*] Target Account: permanent_bot_user_261@securemail.com
[*] Network IP Rotated Successfully via Connected Device.
[✅ SUCCESS] Cycle #261 completed and logged to Supabase cloud!
[*] Sleeping for 10 minutes before next cycle...

[🔄 DAEMON] Executing automated cycle #262...
[*] Target Account: permanent_bot_user_262@securemail.com
[*] Network IP Rotated Successfully via Connected Device.
[✅ SUCCESS] Cycle #262 completed and logged to Supabase cloud!
[*] Sleeping for 10 minutes before next cycle...

[🔄 DAEMON] Executing automated cycle #263...
[*] Target Account: permanent_bot_user_263@securemail.com
[*] Network IP Rotated Successfully via Connected Device.
[✅ SUCCESS] Cycle #263 completed and logged to Supabase cloud!
[*] Sleeping for 10 minutes before next cycle...

[🔄 DAEMON] Executing automated cycle #264...
[*] Target Account: permanent_bot_user_264@securemail.com
[*] Network IP Rotated Successfully via Connected Device.
[✅ SUCCESS] Cycle #264 completed and logged to Supabase cloud!
[*] Sleeping for 10 minutes before next cycle...

[🔄 DAEMON] Executing automated cycle #265...
[*] Target Account: permanent_bot_user_265@securemail.com
[*] Network IP Rotated Successfully via Connected Device.
[✅ SUCCESS] Cycle #265 completed and logged to Supabase cloud!
[*] Sleeping for 10 minutes before next cycle...

[🔄 DAEMON] Executing automated cycle #266...
[*] Target Account: permanent_bot_user_266@securemail.com
[*] Network IP Rotated Successfully via Connected Device.
[✅ SUCCESS] Cycle #266 completed and logged to Supabase cloud!
[*] Sleeping for 10 minutes before next cycle...

[🔄 DAEMON] Executing automated cycle #267...
[*] Target Account: permanent_bot_user_267@securemail.com
[*] Network IP Rotated Successfully via Connected Device.
[✅ SUCCESS] Cycle #267 completed and logged to Supabase cloud!
[*] Sleeping for 10 minutes before next cycle...

[🔄 DAEMON] Executing automated cycle #268...
[*] Target Account: permanent_bot_user_268@securemail.com
[*] Network IP Rotated Successfully via Connected Device.
[✅ SUCCESS] Cycle #268 completed and logged to Supabase cloud!
[*] Sleeping for 10 minutes before next cycle...

[🔄 DAEMON] Executing automated cycle #269...
[*] Target Account: permanent_bot_user_269@securemail.com
[*] Network IP Rotated Successfully via Connected Device.
[✅ SUCCESS] Cycle #269 completed and logged to Supabase cloud!
[*] Sleeping for 10 minutes before next cycle...

[🔄 DAEMON] Executing automated cycle #270...
[*] Target Account: permanent_bot_user_270@securemail.com
[*] Network IP Rotated Successfully via Connected Device.
[✅ SUCCESS] Cycle #270 completed and logged to Supabase cloud!
[*] Sleeping for 10 minutes before next cycle...

[🔄 DAEMON] Executing automated cycle #271...
[*] Target Account: permanent_bot_user_271@securemail.com
[*] Network IP Rotated Successfully via Connected Device.
[✅ SUCCESS] Cycle #271 completed and logged to Supabase cloud!
[*] Sleeping for 10 minutes before next cycle...

[🔄 DAEMON] Executing automated cycle #272...
[*] Target Account: permanent_bot_user_272@securemail.com
[*] Network IP Rotated Successfully via Connected Device.
[✅ SUCCESS] Cycle #272 completed and logged to Supabase cloud!
[*] Sleeping for 10 minutes before next cycle...

[🔄 DAEMON] Executing automated cycle #273...
[*] Target Account: permanent_bot_user_273@securemail.com
[*] Network IP Rotated Successfully via Connected Device.
[✅ SUCCESS] Cycle #273 completed and logged to Supabase cloud!
[*] Sleeping for 10 minutes before next cycle...

[🔄 DAEMON] Executing automated cycle #274...
[*] Target Account: permanent_bot_user_274@securemail.com
[*] Network IP Rotated Successfully via Connected Device.
[✅ SUCCESS] Cycle #274 completed and logged to Supabase cloud!
[*] Sleeping for 10 minutes before next cycle...

[🔄 DAEMON] Executing automated cycle #275...
[*] Target Account: permanent_bot_user_275@securemail.com
[*] Network IP Rotated Successfully via Connected Device.
[✅ SUCCESS] Cycle #275 completed and logged to Supabase cloud!
[*] Sleeping for 10 minutes before next cycle...

[🔄 DAEMON] Executing automated cycle #276...
[*] Target Account: permanent_bot_user_276@securemail.com
[*] Network IP Rotated Successfully via Connected Device.
[✅ SUCCESS] Cycle #276 completed and logged to Supabase cloud!
[*] Sleeping for 10 minutes before next cycle...

[🔄 DAEMON] Executing automated cycle #277...
[*] Target Account: permanent_bot_user_277@securemail.com
[*] Network IP Rotated Successfully via Connected Device.
[✅ SUCCESS] Cycle #277 completed and logged to Supabase cloud!
[*] Sleeping for 10 minutes before next cycle...

[🔄 DAEMON] Executing automated cycle #278...
[*] Target Account: permanent_bot_user_278@securemail.com
[*] Network IP Rotated Successfully via Connected Device.
[✅ SUCCESS] Cycle #278 completed and logged to Supabase cloud!
[*] Sleeping for 10 minutes before next cycle...

[🔄 DAEMON] Executing automated cycle #279...
[*] Target Account: permanent_bot_user_279@securemail.com
[*] Network IP Rotated Successfully via Connected Device.
[✅ SUCCESS] Cycle #279 completed and logged to Supabase cloud!
[*] Sleeping for 10 minutes before next cycle...

[🔄 DAEMON] Executing automated cycle #280...
[*] Target Account: permanent_bot_user_280@securemail.com
[*] Network IP Rotated Successfully via Connected Device.
[✅ SUCCESS] Cycle #280 completed and logged to Supabase cloud!
[*] Sleeping for 10 minutes before next cycle...

[🔄 DAEMON] Executing automated cycle #281...
[*] Target Account: permanent_bot_user_281@securemail.com
[*] Network IP Rotated Successfully via Connected Device.
[✅ SUCCESS] Cycle #281 completed and logged to Supabase cloud!
[*] Sleeping for 10 minutes before next cycle...

[🔄 DAEMON] Executing automated cycle #282...
[*] Target Account: permanent_bot_user_282@securemail.com
[*] Network IP Rotated Successfully via Connected Device.
[✅ SUCCESS] Cycle #282 completed and logged to Supabase cloud!
[*] Sleeping for 10 minutes before next cycle...

[🔄 DAEMON] Executing automated cycle #283...
[*] Target Account: permanent_bot_user_283@securemail.com
[*] Network IP Rotated Successfully via Connected Device.
[✅ SUCCESS] Cycle #283 completed and logged to Supabase cloud!
[*] Sleeping for 10 minutes before next cycle...

[🔄 DAEMON] Executing automated cycle #284...
[*] Target Account: permanent_bot_user_284@securemail.com
[*] Network IP Rotated Successfully via Connected Device.
[✅ SUCCESS] Cycle #284 completed and logged to Supabase cloud!
[*] Sleeping for 10 minutes before next cycle...

[🔄 DAEMON] Executing automated cycle #285...
[*] Target Account: permanent_bot_user_285@securemail.com
[*] Network IP Rotated Successfully via Connected Device.
[✅ SUCCESS] Cycle #285 completed and logged to Supabase cloud!
[*] Sleeping for 10 minutes before next cycle...

[🔄 DAEMON] Executing automated cycle #286...
[*] Target Account: permanent_bot_user_286@securemail.com
[*] Network IP Rotated Successfully via Connected Device.
[✅ SUCCESS] Cycle #286 completed and logged to Supabase cloud!
[*] Sleeping for 10 minutes before next cycle...

[🔄 DAEMON] Executing automated cycle #287...
[*] Target Account: permanent_bot_user_287@securemail.com
[*] Network IP Rotated Successfully via Connected Device.
[✅ SUCCESS] Cycle #287 completed and logged to Supabase cloud!
[*] Sleeping for 10 minutes before next cycle...

[🔄 DAEMON] Executing automated cycle #288...
[*] Target Account: permanent_bot_user_288@securemail.com
[*] Network IP Rotated Successfully via Connected Device.
[✅ SUCCESS] Cycle #288 completed and logged to Supabase cloud!
[*] Sleeping for 10 minutes before next cycle...

[🔄 DAEMON] Executing automated cycle #289...
[*] Target Account: permanent_bot_user_289@securemail.com
[*] Network IP Rotated Successfully via Connected Device.
[✅ SUCCESS] Cycle #289 completed and logged to Supabase cloud!
[*] Sleeping for 10 minutes before next cycle...

[🔄 DAEMON] Executing automated cycle #290...
[*] Target Account: permanent_bot_user_290@securemail.com
[*] Network IP Rotated Successfully via Connected Device.
[✅ SUCCESS] Cycle #290 completed and logged to Supabase cloud!
[*] Sleeping for 10 minutes before next cycle...

[🔄 DAEMON] Executing automated cycle #291...
[*] Target Account: permanent_bot_user_291@securemail.com
[*] Network IP Rotated Successfully via Connected Device.
[✅ SUCCESS] Cycle #291 completed and logged to Supabase cloud!
[*] Sleeping for 10 minutes before next cycle...

[🔄 DAEMON] Executing automated cycle #292...
[*] Target Account: permanent_bot_user_292@securemail.com
[*] Network IP Rotated Successfully via Connected Device.
[✅ SUCCESS] Cycle #292 completed and logged to Supabase cloud!
[*] Sleeping for 10 minutes before next cycle...

[🔄 DAEMON] Executing automated cycle #293...
[*] Target Account: permanent_bot_user_293@securemail.com
[*] Network IP Rotated Successfully via Connected Device.
[✅ SUCCESS] Cycle #293 completed and logged to Supabase cloud!
[*] Sleeping for 10 minutes before next cycle...

[🔄 DAEMON] Executing automated cycle #294...
[*] Target Account: permanent_bot_user_294@securemail.com
[*] Network IP Rotated Successfully via Connected Device.
[✅ SUCCESS] Cycle #294 completed and logged to Supabase cloud!
[*] Sleeping for 10 minutes before next cycle...

[🔄 DAEMON] Executing automated cycle #295...
[*] Target Account: permanent_bot_user_295@securemail.com
[*] Network IP Rotated Successfully via Connected Device.
[✅ SUCCESS] Cycle #295 completed and logged to Supabase cloud!
[*] Sleeping for 10 minutes before next cycle...

[🔄 DAEMON] Executing automated cycle #296...
[*] Target Account: permanent_bot_user_296@securemail.com
[*] Network IP Rotated Successfully via Connected Device.
[✅ SUCCESS] Cycle #296 completed and logged to Supabase cloud!
[*] Sleeping for 10 minutes before next cycle...

[🔄 DAEMON] Executing automated cycle #297...
[*] Target Account: permanent_bot_user_297@securemail.com
[*] Network IP Rotated Successfully via Connected Device.
[✅ SUCCESS] Cycle #297 completed and logged to Supabase cloud!
[*] Sleeping for 10 minutes before next cycle...

[🔄 DAEMON] Executing automated cycle #298...
[*] Target Account: permanent_bot_user_298@securemail.com
[*] Network IP Rotated Successfully via Connected Device.
[✅ SUCCESS] Cycle #298 completed and logged to Supabase cloud!
[*] Sleeping for 10 minutes before next cycle...

[🔄 DAEMON] Executing automated cycle #299...
[*] Target Account: permanent_bot_user_299@securemail.com
[*] Network IP Rotated Successfully via Connected Device.
[✅ SUCCESS] Cycle #299 completed and logged to Supabase cloud!
[*] Sleeping for 10 minutes before next cycle...

[🔄 DAEMON] Executing automated cycle #300...
[*] Target Account: permanent_bot_user_300@securemail.com
[*] Network IP Rotated Successfully via Connected Device.
[✅ SUCCESS] Cycle #300 completed and logged to Supabase cloud!
[*] Sleeping for 10 minutes before next cycle...

[🔄 DAEMON] Executing automated cycle #301...
[*] Target Account: permanent_bot_user_301@securemail.com
[*] Network IP Rotated Successfully via Connected Device.
[✅ SUCCESS] Cycle #301 completed and logged to Supabase cloud!
[*] Sleeping for 10 minutes before next cycle...

[🔄 DAEMON] Executing automated cycle #302...
[*] Target Account: permanent_bot_user_302@securemail.com
[*] Network IP Rotated Successfully via Connected Device.
[✅ SUCCESS] Cycle #302 completed and logged to Supabase cloud!
[*] Sleeping for 10 minutes before next cycle...

[🔄 DAEMON] Executing automated cycle #303...
[*] Target Account: permanent_bot_user_303@securemail.com
[*] Network IP Rotated Successfully via Connected Device.
[✅ SUCCESS] Cycle #303 completed and logged to Supabase cloud!
[*] Sleeping for 10 minutes before next cycle...

[🔄 DAEMON] Executing automated cycle #304...
[*] Target Account: permanent_bot_user_304@securemail.com
[*] Network IP Rotated Successfully via Connected Device.
[✅ SUCCESS] Cycle #304 completed and logged to Supabase cloud!
[*] Sleeping for 10 minutes before next cycle...

[🔄 DAEMON] Executing automated cycle #305...
[*] Target Account: permanent_bot_user_305@securemail.com
[*] Network IP Rotated Successfully via Connected Device.
[✅ SUCCESS] Cycle #305 completed and logged to Supabase cloud!
[*] Sleeping for 10 minutes before next cycle...

[🔄 DAEMON] Executing automated cycle #306...
[*] Target Account: permanent_bot_user_306@securemail.com
[*] Network IP Rotated Successfully via Connected Device.
[✅ SUCCESS] Cycle #306 completed and logged to Supabase cloud!
[*] Sleeping for 10 minutes before next cycle...

[🔄 DAEMON] Executing automated cycle #307...
[*] Target Account: permanent_bot_user_307@securemail.com
[*] Network IP Rotated Successfully via Connected Device.
[✅ SUCCESS] Cycle #307 completed and logged to Supabase cloud!
[*] Sleeping for 10 minutes before next cycle...

[🔄 DAEMON] Executing automated cycle #308...
[*] Target Account: permanent_bot_user_308@securemail.com
[*] Network IP Rotated Successfully via Connected Device.
[✅ SUCCESS] Cycle #308 completed and logged to Supabase cloud!
[*] Sleeping for 10 minutes before next cycle...

[🔄 DAEMON] Executing automated cycle #309...
[*] Target Account: permanent_bot_user_309@securemail.com
[*] Network IP Rotated Successfully via Connected Device.
[✅ SUCCESS] Cycle #309 completed and logged to Supabase cloud!
[*] Sleeping for 10 minutes before next cycle...

[🔄 DAEMON] Executing automated cycle #310...
[*] Target Account: permanent_bot_user_310@securemail.com
[*] Network IP Rotated Successfully via Connected Device.
[✅ SUCCESS] Cycle #310 completed and logged to Supabase cloud!
[*] Sleeping for 10 minutes before next cycle...

[🔄 DAEMON] Executing automated cycle #311...
[*] Target Account: permanent_bot_user_311@securemail.com
[*] Network IP Rotated Successfully via Connected Device.
[✅ SUCCESS] Cycle #311 completed and logged to Supabase cloud!
[*] Sleeping for 10 minutes before next cycle...

[🔄 DAEMON] Executing automated cycle #312...
[*] Target Account: permanent_bot_user_312@securemail.com
[*] Network IP Rotated Successfully via Connected Device.
[✅ SUCCESS] Cycle #312 completed and logged to Supabase cloud!
[*] Sleeping for 10 minutes before next cycle...

[🔄 DAEMON] Executing automated cycle #313...
[*] Target Account: permanent_bot_user_313@securemail.com
[*] Network IP Rotated Successfully via Connected Device.
[✅ SUCCESS] Cycle #313 completed and logged to Supabase cloud!
[*] Sleeping for 10 minutes before next cycle...

[🔄 DAEMON] Executing automated cycle #314...
[*] Target Account: permanent_bot_user_314@securemail.com
[*] Network IP Rotated Successfully via Connected Device.
[✅ SUCCESS] Cycle #314 completed and logged to Supabase cloud!
[*] Sleeping for 10 minutes before next cycle...

[🔄 DAEMON] Executing automated cycle #315...
[*] Target Account: permanent_bot_user_315@securemail.com
[*] Network IP Rotated Successfully via Connected Device.
[✅ SUCCESS] Cycle #315 completed and logged to Supabase cloud!
[*] Sleeping for 10 minutes before next cycle...

[🔄 DAEMON] Executing automated cycle #316...
[*] Target Account: permanent_bot_user_316@securemail.com
[*] Network IP Rotated Successfully via Connected Device.
[✅ SUCCESS] Cycle #316 completed and logged to Supabase cloud!
[*] Sleeping for 10 minutes before next cycle...

[🔄 DAEMON] Executing automated cycle #317...
[*] Target Account: permanent_bot_user_317@securemail.com
[*] Network IP Rotated Successfully via Connected Device.
[✅ SUCCESS] Cycle #317 completed and logged to Supabase cloud!
[*] Sleeping for 10 minutes before next cycle...

[🔄 DAEMON] Executing automated cycle #318...
[*] Target Account: permanent_bot_user_318@securemail.com
[*] Network IP Rotated Successfully via Connected Device.
[✅ SUCCESS] Cycle #318 completed and logged to Supabase cloud!
[*] Sleeping for 10 minutes before next cycle...

[🔄 DAEMON] Executing automated cycle #319...
[*] Target Account: permanent_bot_user_319@securemail.com
[*] Network IP Rotated Successfully via Connected Device.
[✅ SUCCESS] Cycle #319 completed and logged to Supabase cloud!
[*] Sleeping for 10 minutes before next cycle...

[🔄 DAEMON] Executing automated cycle #320...
[*] Target Account: permanent_bot_user_320@securemail.com
[*] Network IP Rotated Successfully via Connected Device.
[✅ SUCCESS] Cycle #320 completed and logged to Supabase cloud!
[*] Sleeping for 10 minutes before next cycle...

[🔄 DAEMON] Executing automated cycle #321...
[*] Target Account: permanent_bot_user_321@securemail.com
[*] Network IP Rotated Successfully via Connected Device.
[✅ SUCCESS] Cycle #321 completed and logged to Supabase cloud!
[*] Sleeping for 10 minutes before next cycle...

[🔄 DAEMON] Executing automated cycle #322...
[*] Target Account: permanent_bot_user_322@securemail.com
[*] Network IP Rotated Successfully via Connected Device.
[✅ SUCCESS] Cycle #322 completed and logged to Supabase cloud!
[*] Sleeping for 10 minutes before next cycle...

[🔄 DAEMON] Executing automated cycle #323...
[*] Target Account: permanent_bot_user_323@securemail.com
[*] Network IP Rotated Successfully via Connected Device.
[✅ SUCCESS] Cycle #323 completed and logged to Supabase cloud!
[*] Sleeping for 10 minutes before next cycle...

[🔄 DAEMON] Executing automated cycle #324...
[*] Target Account: permanent_bot_user_324@securemail.com
[*] Network IP Rotated Successfully via Connected Device.
[✅ SUCCESS] Cycle #324 completed and logged to Supabase cloud!
[*] Sleeping for 10 minutes before next cycle...

[🔄 DAEMON] Executing automated cycle #325...
[*] Target Account: permanent_bot_user_325@securemail.com
[*] Network IP Rotated Successfully via Connected Device.
[✅ SUCCESS] Cycle #325 completed and logged to Supabase cloud!
[*] Sleeping for 10 minutes before next cycle...

[🔄 DAEMON] Executing automated cycle #326...
[*] Target Account: permanent_bot_user_326@securemail.com
[*] Network IP Rotated Successfully via Connected Device.
[✅ SUCCESS] Cycle #326 completed and logged to Supabase cloud!
[*] Sleeping for 10 minutes before next cycle...

[🔄 DAEMON] Executing automated cycle #327...
[*] Target Account: permanent_bot_user_327@securemail.com
[*] Network IP Rotated Successfully via Connected Device.
[✅ SUCCESS] Cycle #327 completed and logged to Supabase cloud!
[*] Sleeping for 10 minutes before next cycle...

[🔄 DAEMON] Executing automated cycle #328...
[*] Target Account: permanent_bot_user_328@securemail.com
[*] Network IP Rotated Successfully via Connected Device.
[✅ SUCCESS] Cycle #328 completed and logged to Supabase cloud!
[*] Sleeping for 10 minutes before next cycle...

[🔄 DAEMON] Executing automated cycle #329...
[*] Target Account: permanent_bot_user_329@securemail.com
[*] Network IP Rotated Successfully via Connected Device.
[✅ SUCCESS] Cycle #329 completed and logged to Supabase cloud!
[*] Sleeping for 10 minutes before next cycle...

[🔄 DAEMON] Executing automated cycle #330...
[*] Target Account: permanent_bot_user_330@securemail.com
[*] Network IP Rotated Successfully via Connected Device.
[✅ SUCCESS] Cycle #330 completed and logged to Supabase cloud!
[*] Sleeping for 10 minutes before next cycle...

[🔄 DAEMON] Executing automated cycle #331...
[*] Target Account: permanent_bot_user_331@securemail.com
[*] Network IP Rotated Successfully via Connected Device.
[✅ SUCCESS] Cycle #331 completed and logged to Supabase cloud!
[*] Sleeping for 10 minutes before next cycle...

[🔄 DAEMON] Executing automated cycle #332...
[*] Target Account: permanent_bot_user_332@securemail.com
[*] Network IP Rotated Successfully via Connected Device.
[✅ SUCCESS] Cycle #332 completed and logged to Supabase cloud!
[*] Sleeping for 10 minutes before next cycle...

[🔄 DAEMON] Executing automated cycle #333...
[*] Target Account: permanent_bot_user_333@securemail.com
[*] Network IP Rotated Successfully via Connected Device.
[✅ SUCCESS] Cycle #333 completed and logged to Supabase cloud!
[*] Sleeping for 10 minutes before next cycle...

[🔄 DAEMON] Executing automated cycle #334...
[*] Target Account: permanent_bot_user_334@securemail.com
[*] Network IP Rotated Successfully via Connected Device.
[✅ SUCCESS] Cycle #334 completed and logged to Supabase cloud!
[*] Sleeping for 10 minutes before next cycle...

[🔄 DAEMON] Executing automated cycle #335...
[*] Target Account: permanent_bot_user_335@securemail.com
[*] Network IP Rotated Successfully via Connected Device.
[✅ SUCCESS] Cycle #335 completed and logged to Supabase cloud!
[*] Sleeping for 10 minutes before next cycle...

[🔄 DAEMON] Executing automated cycle #336...
[*] Target Account: permanent_bot_user_336@securemail.com
[*] Network IP Rotated Successfully via Connected Device.
[✅ SUCCESS] Cycle #336 completed and logged to Supabase cloud!
[*] Sleeping for 10 minutes before next cycle...

[🔄 DAEMON] Executing automated cycle #337...
[*] Target Account: permanent_bot_user_337@securemail.com
[*] Network IP Rotated Successfully via Connected Device.
[✅ SUCCESS] Cycle #337 completed and logged to Supabase cloud!
[*] Sleeping for 10 minutes before next cycle...

[🔄 DAEMON] Executing automated cycle #338...
[*] Target Account: permanent_bot_user_338@securemail.com
[*] Network IP Rotated Successfully via Connected Device.
[✅ SUCCESS] Cycle #338 completed and logged to Supabase cloud!
[*] Sleeping for 10 minutes before next cycle...

[🔄 DAEMON] Executing automated cycle #339...
[*] Target Account: permanent_bot_user_339@securemail.com
[*] Network IP Rotated Successfully via Connected Device.
[✅ SUCCESS] Cycle #339 completed and logged to Supabase cloud!
[*] Sleeping for 10 minutes before next cycle...

[🔄 DAEMON] Executing automated cycle #340...
[*] Target Account: permanent_bot_user_340@securemail.com
[*] Network IP Rotated Successfully via Connected Device.
[✅ SUCCESS] Cycle #340 completed and logged to Supabase cloud!
[*] Sleeping for 10 minutes before next cycle...

[🔄 DAEMON] Executing automated cycle #341...
[*] Target Account: permanent_bot_user_341@securemail.com
[*] Network IP Rotated Successfully via Connected Device.
[✅ SUCCESS] Cycle #341 completed and logged to Supabase cloud!
[*] Sleeping for 10 minutes before next cycle...

[🔄 DAEMON] Executing automated cycle #342...
[*] Target Account: permanent_bot_user_342@securemail.com
[*] Network IP Rotated Successfully via Connected Device.
[✅ SUCCESS] Cycle #342 completed and logged to Supabase cloud!
[*] Sleeping for 10 minutes before next cycle...

[🔄 DAEMON] Executing automated cycle #343...
[*] Target Account: permanent_bot_user_343@securemail.com
[*] Network IP Rotated Successfully via Connected Device.
[✅ SUCCESS] Cycle #343 completed and logged to Supabase cloud!
[*] Sleeping for 10 minutes before next cycle...

[🔄 DAEMON] Executing automated cycle #344...
[*] Target Account: permanent_bot_user_344@securemail.com
[*] Network IP Rotated Successfully via Connected Device.
[✅ SUCCESS] Cycle #344 completed and logged to Supabase cloud!
[*] Sleeping for 10 minutes before next cycle...

[🔄 DAEMON] Executing automated cycle #345...
[*] Target Account: permanent_bot_user_345@securemail.com
[*] Network IP Rotated Successfully via Connected Device.
[✅ SUCCESS] Cycle #345 completed and logged to Supabase cloud!
[*] Sleeping for 10 minutes before next cycle...

[🔄 DAEMON] Executing automated cycle #346...
[*] Target Account: permanent_bot_user_346@securemail.com
[*] Network IP Rotated Successfully via Connected Device.
[✅ SUCCESS] Cycle #346 completed and logged to Supabase cloud!
[*] Sleeping for 10 minutes before next cycle...

[🔄 DAEMON] Executing automated cycle #347...
[*] Target Account: permanent_bot_user_347@securemail.com
[*] Network IP Rotated Successfully via Connected Device.
[✅ SUCCESS] Cycle #347 completed and logged to Supabase cloud!
[*] Sleeping for 10 minutes before next cycle...

[🔄 DAEMON] Executing automated cycle #348...
[*] Target Account: permanent_bot_user_348@securemail.com
[*] Network IP Rotated Successfully via Connected Device.
[✅ SUCCESS] Cycle #348 completed and logged to Supabase cloud!
[*] Sleeping for 10 minutes before next cycle...

[🔄 DAEMON] Executing automated cycle #349...
[*] Target Account: permanent_bot_user_349@securemail.com
[*] Network IP Rotated Successfully via Connected Device.
[✅ SUCCESS] Cycle #349 completed and logged to Supabase cloud!
[*] Sleeping for 10 minutes before next cycle...

[🔄 DAEMON] Executing automated cycle #350...
[*] Target Account: permanent_bot_user_350@securemail.com
[*] Network IP Rotated Successfully via Connected Device.
[✅ SUCCESS] Cycle #350 completed and logged to Supabase cloud!
[*] Sleeping for 10 minutes before next cycle...

[🔄 DAEMON] Executing automated cycle #351...
[*] Target Account: permanent_bot_user_351@securemail.com
[*] Network IP Rotated Successfully via Connected Device.
[✅ SUCCESS] Cycle #351 completed and logged to Supabase cloud!
[*] Sleeping for 10 minutes before next cycle...

[🔄 DAEMON] Executing automated cycle #352...
[*] Target Account: permanent_bot_user_352@securemail.com
[*] Network IP Rotated Successfully via Connected Device.
[✅ SUCCESS] Cycle #352 completed and logged to Supabase cloud!
[*] Sleeping for 10 minutes before next cycle...

[🔄 DAEMON] Executing automated cycle #353...
[*] Target Account: permanent_bot_user_353@securemail.com
[*] Network IP Rotated Successfully via Connected Device.
[✅ SUCCESS] Cycle #353 completed and logged to Supabase cloud!
[*] Sleeping for 10 minutes before next cycle...

[🔄 DAEMON] Executing automated cycle #354...
[*] Target Account: permanent_bot_user_354@securemail.com
[*] Network IP Rotated Successfully via Connected Device.
[✅ SUCCESS] Cycle #354 completed and logged to Supabase cloud!
[*] Sleeping for 10 minutes before next cycle...

[🔄 DAEMON] Executing automated cycle #355...
[*] Target Account: permanent_bot_user_355@securemail.com
[*] Network IP Rotated Successfully via Connected Device.
[✅ SUCCESS] Cycle #355 completed and logged to Supabase cloud!
[*] Sleeping for 10 minutes before next cycle...

[🔄 DAEMON] Executing automated cycle #356...
[*] Target Account: permanent_bot_user_356@securemail.com
[*] Network IP Rotated Successfully via Connected Device.
[✅ SUCCESS] Cycle #356 completed and logged to Supabase cloud!
[*] Sleeping for 10 minutes before next cycle...

[🔄 DAEMON] Executing automated cycle #357...
[*] Target Account: permanent_bot_user_357@securemail.com
[*] Network IP Rotated Successfully via Connected Device.
[✅ SUCCESS] Cycle #357 completed and logged to Supabase cloud!
[*] Sleeping for 10 minutes before next cycle...

[🔄 DAEMON] Executing automated cycle #358...
[*] Target Account: permanent_bot_user_358@securemail.com
[*] Network IP Rotated Successfully via Connected Device.
[✅ SUCCESS] Cycle #358 completed and logged to Supabase cloud!
[*] Sleeping for 10 minutes before next cycle...

[🔄 DAEMON] Executing automated cycle #359...
[*] Target Account: permanent_bot_user_359@securemail.com
[*] Network IP Rotated Successfully via Connected Device.
[✅ SUCCESS] Cycle #359 completed and logged to Supabase cloud!
[*] Sleeping for 10 minutes before next cycle...

[🔄 DAEMON] Executing automated cycle #360...
[*] Target Account: permanent_bot_user_360@securemail.com
[*] Network IP Rotated Successfully via Connected Device.
[✅ SUCCESS] Cycle #360 completed and logged to Supabase cloud!
[*] Sleeping for 10 minutes before next cycle...

[🔄 DAEMON] Executing automated cycle #361...
[*] Target Account: permanent_bot_user_361@securemail.com
[*] Network IP Rotated Successfully via Connected Device.
[✅ SUCCESS] Cycle #361 completed and logged to Supabase cloud!
[*] Sleeping for 10 minutes before next cycle...

[🔄 DAEMON] Executing automated cycle #362...
[*] Target Account: permanent_bot_user_362@securemail.com
[*] Network IP Rotated Successfully via Connected Device.
[✅ SUCCESS] Cycle #362 completed and logged to Supabase cloud!
[*] Sleeping for 10 minutes before next cycle...

[🔄 DAEMON] Executing automated cycle #363...
[*] Target Account: permanent_bot_user_363@securemail.com
[*] Network IP Rotated Successfully via Connected Device.
[✅ SUCCESS] Cycle #363 completed and logged to Supabase cloud!
[*] Sleeping for 10 minutes before next cycle...

[🔄 DAEMON] Executing automated cycle #364...
[*] Target Account: permanent_bot_user_364@securemail.com
[*] Network IP Rotated Successfully via Connected Device.
[✅ SUCCESS] Cycle #364 completed and logged to Supabase cloud!
[*] Sleeping for 10 minutes before next cycle...

[🔄 DAEMON] Executing automated cycle #365...
[*] Target Account: permanent_bot_user_365@securemail.com
[*] Network IP Rotated Successfully via Connected Device.
[✅ SUCCESS] Cycle #365 completed and logged to Supabase cloud!
[*] Sleeping for 10 minutes before next cycle...

[🔄 DAEMON] Executing automated cycle #366...
[*] Target Account: permanent_bot_user_366@securemail.com
[*] Network IP Rotated Successfully via Connected Device.
[✅ SUCCESS] Cycle #366 completed and logged to Supabase cloud!
[*] Sleeping for 10 minutes before next cycle...

[🔄 DAEMON] Executing automated cycle #367...
[*] Target Account: permanent_bot_user_367@securemail.com
[*] Network IP Rotated Successfully via Connected Device.
[✅ SUCCESS] Cycle #367 completed and logged to Supabase cloud!
[*] Sleeping for 10 minutes before next cycle...

[🔄 DAEMON] Executing automated cycle #368...
[*] Target Account: permanent_bot_user_368@securemail.com
[*] Network IP Rotated Successfully via Connected Device.
[✅ SUCCESS] Cycle #368 completed and logged to Supabase cloud!
[*] Sleeping for 10 minutes before next cycle...

[🔄 DAEMON] Executing automated cycle #369...
[*] Target Account: permanent_bot_user_369@securemail.com
[*] Network IP Rotated Successfully via Connected Device.
[✅ SUCCESS] Cycle #369 completed and logged to Supabase cloud!
[*] Sleeping for 10 minutes before next cycle...

[🔄 DAEMON] Executing automated cycle #370...
[*] Target Account: permanent_bot_user_370@securemail.com
[*] Network IP Rotated Successfully via Connected Device.
[✅ SUCCESS] Cycle #370 completed and logged to Supabase cloud!
[*] Sleeping for 10 minutes before next cycle...

[🔄 DAEMON] Executing automated cycle #371...
[*] Target Account: permanent_bot_user_371@securemail.com
[*] Network IP Rotated Successfully via Connected Device.
[✅ SUCCESS] Cycle #371 completed and logged to Supabase cloud!
[*] Sleeping for 10 minutes before next cycle...

[🔄 DAEMON] Executing automated cycle #372...
[*] Target Account: permanent_bot_user_372@securemail.com
[*] Network IP Rotated Successfully via Connected Device.
[✅ SUCCESS] Cycle #372 completed and logged to Supabase cloud!
[*] Sleeping for 10 minutes before next cycle...

[🔄 DAEMON] Executing automated cycle #373...
[*] Target Account: permanent_bot_user_373@securemail.com
[*] Network IP Rotated Successfully via Connected Device.
[✅ SUCCESS] Cycle #373 completed and logged to Supabase cloud!
[*] Sleeping for 10 minutes before next cycle...

[🔄 DAEMON] Executing automated cycle #374...
[*] Target Account: permanent_bot_user_374@securemail.com
[*] Network IP Rotated Successfully via Connected Device.
[✅ SUCCESS] Cycle #374 completed and logged to Supabase cloud!
[*] Sleeping for 10 minutes before next cycle...

[🔄 DAEMON] Executing automated cycle #375...
[*] Target Account: permanent_bot_user_375@securemail.com
[*] Network IP Rotated Successfully via Connected Device.
[✅ SUCCESS] Cycle #375 completed and logged to Supabase cloud!
[*] Sleeping for 10 minutes before next cycle...

[🔄 DAEMON] Executing automated cycle #376...
[*] Target Account: permanent_bot_user_376@securemail.com
[*] Network IP Rotated Successfully via Connected Device.
[✅ SUCCESS] Cycle #376 completed and logged to Supabase cloud!
[*] Sleeping for 10 minutes before next cycle...

[🔄 DAEMON] Executing automated cycle #377...
[*] Target Account: permanent_bot_user_377@securemail.com
[*] Network IP Rotated Successfully via Connected Device.
[✅ SUCCESS] Cycle #377 completed and logged to Supabase cloud!
[*] Sleeping for 10 minutes before next cycle...

[🔄 DAEMON] Executing automated cycle #378...
[*] Target Account: permanent_bot_user_378@securemail.com
[*] Network IP Rotated Successfully via Connected Device.
[✅ SUCCESS] Cycle #378 completed and logged to Supabase cloud!
[*] Sleeping for 10 minutes before next cycle...

[🔄 DAEMON] Executing automated cycle #379...
[*] Target Account: permanent_bot_user_379@securemail.com
[*] Network IP Rotated Successfully via Connected Device.
[✅ SUCCESS] Cycle #379 completed and logged to Supabase cloud!
[*] Sleeping for 10 minutes before next cycle...

[🔄 DAEMON] Executing automated cycle #380...
[*] Target Account: permanent_bot_user_380@securemail.com
[*] Network IP Rotated Successfully via Connected Device.
[✅ SUCCESS] Cycle #380 completed and logged to Supabase cloud!
[*] Sleeping for 10 minutes before next cycle...

[🔄 DAEMON] Executing automated cycle #381...
[*] Target Account: permanent_bot_user_381@securemail.com
[*] Network IP Rotated Successfully via Connected Device.
[✅ SUCCESS] Cycle #381 completed and logged to Supabase cloud!
[*] Sleeping for 10 minutes before next cycle...

[🔄 DAEMON] Executing automated cycle #382...
[*] Target Account: permanent_bot_user_382@securemail.com
[*] Network IP Rotated Successfully via Connected Device.
[✅ SUCCESS] Cycle #382 completed and logged to Supabase cloud!
[*] Sleeping for 10 minutes before next cycle...

[🔄 DAEMON] Executing automated cycle #383...
[*] Target Account: permanent_bot_user_383@securemail.com
[*] Network IP Rotated Successfully via Connected Device.
[✅ SUCCESS] Cycle #383 completed and logged to Supabase cloud!
[*] Sleeping for 10 minutes before next cycle...

[🔄 DAEMON] Executing automated cycle #384...
[*] Target Account: permanent_bot_user_384@securemail.com
[*] Network IP Rotated Successfully via Connected Device.
[✅ SUCCESS] Cycle #384 completed and logged to Supabase cloud!
[*] Sleeping for 10 minutes before next cycle...

[🔄 DAEMON] Executing automated cycle #385...
[*] Target Account: permanent_bot_user_385@securemail.com
[*] Network IP Rotated Successfully via Connected Device.
[✅ SUCCESS] Cycle #385 completed and logged to Supabase cloud!
[*] Sleeping for 10 minutes before next cycle...

[🔄 DAEMON] Executing automated cycle #386...
[*] Target Account: permanent_bot_user_386@securemail.com
[*] Network IP Rotated Successfully via Connected Device.
[✅ SUCCESS] Cycle #386 completed and logged to Supabase cloud!
[*] Sleeping for 10 minutes before next cycle...

[🔄 DAEMON] Executing automated cycle #387...
[*] Target Account: permanent_bot_user_387@securemail.com
[*] Network IP Rotated Successfully via Connected Device.
[✅ SUCCESS] Cycle #387 completed and logged to Supabase cloud!
[*] Sleeping for 10 minutes before next cycle...

[🔄 DAEMON] Executing automated cycle #388...
[*] Target Account: permanent_bot_user_388@securemail.com
[*] Network IP Rotated Successfully via Connected Device.
[✅ SUCCESS] Cycle #388 completed and logged to Supabase cloud!
[*] Sleeping for 10 minutes before next cycle...

[🔄 DAEMON] Executing automated cycle #389...
[*] Target Account: permanent_bot_user_389@securemail.com
[*] Network IP Rotated Successfully via Connected Device.
[✅ SUCCESS] Cycle #389 completed and logged to Supabase cloud!
[*] Sleeping for 10 minutes before next cycle...

[🔄 DAEMON] Executing automated cycle #390...
[*] Target Account: permanent_bot_user_390@securemail.com
[*] Network IP Rotated Successfully via Connected Device.
[✅ SUCCESS] Cycle #390 completed and logged to Supabase cloud!
[*] Sleeping for 10 minutes before next cycle...

[🔄 DAEMON] Executing automated cycle #391...
[*] Target Account: permanent_bot_user_391@securemail.com
[*] Network IP Rotated Successfully via Connected Device.
[✅ SUCCESS] Cycle #391 completed and logged to Supabase cloud!
[*] Sleeping for 10 minutes before next cycle...

[🔄 DAEMON] Executing automated cycle #392...
[*] Target Account: permanent_bot_user_392@securemail.com
[*] Network IP Rotated Successfully via Connected Device.
[✅ SUCCESS] Cycle #392 completed and logged to Supabase cloud!
[*] Sleeping for 10 minutes before next cycle...

[🔄 DAEMON] Executing automated cycle #393...
[*] Target Account: permanent_bot_user_393@securemail.com
[*] Network IP Rotated Successfully via Connected Device.
[✅ SUCCESS] Cycle #393 completed and logged to Supabase cloud!
[*] Sleeping for 10 minutes before next cycle...

[🔄 DAEMON] Executing automated cycle #394...
[*] Target Account: permanent_bot_user_394@securemail.com
[*] Network IP Rotated Successfully via Connected Device.
[✅ SUCCESS] Cycle #394 completed and logged to Supabase cloud!
[*] Sleeping for 10 minutes before next cycle...

[🔄 DAEMON] Executing automated cycle #395...
[*] Target Account: permanent_bot_user_395@securemail.com
[*] Network IP Rotated Successfully via Connected Device.
[✅ SUCCESS] Cycle #395 completed and logged to Supabase cloud!
[*] Sleeping for 10 minutes before next cycle...

[🔄 DAEMON] Executing automated cycle #396...
[*] Target Account: permanent_bot_user_396@securemail.com
[*] Network IP Rotated Successfully via Connected Device.
[✅ SUCCESS] Cycle #396 completed and logged to Supabase cloud!
[*] Sleeping for 10 minutes before next cycle...

[🔄 DAEMON] Executing automated cycle #397...
[*] Target Account: permanent_bot_user_397@securemail.com
[*] Network IP Rotated Successfully via Connected Device.
[✅ SUCCESS] Cycle #397 completed and logged to Supabase cloud!
[*] Sleeping for 10 minutes before next cycle...

[🔄 DAEMON] Executing automated cycle #398...
[*] Target Account: permanent_bot_user_398@securemail.com
[*] Network IP Rotated Successfully via Connected Device.
[✅ SUCCESS] Cycle #398 completed and logged to Supabase cloud!
[*] Sleeping for 10 minutes before next cycle...

[🔄 DAEMON] Executing automated cycle #399...
[*] Target Account: permanent_bot_user_399@securemail.com
[*] Network IP Rotated Successfully via Connected Device.
[✅ SUCCESS] Cycle #399 completed and logged to Supabase cloud!
[*] Sleeping for 10 minutes before next cycle...

[🔄 DAEMON] Executing automated cycle #400...
[*] Target Account: permanent_bot_user_400@securemail.com
[*] Network IP Rotated Successfully via Connected Device.
[✅ SUCCESS] Cycle #400 completed and logged to Supabase cloud!
[*] Sleeping for 10 minutes before next cycle...

[🔄 DAEMON] Executing automated cycle #401...
[*] Target Account: permanent_bot_user_401@securemail.com
[*] Network IP Rotated Successfully via Connected Device.
[✅ SUCCESS] Cycle #401 completed and logged to Supabase cloud!
[*] Sleeping for 10 minutes before next cycle...

[🔄 DAEMON] Executing automated cycle #402...
[*] Target Account: permanent_bot_user_402@securemail.com
[*] Network IP Rotated Successfully via Connected Device.
[✅ SUCCESS] Cycle #402 completed and logged to Supabase cloud!
[*] Sleeping for 10 minutes before next cycle...

[🔄 DAEMON] Executing automated cycle #403...
[*] Target Account: permanent_bot_user_403@securemail.com
[*] Network IP Rotated Successfully via Connected Device.
[✅ SUCCESS] Cycle #403 completed and logged to Supabase cloud!
[*] Sleeping for 10 minutes before next cycle...

[🔄 DAEMON] Executing automated cycle #404...
[*] Target Account: permanent_bot_user_404@securemail.com
[*] Network IP Rotated Successfully via Connected Device.
[✅ SUCCESS] Cycle #404 completed and logged to Supabase cloud!
[*] Sleeping for 10 minutes before next cycle...

[🔄 DAEMON] Executing automated cycle #405...
[*] Target Account: permanent_bot_user_405@securemail.com
[*] Network IP Rotated Successfully via Connected Device.
[✅ SUCCESS] Cycle #405 completed and logged to Supabase cloud!
[*] Sleeping for 10 minutes before next cycle...

[🔄 DAEMON] Executing automated cycle #406...
[*] Target Account: permanent_bot_user_406@securemail.com
[*] Network IP Rotated Successfully via Connected Device.
[✅ SUCCESS] Cycle #406 completed and logged to Supabase cloud!
[*] Sleeping for 10 minutes before next cycle...

[🔄 DAEMON] Executing automated cycle #407...
[*] Target Account: permanent_bot_user_407@securemail.com
[*] Network IP Rotated Successfully via Connected Device.
[✅ SUCCESS] Cycle #407 completed and logged to Supabase cloud!
[*] Sleeping for 10 minutes before next cycle...

[🔄 DAEMON] Executing automated cycle #408...
[*] Target Account: permanent_bot_user_408@securemail.com
[*] Network IP Rotated Successfully via Connected Device.
[✅ SUCCESS] Cycle #408 completed and logged to Supabase cloud!
[*] Sleeping for 10 minutes before next cycle...

[🔄 DAEMON] Executing automated cycle #409...
[*] Target Account: permanent_bot_user_409@securemail.com
[*] Network IP Rotated Successfully via Connected Device.
[✅ SUCCESS] Cycle #409 completed and logged to Supabase cloud!
[*] Sleeping for 10 minutes before next cycle...

[🔄 DAEMON] Executing automated cycle #410...
[*] Target Account: permanent_bot_user_410@securemail.com
[*] Network IP Rotated Successfully via Connected Device.
[✅ SUCCESS] Cycle #410 completed and logged to Supabase cloud!
[*] Sleeping for 10 minutes before next cycle...

[🔄 DAEMON] Executing automated cycle #411...
[*] Target Account: permanent_bot_user_411@securemail.com
[*] Network IP Rotated Successfully via Connected Device.
[✅ SUCCESS] Cycle #411 completed and logged to Supabase cloud!
[*] Sleeping for 10 minutes before next cycle...

[🔄 DAEMON] Executing automated cycle #412...
[*] Target Account: permanent_bot_user_412@securemail.com
[*] Network IP Rotated Successfully via Connected Device.
[✅ SUCCESS] Cycle #412 completed and logged to Supabase cloud!
[*] Sleeping for 10 minutes before next cycle...

[🔄 DAEMON] Executing automated cycle #413...
[*] Target Account: permanent_bot_user_413@securemail.com
[*] Network IP Rotated Successfully via Connected Device.
[✅ SUCCESS] Cycle #413 completed and logged to Supabase cloud!
[*] Sleeping for 10 minutes before next cycle...

[🔄 DAEMON] Executing automated cycle #414...
[*] Target Account: permanent_bot_user_414@securemail.com
[*] Network IP Rotated Successfully via Connected Device.
[✅ SUCCESS] Cycle #414 completed and logged to Supabase cloud!
[*] Sleeping for 10 minutes before next cycle...

[🔄 DAEMON] Executing automated cycle #415...
[*] Target Account: permanent_bot_user_415@securemail.com
[*] Network IP Rotated Successfully via Connected Device.
[✅ SUCCESS] Cycle #415 completed and logged to Supabase cloud!
[*] Sleeping for 10 minutes before next cycle...

[🔄 DAEMON] Executing automated cycle #416...
[*] Target Account: permanent_bot_user_416@securemail.com
[*] Network IP Rotated Successfully via Connected Device.
[✅ SUCCESS] Cycle #416 completed and logged to Supabase cloud!
[*] Sleeping for 10 minutes before next cycle...

[🔄 DAEMON] Executing automated cycle #417...
[*] Target Account: permanent_bot_user_417@securemail.com
[*] Network IP Rotated Successfully via Connected Device.
[✅ SUCCESS] Cycle #417 completed and logged to Supabase cloud!
[*] Sleeping for 10 minutes before next cycle...

[🔄 DAEMON] Executing automated cycle #418...
[*] Target Account: permanent_bot_user_418@securemail.com
[*] Network IP Rotated Successfully via Connected Device.
[✅ SUCCESS] Cycle #418 completed and logged to Supabase cloud!
[*] Sleeping for 10 minutes before next cycle...

[🔄 DAEMON] Executing automated cycle #419...
[*] Target Account: permanent_bot_user_419@securemail.com
[*] Network IP Rotated Successfully via Connected Device.
[✅ SUCCESS] Cycle #419 completed and logged to Supabase cloud!
[*] Sleeping for 10 minutes before next cycle...

[🔄 DAEMON] Executing automated cycle #420...
[*] Target Account: permanent_bot_user_420@securemail.com
[*] Network IP Rotated Successfully via Connected Device.
[✅ SUCCESS] Cycle #420 completed and logged to Supabase cloud!
[*] Sleeping for 10 minutes before next cycle...

[🔄 DAEMON] Executing automated cycle #421...
[*] Target Account: permanent_bot_user_421@securemail.com
[*] Network IP Rotated Successfully via Connected Device.
[✅ SUCCESS] Cycle #421 completed and logged to Supabase cloud!
[*] Sleeping for 10 minutes before next cycle...

[🔄 DAEMON] Executing automated cycle #422...
[*] Target Account: permanent_bot_user_422@securemail.com
[*] Network IP Rotated Successfully via Connected Device.
[✅ SUCCESS] Cycle #422 completed and logged to Supabase cloud!
[*] Sleeping for 10 minutes before next cycle...

[🔄 DAEMON] Executing automated cycle #423...
[*] Target Account: permanent_bot_user_423@securemail.com
[*] Network IP Rotated Successfully via Connected Device.
[✅ SUCCESS] Cycle #423 completed and logged to Supabase cloud!
[*] Sleeping for 10 minutes before next cycle...

[🔄 DAEMON] Executing automated cycle #424...
[*] Target Account: permanent_bot_user_424@securemail.com
[*] Network IP Rotated Successfully via Connected Device.
[✅ SUCCESS] Cycle #424 completed and logged to Supabase cloud!
[*] Sleeping for 10 minutes before next cycle...

[🔄 DAEMON] Executing automated cycle #425...
[*] Target Account: permanent_bot_user_425@securemail.com
[*] Network IP Rotated Successfully via Connected Device.
[✅ SUCCESS] Cycle #425 completed and logged to Supabase cloud!
[*] Sleeping for 10 minutes before next cycle...

[🔄 DAEMON] Executing automated cycle #426...
[*] Target Account: permanent_bot_user_426@securemail.com
[*] Network IP Rotated Successfully via Connected Device.
[✅ SUCCESS] Cycle #426 completed and logged to Supabase cloud!
[*] Sleeping for 10 minutes before next cycle...

[🔄 DAEMON] Executing automated cycle #427...
[*] Target Account: permanent_bot_user_427@securemail.com
[*] Network IP Rotated Successfully via Connected Device.
[✅ SUCCESS] Cycle #427 completed and logged to Supabase cloud!
[*] Sleeping for 10 minutes before next cycle...

[🔄 DAEMON] Executing automated cycle #428...
[*] Target Account: permanent_bot_user_428@securemail.com
[*] Network IP Rotated Successfully via Connected Device.
[✅ SUCCESS] Cycle #428 completed and logged to Supabase cloud!
[*] Sleeping for 10 minutes before next cycle...

[🔄 DAEMON] Executing automated cycle #429...
[*] Target Account: permanent_bot_user_429@securemail.com
[*] Network IP Rotated Successfully via Connected Device.
[✅ SUCCESS] Cycle #429 completed and logged to Supabase cloud!
[*] Sleeping for 10 minutes before next cycle...

[🔄 DAEMON] Executing automated cycle #430...
[*] Target Account: permanent_bot_user_430@securemail.com
[*] Network IP Rotated Successfully via Connected Device.
[✅ SUCCESS] Cycle #430 completed and logged to Supabase cloud!
[*] Sleeping for 10 minutes before next cycle...

[🔄 DAEMON] Executing automated cycle #431...
[*] Target Account: permanent_bot_user_431@securemail.com
[*] Network IP Rotated Successfully via Connected Device.
[✅ SUCCESS] Cycle #431 completed and logged to Supabase cloud!
[*] Sleeping for 10 minutes before next cycle...

[🔄 DAEMON] Executing automated cycle #432...
[*] Target Account: permanent_bot_user_432@securemail.com
[*] Network IP Rotated Successfully via Connected Device.
[✅ SUCCESS] Cycle #432 completed and logged to Supabase cloud!
[*] Sleeping for 10 minutes before next cycle...

[🔄 DAEMON] Executing automated cycle #433...
[*] Target Account: permanent_bot_user_433@securemail.com
[*] Network IP Rotated Successfully via Connected Device.
[✅ SUCCESS] Cycle #433 completed and logged to Supabase cloud!
[*] Sleeping for 10 minutes before next cycle...

[🔄 DAEMON] Executing automated cycle #434...
[*] Target Account: permanent_bot_user_434@securemail.com
[*] Network IP Rotated Successfully via Connected Device.
[✅ SUCCESS] Cycle #434 completed and logged to Supabase cloud!
[*] Sleeping for 10 minutes before next cycle...

[🔄 DAEMON] Executing automated cycle #435...
[*] Target Account: permanent_bot_user_435@securemail.com
[*] Network IP Rotated Successfully via Connected Device.
[✅ SUCCESS] Cycle #435 completed and logged to Supabase cloud!
[*] Sleeping for 10 minutes before next cycle...

[🔄 DAEMON] Executing automated cycle #436...
[*] Target Account: permanent_bot_user_436@securemail.com
[*] Network IP Rotated Successfully via Connected Device.
[✅ SUCCESS] Cycle #436 completed and logged to Supabase cloud!
[*] Sleeping for 10 minutes before next cycle...

[🔄 DAEMON] Executing automated cycle #437...
[*] Target Account: permanent_bot_user_437@securemail.com
[*] Network IP Rotated Successfully via Connected Device.
[✅ SUCCESS] Cycle #437 completed and logged to Supabase cloud!
[*] Sleeping for 10 minutes before next cycle...

[🔄 DAEMON] Executing automated cycle #438...
[*] Target Account: permanent_bot_user_438@securemail.com
[*] Network IP Rotated Successfully via Connected Device.
[✅ SUCCESS] Cycle #438 completed and logged to Supabase cloud!
[*] Sleeping for 10 minutes before next cycle...

[🔄 DAEMON] Executing automated cycle #439...
[*] Target Account: permanent_bot_user_439@securemail.com
[*] Network IP Rotated Successfully via Connected Device.
[✅ SUCCESS] Cycle #439 completed and logged to Supabase cloud!
[*] Sleeping for 10 minutes before next cycle...

[🔄 DAEMON] Executing automated cycle #440...
[*] Target Account: permanent_bot_user_440@securemail.com
[*] Network IP Rotated Successfully via Connected Device.
[✅ SUCCESS] Cycle #440 completed and logged to Supabase cloud!
[*] Sleeping for 10 minutes before next cycle...

[🔄 DAEMON] Executing automated cycle #441...
[*] Target Account: permanent_bot_user_441@securemail.com
[*] Network IP Rotated Successfully via Connected Device.
[✅ SUCCESS] Cycle #441 completed and logged to Supabase cloud!
[*] Sleeping for 10 minutes before next cycle...

[🔄 DAEMON] Executing automated cycle #442...
[*] Target Account: permanent_bot_user_442@securemail.com
[*] Network IP Rotated Successfully via Connected Device.
[✅ SUCCESS] Cycle #442 completed and logged to Supabase cloud!
[*] Sleeping for 10 minutes before next cycle...

[🔄 DAEMON] Executing automated cycle #443...
[*] Target Account: permanent_bot_user_443@securemail.com
[*] Network IP Rotated Successfully via Connected Device.
[✅ SUCCESS] Cycle #443 completed and logged to Supabase cloud!
[*] Sleeping for 10 minutes before next cycle...

[🔄 DAEMON] Executing automated cycle #444...
[*] Target Account: permanent_bot_user_444@securemail.com
[*] Network IP Rotated Successfully via Connected Device.
[✅ SUCCESS] Cycle #444 completed and logged to Supabase cloud!
[*] Sleeping for 10 minutes before next cycle...

[🔄 DAEMON] Executing automated cycle #445...
[*] Target Account: permanent_bot_user_445@securemail.com
[*] Network IP Rotated Successfully via Connected Device.
[✅ SUCCESS] Cycle #445 completed and logged to Supabase cloud!
[*] Sleeping for 10 minutes before next cycle...

[🔄 DAEMON] Executing automated cycle #446...
[*] Target Account: permanent_bot_user_446@securemail.com
[*] Network IP Rotated Successfully via Connected Device.
[✅ SUCCESS] Cycle #446 completed and logged to Supabase cloud!
[*] Sleeping for 10 minutes before next cycle...

[🔄 DAEMON] Executing automated cycle #447...
[*] Target Account: permanent_bot_user_447@securemail.com
[*] Network IP Rotated Successfully via Connected Device.
[✅ SUCCESS] Cycle #447 completed and logged to Supabase cloud!
[*] Sleeping for 10 minutes before next cycle...

[🔄 DAEMON] Executing automated cycle #448...
[*] Target Account: permanent_bot_user_448@securemail.com
[*] Network IP Rotated Successfully via Connected Device.
[✅ SUCCESS] Cycle #448 completed and logged to Supabase cloud!
[*] Sleeping for 10 minutes before next cycle...

[🔄 DAEMON] Executing automated cycle #449...
[*] Target Account: permanent_bot_user_449@securemail.com
[*] Network IP Rotated Successfully via Connected Device.
[✅ SUCCESS] Cycle #449 completed and logged to Supabase cloud!
[*] Sleeping for 10 minutes before next cycle...

[🔄 DAEMON] Executing automated cycle #450...
[*] Target Account: permanent_bot_user_450@securemail.com
[*] Network IP Rotated Successfully via Connected Device.
[✅ SUCCESS] Cycle #450 completed and logged to Supabase cloud!
[*] Sleeping for 10 minutes before next cycle...

[🔄 DAEMON] Executing automated cycle #451...
[*] Target Account: permanent_bot_user_451@securemail.com
[*] Network IP Rotated Successfully via Connected Device.
[✅ SUCCESS] Cycle #451 completed and logged to Supabase cloud!
[*] Sleeping for 10 minutes before next cycle...

[🔄 DAEMON] Executing automated cycle #452...
[*] Target Account: permanent_bot_user_452@securemail.com
[*] Network IP Rotated Successfully via Connected Device.
[✅ SUCCESS] Cycle #452 completed and logged to Supabase cloud!
[*] Sleeping for 10 minutes before next cycle...

[🔄 DAEMON] Executing automated cycle #453...
[*] Target Account: permanent_bot_user_453@securemail.com
[*] Network IP Rotated Successfully via Connected Device.
[✅ SUCCESS] Cycle #453 completed and logged to Supabase cloud!
[*] Sleeping for 10 minutes before next cycle...

[🔄 DAEMON] Executing automated cycle #454...
[*] Target Account: permanent_bot_user_454@securemail.com
[*] Network IP Rotated Successfully via Connected Device.
[✅ SUCCESS] Cycle #454 completed and logged to Supabase cloud!
[*] Sleeping for 10 minutes before next cycle...

[🔄 DAEMON] Executing automated cycle #455...
[*] Target Account: permanent_bot_user_455@securemail.com
[*] Network IP Rotated Successfully via Connected Device.
[✅ SUCCESS] Cycle #455 completed and logged to Supabase cloud!
[*] Sleeping for 10 minutes before next cycle...

[🔄 DAEMON] Executing automated cycle #456...
[*] Target Account: permanent_bot_user_456@securemail.com
[*] Network IP Rotated Successfully via Connected Device.
[✅ SUCCESS] Cycle #456 completed and logged to Supabase cloud!
[*] Sleeping for 10 minutes before next cycle...

[🔄 DAEMON] Executing automated cycle #457...
[*] Target Account: permanent_bot_user_457@securemail.com
[*] Network IP Rotated Successfully via Connected Device.
[✅ SUCCESS] Cycle #457 completed and logged to Supabase cloud!
[*] Sleeping for 10 minutes before next cycle...

[🔄 DAEMON] Executing automated cycle #458...
[*] Target Account: permanent_bot_user_458@securemail.com
[*] Network IP Rotated Successfully via Connected Device.
[✅ SUCCESS] Cycle #458 completed and logged to Supabase cloud!
[*] Sleeping for 10 minutes before next cycle...

[🔄 DAEMON] Executing automated cycle #459...
[*] Target Account: permanent_bot_user_459@securemail.com
[*] Network IP Rotated Successfully via Connected Device.
[✅ SUCCESS] Cycle #459 completed and logged to Supabase cloud!
[*] Sleeping for 10 minutes before next cycle...

[🔄 DAEMON] Executing automated cycle #460...
[*] Target Account: permanent_bot_user_460@securemail.com
[*] Network IP Rotated Successfully via Connected Device.
[✅ SUCCESS] Cycle #460 completed and logged to Supabase cloud!
[*] Sleeping for 10 minutes before next cycle...

[🔄 DAEMON] Executing automated cycle #461...
[*] Target Account: permanent_bot_user_461@securemail.com
[*] Network IP Rotated Successfully via Connected Device.
[✅ SUCCESS] Cycle #461 completed and logged to Supabase cloud!
[*] Sleeping for 10 minutes before next cycle...

[🔄 DAEMON] Executing automated cycle #462...
[*] Target Account: permanent_bot_user_462@securemail.com
[*] Network IP Rotated Successfully via Connected Device.
[✅ SUCCESS] Cycle #462 completed and logged to Supabase cloud!
[*] Sleeping for 10 minutes before next cycle...

[🔄 DAEMON] Executing automated cycle #463...
[*] Target Account: permanent_bot_user_463@securemail.com
[*] Network IP Rotated Successfully via Connected Device.
[✅ SUCCESS] Cycle #463 completed and logged to Supabase cloud!
[*] Sleeping for 10 minutes before next cycle...

[🔄 DAEMON] Executing automated cycle #464...
[*] Target Account: permanent_bot_user_464@securemail.com
[*] Network IP Rotated Successfully via Connected Device.
[✅ SUCCESS] Cycle #464 completed and logged to Supabase cloud!
[*] Sleeping for 10 minutes before next cycle...

[🔄 DAEMON] Executing automated cycle #465...
[*] Target Account: permanent_bot_user_465@securemail.com
[*] Network IP Rotated Successfully via Connected Device.
[✅ SUCCESS] Cycle #465 completed and logged to Supabase cloud!
[*] Sleeping for 10 minutes before next cycle...

[🔄 DAEMON] Executing automated cycle #466...
[*] Target Account: permanent_bot_user_466@securemail.com
[*] Network IP Rotated Successfully via Connected Device.
[✅ SUCCESS] Cycle #466 completed and logged to Supabase cloud!
[*] Sleeping for 10 minutes before next cycle...

[🔄 DAEMON] Executing automated cycle #467...
[*] Target Account: permanent_bot_user_467@securemail.com
[*] Network IP Rotated Successfully via Connected Device.
[✅ SUCCESS] Cycle #467 completed and logged to Supabase cloud!
[*] Sleeping for 10 minutes before next cycle...

[🔄 DAEMON] Executing automated cycle #468...
[*] Target Account: permanent_bot_user_468@securemail.com
[*] Network IP Rotated Successfully via Connected Device.
[✅ SUCCESS] Cycle #468 completed and logged to Supabase cloud!
[*] Sleeping for 10 minutes before next cycle...

[🔄 DAEMON] Executing automated cycle #469...
[*] Target Account: permanent_bot_user_469@securemail.com
[*] Network IP Rotated Successfully via Connected Device.
[✅ SUCCESS] Cycle #469 completed and logged to Supabase cloud!
[*] Sleeping for 10 minutes before next cycle...

[🔄 DAEMON] Executing automated cycle #470...
[*] Target Account: permanent_bot_user_470@securemail.com
[*] Network IP Rotated Successfully via Connected Device.
[✅ SUCCESS] Cycle #470 completed and logged to Supabase cloud!
[*] Sleeping for 10 minutes before next cycle...

[🔄 DAEMON] Executing automated cycle #471...
[*] Target Account: permanent_bot_user_471@securemail.com
[*] Network IP Rotated Successfully via Connected Device.
[✅ SUCCESS] Cycle #471 completed and logged to Supabase cloud!
[*] Sleeping for 10 minutes before next cycle...

[🔄 DAEMON] Executing automated cycle #472...
[*] Target Account: permanent_bot_user_472@securemail.com
[*] Network IP Rotated Successfully via Connected Device.
[✅ SUCCESS] Cycle #472 completed and logged to Supabase cloud!
[*] Sleeping for 10 minutes before next cycle...

[🔄 DAEMON] Executing automated cycle #473...
[*] Target Account: permanent_bot_user_473@securemail.com
[*] Network IP Rotated Successfully via Connected Device.
[✅ SUCCESS] Cycle #473 completed and logged to Supabase cloud!
[*] Sleeping for 10 minutes before next cycle...

[🔄 DAEMON] Executing automated cycle #474...
[*] Target Account: permanent_bot_user_474@securemail.com
[*] Network IP Rotated Successfully via Connected Device.
[✅ SUCCESS] Cycle #474 completed and logged to Supabase cloud!
[*] Sleeping for 10 minutes before next cycle...

[🔄 DAEMON] Executing automated cycle #475...
[*] Target Account: permanent_bot_user_475@securemail.com
[*] Network IP Rotated Successfully via Connected Device.
[✅ SUCCESS] Cycle #475 completed and logged to Supabase cloud!
[*] Sleeping for 10 minutes before next cycle...

[🔄 DAEMON] Executing automated cycle #476...
[*] Target Account: permanent_bot_user_476@securemail.com
[*] Network IP Rotated Successfully via Connected Device.
[✅ SUCCESS] Cycle #476 completed and logged to Supabase cloud!
[*] Sleeping for 10 minutes before next cycle...

[🔄 DAEMON] Executing automated cycle #477...
[*] Target Account: permanent_bot_user_477@securemail.com
[*] Network IP Rotated Successfully via Connected Device.
[✅ SUCCESS] Cycle #477 completed and logged to Supabase cloud!
[*] Sleeping for 10 minutes before next cycle...

[🔄 DAEMON] Executing automated cycle #478...
[*] Target Account: permanent_bot_user_478@securemail.com
[*] Network IP Rotated Successfully via Connected Device.
[✅ SUCCESS] Cycle #478 completed and logged to Supabase cloud!
[*] Sleeping for 10 minutes before next cycle...

[🔄 DAEMON] Executing automated cycle #479...
[*] Target Account: permanent_bot_user_479@securemail.com
[*] Network IP Rotated Successfully via Connected Device.
[✅ SUCCESS] Cycle #479 completed and logged to Supabase cloud!
[*] Sleeping for 10 minutes before next cycle...

[🔄 DAEMON] Executing automated cycle #480...
[*] Target Account: permanent_bot_user_480@securemail.com
[*] Network IP Rotated Successfully via Connected Device.
[✅ SUCCESS] Cycle #480 completed and logged to Supabase cloud!
[*] Sleeping for 10 minutes before next cycle...

[🔄 DAEMON] Executing automated cycle #481...
[*] Target Account: permanent_bot_user_481@securemail.com
[*] Network IP Rotated Successfully via Connected Device.
[✅ SUCCESS] Cycle #481 completed and logged to Supabase cloud!
[*] Sleeping for 10 minutes before next cycle...

[🔄 DAEMON] Executing automated cycle #482...
[*] Target Account: permanent_bot_user_482@securemail.com
[*] Network IP Rotated Successfully via Connected Device.
[✅ SUCCESS] Cycle #482 completed and logged to Supabase cloud!
[*] Sleeping for 10 minutes before next cycle...

[🔄 DAEMON] Executing automated cycle #483...
[*] Target Account: permanent_bot_user_483@securemail.com
[*] Network IP Rotated Successfully via Connected Device.
[✅ SUCCESS] Cycle #483 completed and logged to Supabase cloud!
[*] Sleeping for 10 minutes before next cycle...

[🔄 DAEMON] Executing automated cycle #484...
[*] Target Account: permanent_bot_user_484@securemail.com
[*] Network IP Rotated Successfully via Connected Device.
[✅ SUCCESS] Cycle #484 completed and logged to Supabase cloud!
[*] Sleeping for 10 minutes before next cycle...

[🔄 DAEMON] Executing automated cycle #485...
[*] Target Account: permanent_bot_user_485@securemail.com
[*] Network IP Rotated Successfully via Connected Device.
[✅ SUCCESS] Cycle #485 completed and logged to Supabase cloud!
[*] Sleeping for 10 minutes before next cycle...

[🔄 DAEMON] Executing automated cycle #486...
[*] Target Account: permanent_bot_user_486@securemail.com
[*] Network IP Rotated Successfully via Connected Device.
[✅ SUCCESS] Cycle #486 completed and logged to Supabase cloud!
[*] Sleeping for 10 minutes before next cycle...

[🔄 DAEMON] Executing automated cycle #487...
[*] Target Account: permanent_bot_user_487@securemail.com
[*] Network IP Rotated Successfully via Connected Device.
[✅ SUCCESS] Cycle #487 completed and logged to Supabase cloud!
[*] Sleeping for 10 minutes before next cycle...

[🔄 DAEMON] Executing automated cycle #488...
[*] Target Account: permanent_bot_user_488@securemail.com
[*] Network IP Rotated Successfully via Connected Device.
[✅ SUCCESS] Cycle #488 completed and logged to Supabase cloud!
[*] Sleeping for 10 minutes before next cycle...

[🔄 DAEMON] Executing automated cycle #489...
[*] Target Account: permanent_bot_user_489@securemail.com
[*] Network IP Rotated Successfully via Connected Device.
[✅ SUCCESS] Cycle #489 completed and logged to Supabase cloud!
[*] Sleeping for 10 minutes before next cycle...

[🔄 DAEMON] Executing automated cycle #490...
[*] Target Account: permanent_bot_user_490@securemail.com
[*] Network IP Rotated Successfully via Connected Device.
[✅ SUCCESS] Cycle #490 completed and logged to Supabase cloud!
[*] Sleeping for 10 minutes before next cycle...

[🔄 DAEMON] Executing automated cycle #491...
[*] Target Account: permanent_bot_user_491@securemail.com
[*] Network IP Rotated Successfully via Connected Device.
[✅ SUCCESS] Cycle #491 completed and logged to Supabase cloud!
[*] Sleeping for 10 minutes before next cycle...

[🔄 DAEMON] Executing automated cycle #492...
[*] Target Account: permanent_bot_user_492@securemail.com
[*] Network IP Rotated Successfully via Connected Device.
[✅ SUCCESS] Cycle #492 completed and logged to Supabase cloud!
[*] Sleeping for 10 minutes before next cycle...

[🔄 DAEMON] Executing automated cycle #493...
[*] Target Account: permanent_bot_user_493@securemail.com
[*] Network IP Rotated Successfully via Connected Device.
[✅ SUCCESS] Cycle #493 completed and logged to Supabase cloud!
[*] Sleeping for 10 minutes before next cycle...

[🔄 DAEMON] Executing automated cycle #494...
[*] Target Account: permanent_bot_user_494@securemail.com
[*] Network IP Rotated Successfully via Connected Device.
[✅ SUCCESS] Cycle #494 completed and logged to Supabase cloud!
[*] Sleeping for 10 minutes before next cycle...

[🔄 DAEMON] Executing automated cycle #495...
[*] Target Account: permanent_bot_user_495@securemail.com
[*] Network IP Rotated Successfully via Connected Device.
[✅ SUCCESS] Cycle #495 completed and logged to Supabase cloud!
[*] Sleeping for 10 minutes before next cycle...

[🔄 DAEMON] Executing automated cycle #496...
[*] Target Account: permanent_bot_user_496@securemail.com
[*] Network IP Rotated Successfully via Connected Device.
[✅ SUCCESS] Cycle #496 completed and logged to Supabase cloud!
[*] Sleeping for 10 minutes before next cycle...

[🔄 DAEMON] Executing automated cycle #497...
[*] Target Account: permanent_bot_user_497@securemail.com
[*] Network IP Rotated Successfully via Connected Device.
[✅ SUCCESS] Cycle #497 completed and logged to Supabase cloud!
[*] Sleeping for 10 minutes before next cycle...

[🔄 DAEMON] Executing automated cycle #498...
[*] Target Account: permanent_bot_user_498@securemail.com
[*] Network IP Rotated Successfully via Connected Device.
[✅ SUCCESS] Cycle #498 completed and logged to Supabase cloud!
[*] Sleeping for 10 minutes before next cycle...

[🔄 DAEMON] Executing automated cycle #499...
[*] Target Account: permanent_bot_user_499@securemail.com
[*] Network IP Rotated Successfully via Connected Device.
[✅ SUCCESS] Cycle #499 completed and logged to Supabase cloud!
[*] Sleeping for 10 minutes before next cycle...

[🔄 DAEMON] Executing automated cycle #500...
[*] Target Account: permanent_bot_user_500@securemail.com
[*] Network IP Rotated Successfully via Connected Device.
[✅ SUCCESS] Cycle #500 completed and logged to Supabase cloud!
[*] Sleeping for 10 minutes before next cycle...

[🔄 DAEMON] Executing automated cycle #501...
[*] Target Account: permanent_bot_user_501@securemail.com
[*] Network IP Rotated Successfully via Connected Device.
[✅ SUCCESS] Cycle #501 completed and logged to Supabase cloud!
[*] Sleeping for 10 minutes before next cycle...

[🔄 DAEMON] Executing automated cycle #502...
[*] Target Account: permanent_bot_user_502@securemail.com
[*] Network IP Rotated Successfully via Connected Device.
[✅ SUCCESS] Cycle #502 completed and logged to Supabase cloud!
[*] Sleeping for 10 minutes before next cycle...

[🔄 DAEMON] Executing automated cycle #503...
[*] Target Account: permanent_bot_user_503@securemail.com
[*] Network IP Rotated Successfully via Connected Device.
[✅ SUCCESS] Cycle #503 completed and logged to Supabase cloud!
[*] Sleeping for 10 minutes before next cycle...

[🔄 DAEMON] Executing automated cycle #504...
[*] Target Account: permanent_bot_user_504@securemail.com
[*] Network IP Rotated Successfully via Connected Device.
[✅ SUCCESS] Cycle #504 completed and logged to Supabase cloud!
[*] Sleeping for 10 minutes before next cycle...

[🔄 DAEMON] Executing automated cycle #505...
[*] Target Account: permanent_bot_user_505@securemail.com
[*] Network IP Rotated Successfully via Connected Device.
[✅ SUCCESS] Cycle #505 completed and logged to Supabase cloud!
[*] Sleeping for 10 minutes before next cycle...

[🔄 DAEMON] Executing automated cycle #506...
[*] Target Account: permanent_bot_user_506@securemail.com
[*] Network IP Rotated Successfully via Connected Device.
[✅ SUCCESS] Cycle #506 completed and logged to Supabase cloud!
[*] Sleeping for 10 minutes before next cycle...

[🔄 DAEMON] Executing automated cycle #507...
[*] Target Account: permanent_bot_user_507@securemail.com
[*] Network IP Rotated Successfully via Connected Device.
[✅ SUCCESS] Cycle #507 completed and logged to Supabase cloud!
[*] Sleeping for 10 minutes before next cycle...

[🔄 DAEMON] Executing automated cycle #508...
[*] Target Account: permanent_bot_user_508@securemail.com
[*] Network IP Rotated Successfully via Connected Device.
[✅ SUCCESS] Cycle #508 completed and logged to Supabase cloud!
[*] Sleeping for 10 minutes before next cycle...

[🔄 DAEMON] Executing automated cycle #509...
[*] Target Account: permanent_bot_user_509@securemail.com
[*] Network IP Rotated Successfully via Connected Device.
[✅ SUCCESS] Cycle #509 completed and logged to Supabase cloud!
[*] Sleeping for 10 minutes before next cycle...

[🔄 DAEMON] Executing automated cycle #510...
[*] Target Account: permanent_bot_user_510@securemail.com
[*] Network IP Rotated Successfully via Connected Device.
[✅ SUCCESS] Cycle #510 completed and logged to Supabase cloud!
[*] Sleeping for 10 minutes before next cycle...

[🔄 DAEMON] Executing automated cycle #511...
[*] Target Account: permanent_bot_user_511@securemail.com
[*] Network IP Rotated Successfully via Connected Device.
[✅ SUCCESS] Cycle #511 completed and logged to Supabase cloud!
[*] Sleeping for 10 minutes before next cycle...

[🔄 DAEMON] Executing automated cycle #512...
[*] Target Account: permanent_bot_user_512@securemail.com
[*] Network IP Rotated Successfully via Connected Device.
[✅ SUCCESS] Cycle #512 completed and logged to Supabase cloud!
[*] Sleeping for 10 minutes before next cycle...

[🔄 DAEMON] Executing automated cycle #513...
[*] Target Account: permanent_bot_user_513@securemail.com
[*] Network IP Rotated Successfully via Connected Device.
[✅ SUCCESS] Cycle #513 completed and logged to Supabase cloud!
[*] Sleeping for 10 minutes before next cycle...

[🔄 DAEMON] Executing automated cycle #514...
[*] Target Account: permanent_bot_user_514@securemail.com
[*] Network IP Rotated Successfully via Connected Device.
[✅ SUCCESS] Cycle #514 completed and logged to Supabase cloud!
[*] Sleeping for 10 minutes before next cycle...

[🔄 DAEMON] Executing automated cycle #515...
[*] Target Account: permanent_bot_user_515@securemail.com
[*] Network IP Rotated Successfully via Connected Device.
[✅ SUCCESS] Cycle #515 completed and logged to Supabase cloud!
[*] Sleeping for 10 minutes before next cycle...

[🔄 DAEMON] Executing automated cycle #516...
[*] Target Account: permanent_bot_user_516@securemail.com
[*] Network IP Rotated Successfully via Connected Device.
[✅ SUCCESS] Cycle #516 completed and logged to Supabase cloud!
[*] Sleeping for 10 minutes before next cycle...

[🔄 DAEMON] Executing automated cycle #517...
[*] Target Account: permanent_bot_user_517@securemail.com
[*] Network IP Rotated Successfully via Connected Device.
[✅ SUCCESS] Cycle #517 completed and logged to Supabase cloud!
[*] Sleeping for 10 minutes before next cycle...

[🔄 DAEMON] Executing automated cycle #518...
[*] Target Account: permanent_bot_user_518@securemail.com
[*] Network IP Rotated Successfully via Connected Device.
[✅ SUCCESS] Cycle #518 completed and logged to Supabase cloud!
[*] Sleeping for 10 minutes before next cycle...

[🔄 DAEMON] Executing automated cycle #519...
[*] Target Account: permanent_bot_user_519@securemail.com
[*] Network IP Rotated Successfully via Connected Device.
[✅ SUCCESS] Cycle #519 completed and logged to Supabase cloud!
[*] Sleeping for 10 minutes before next cycle...

[🔄 DAEMON] Executing automated cycle #520...
[*] Target Account: permanent_bot_user_520@securemail.com
[*] Network IP Rotated Successfully via Connected Device.
[✅ SUCCESS] Cycle #520 completed and logged to Supabase cloud!
[*] Sleeping for 10 minutes before next cycle...

[🔄 DAEMON] Executing automated cycle #521...
[*] Target Account: permanent_bot_user_521@securemail.com
[*] Network IP Rotated Successfully via Connected Device.
[✅ SUCCESS] Cycle #521 completed and logged to Supabase cloud!
[*] Sleeping for 10 minutes before next cycle...

[🔄 DAEMON] Executing automated cycle #522...
[*] Target Account: permanent_bot_user_522@securemail.com
[*] Network IP Rotated Successfully via Connected Device.
[✅ SUCCESS] Cycle #522 completed and logged to Supabase cloud!
[*] Sleeping for 10 minutes before next cycle...

[🔄 DAEMON] Executing automated cycle #523...
[*] Target Account: permanent_bot_user_523@securemail.com
[*] Network IP Rotated Successfully via Connected Device.
[✅ SUCCESS] Cycle #523 completed and logged to Supabase cloud!
[*] Sleeping for 10 minutes before next cycle...

[🔄 DAEMON] Executing automated cycle #524...
[*] Target Account: permanent_bot_user_524@securemail.com
[*] Network IP Rotated Successfully via Connected Device.
[✅ SUCCESS] Cycle #524 completed and logged to Supabase cloud!
[*] Sleeping for 10 minutes before next cycle...

[🔄 DAEMON] Executing automated cycle #525...
[*] Target Account: permanent_bot_user_525@securemail.com
[*] Network IP Rotated Successfully via Connected Device.
[✅ SUCCESS] Cycle #525 completed and logged to Supabase cloud!
[*] Sleeping for 10 minutes before next cycle...

[🔄 DAEMON] Executing automated cycle #526...
[*] Target Account: permanent_bot_user_526@securemail.com
[*] Network IP Rotated Successfully via Connected Device.
[✅ SUCCESS] Cycle #526 completed and logged to Supabase cloud!
[*] Sleeping for 10 minutes before next cycle...

[🔄 DAEMON] Executing automated cycle #527...
[*] Target Account: permanent_bot_user_527@securemail.com
[*] Network IP Rotated Successfully via Connected Device.
[✅ SUCCESS] Cycle #527 completed and logged to Supabase cloud!
[*] Sleeping for 10 minutes before next cycle...

[🔄 DAEMON] Executing automated cycle #528...
[*] Target Account: permanent_bot_user_528@securemail.com
[*] Network IP Rotated Successfully via Connected Device.
[✅ SUCCESS] Cycle #528 completed and logged to Supabase cloud!
[*] Sleeping for 10 minutes before next cycle...

[🔄 DAEMON] Executing automated cycle #529...
[*] Target Account: permanent_bot_user_529@securemail.com
[*] Network IP Rotated Successfully via Connected Device.
[✅ SUCCESS] Cycle #529 completed and logged to Supabase cloud!
[*] Sleeping for 10 minutes before next cycle...

[🔄 DAEMON] Executing automated cycle #530...
[*] Target Account: permanent_bot_user_530@securemail.com
[*] Network IP Rotated Successfully via Connected Device.
[✅ SUCCESS] Cycle #530 completed and logged to Supabase cloud!
[*] Sleeping for 10 minutes before next cycle...

[🔄 DAEMON] Executing automated cycle #531...
[*] Target Account: permanent_bot_user_531@securemail.com
[*] Network IP Rotated Successfully via Connected Device.
[✅ SUCCESS] Cycle #531 completed and logged to Supabase cloud!
[*] Sleeping for 10 minutes before next cycle...

[🔄 DAEMON] Executing automated cycle #532...
[*] Target Account: permanent_bot_user_532@securemail.com
[*] Network IP Rotated Successfully via Connected Device.
[✅ SUCCESS] Cycle #532 completed and logged to Supabase cloud!
[*] Sleeping for 10 minutes before next cycle...

[🔄 DAEMON] Executing automated cycle #533...
[*] Target Account: permanent_bot_user_533@securemail.com
[*] Network IP Rotated Successfully via Connected Device.
[✅ SUCCESS] Cycle #533 completed and logged to Supabase cloud!
[*] Sleeping for 10 minutes before next cycle...

[🔄 DAEMON] Executing automated cycle #534...
[*] Target Account: permanent_bot_user_534@securemail.com
[*] Network IP Rotated Successfully via Connected Device.
[✅ SUCCESS] Cycle #534 completed and logged to Supabase cloud!
[*] Sleeping for 10 minutes before next cycle...

[🔄 DAEMON] Executing automated cycle #535...
[*] Target Account: permanent_bot_user_535@securemail.com
[*] Network IP Rotated Successfully via Connected Device.
[✅ SUCCESS] Cycle #535 completed and logged to Supabase cloud!
[*] Sleeping for 10 minutes before next cycle...

[🔄 DAEMON] Executing automated cycle #536...
[*] Target Account: permanent_bot_user_536@securemail.com
[*] Network IP Rotated Successfully via Connected Device.
[✅ SUCCESS] Cycle #536 completed and logged to Supabase cloud!
[*] Sleeping for 10 minutes before next cycle...

[🔄 DAEMON] Executing automated cycle #537...
[*] Target Account: permanent_bot_user_537@securemail.com
[*] Network IP Rotated Successfully via Connected Device.
[✅ SUCCESS] Cycle #537 completed and logged to Supabase cloud!
[*] Sleeping for 10 minutes before next cycle...

[🔄 DAEMON] Executing automated cycle #538...
[*] Target Account: permanent_bot_user_538@securemail.com
[*] Network IP Rotated Successfully via Connected Device.
[✅ SUCCESS] Cycle #538 completed and logged to Supabase cloud!
[*] Sleeping for 10 minutes before next cycle...

[🔄 DAEMON] Executing automated cycle #539...
[*] Target Account: permanent_bot_user_539@securemail.com
[*] Network IP Rotated Successfully via Connected Device.
[✅ SUCCESS] Cycle #539 completed and logged to Supabase cloud!
[*] Sleeping for 10 minutes before next cycle...

[🔄 DAEMON] Executing automated cycle #540...
[*] Target Account: permanent_bot_user_540@securemail.com
[*] Network IP Rotated Successfully via Connected Device.
[✅ SUCCESS] Cycle #540 completed and logged to Supabase cloud!
[*] Sleeping for 10 minutes before next cycle...

[🔄 DAEMON] Executing automated cycle #541...
[*] Target Account: permanent_bot_user_541@securemail.com
[*] Network IP Rotated Successfully via Connected Device.
[✅ SUCCESS] Cycle #541 completed and logged to Supabase cloud!
[*] Sleeping for 10 minutes before next cycle...

[🔄 DAEMON] Executing automated cycle #542...
[*] Target Account: permanent_bot_user_542@securemail.com
[*] Network IP Rotated Successfully via Connected Device.
[✅ SUCCESS] Cycle #542 completed and logged to Supabase cloud!
[*] Sleeping for 10 minutes before next cycle...

[🔄 DAEMON] Executing automated cycle #543...
[*] Target Account: permanent_bot_user_543@securemail.com
[*] Network IP Rotated Successfully via Connected Device.
[✅ SUCCESS] Cycle #543 completed and logged to Supabase cloud!
[*] Sleeping for 10 minutes before next cycle...

[🔄 DAEMON] Executing automated cycle #544...
[*] Target Account: permanent_bot_user_544@securemail.com
[*] Network IP Rotated Successfully via Connected Device.
[✅ SUCCESS] Cycle #544 completed and logged to Supabase cloud!
[*] Sleeping for 10 minutes before next cycle...

[🔄 DAEMON] Executing automated cycle #545...
[*] Target Account: permanent_bot_user_545@securemail.com
[*] Network IP Rotated Successfully via Connected Device.
[✅ SUCCESS] Cycle #545 completed and logged to Supabase cloud!
[*] Sleeping for 10 minutes before next cycle...

[🔄 DAEMON] Executing automated cycle #546...
[*] Target Account: permanent_bot_user_546@securemail.com
[*] Network IP Rotated Successfully via Connected Device.
[✅ SUCCESS] Cycle #546 completed and logged to Supabase cloud!
[*] Sleeping for 10 minutes before next cycle...

[🔄 DAEMON] Executing automated cycle #547...
[*] Target Account: permanent_bot_user_547@securemail.com
[*] Network IP Rotated Successfully via Connected Device.
[✅ SUCCESS] Cycle #547 completed and logged to Supabase cloud!
[*] Sleeping for 10 minutes before next cycle...

[🔄 DAEMON] Executing automated cycle #548...
[*] Target Account: permanent_bot_user_548@securemail.com
[*] Network IP Rotated Successfully via Connected Device.
[✅ SUCCESS] Cycle #548 completed and logged to Supabase cloud!
[*] Sleeping for 10 minutes before next cycle...

[🔄 DAEMON] Executing automated cycle #549...
[*] Target Account: permanent_bot_user_549@securemail.com
[*] Network IP Rotated Successfully via Connected Device.
[✅ SUCCESS] Cycle #549 completed and logged to Supabase cloud!
[*] Sleeping for 10 minutes before next cycle...

[🔄 DAEMON] Executing automated cycle #550...
[*] Target Account: permanent_bot_user_550@securemail.com
[*] Network IP Rotated Successfully via Connected Device.
[✅ SUCCESS] Cycle #550 completed and logged to Supabase cloud!
[*] Sleeping for 10 minutes before next cycle...

[🔄 DAEMON] Executing automated cycle #551...
[*] Target Account: permanent_bot_user_551@securemail.com
[*] Network IP Rotated Successfully via Connected Device.
[✅ SUCCESS] Cycle #551 completed and logged to Supabase cloud!
[*] Sleeping for 10 minutes before next cycle...

[🔄 DAEMON] Executing automated cycle #552...
[*] Target Account: permanent_bot_user_552@securemail.com
[*] Network IP Rotated Successfully via Connected Device.
[✅ SUCCESS] Cycle #552 completed and logged to Supabase cloud!
[*] Sleeping for 10 minutes before next cycle...

[🔄 DAEMON] Executing automated cycle #553...
[*] Target Account: permanent_bot_user_553@securemail.com
[*] Network IP Rotated Successfully via Connected Device.
[✅ SUCCESS] Cycle #553 completed and logged to Supabase cloud!
[*] Sleeping for 10 minutes before next cycle...

[🔄 DAEMON] Executing automated cycle #554...
[*] Target Account: permanent_bot_user_554@securemail.com
[*] Network IP Rotated Successfully via Connected Device.
[✅ SUCCESS] Cycle #554 completed and logged to Supabase cloud!
[*] Sleeping for 10 minutes before next cycle...

[🔄 DAEMON] Executing automated cycle #555...
[*] Target Account: permanent_bot_user_555@securemail.com
[*] Network IP Rotated Successfully via Connected Device.
[✅ SUCCESS] Cycle #555 completed and logged to Supabase cloud!
[*] Sleeping for 10 minutes before next cycle...

[🔄 DAEMON] Executing automated cycle #556...
[*] Target Account: permanent_bot_user_556@securemail.com
[*] Network IP Rotated Successfully via Connected Device.
[✅ SUCCESS] Cycle #556 completed and logged to Supabase cloud!
[*] Sleeping for 10 minutes before next cycle...

[🔄 DAEMON] Executing automated cycle #557...
[*] Target Account: permanent_bot_user_557@securemail.com
[*] Network IP Rotated Successfully via Connected Device.
[✅ SUCCESS] Cycle #557 completed and logged to Supabase cloud!
[*] Sleeping for 10 minutes before next cycle...

[🔄 DAEMON] Executing automated cycle #558...
[*] Target Account: permanent_bot_user_558@securemail.com
[*] Network IP Rotated Successfully via Connected Device.
[✅ SUCCESS] Cycle #558 completed and logged to Supabase cloud!
[*] Sleeping for 10 minutes before next cycle...

[🔄 DAEMON] Executing automated cycle #559...
[*] Target Account: permanent_bot_user_559@securemail.com
[*] Network IP Rotated Successfully via Connected Device.
[✅ SUCCESS] Cycle #559 completed and logged to Supabase cloud!
[*] Sleeping for 10 minutes before next cycle...

[🔄 DAEMON] Executing automated cycle #560...
[*] Target Account: permanent_bot_user_560@securemail.com
[*] Network IP Rotated Successfully via Connected Device.
[✅ SUCCESS] Cycle #560 completed and logged to Supabase cloud!
[*] Sleeping for 10 minutes before next cycle...

[🔄 DAEMON] Executing automated cycle #561...
[*] Target Account: permanent_bot_user_561@securemail.com
[*] Network IP Rotated Successfully via Connected Device.
[✅ SUCCESS] Cycle #561 completed and logged to Supabase cloud!
[*] Sleeping for 10 minutes before next cycle...

[🔄 DAEMON] Executing automated cycle #562...
[*] Target Account: permanent_bot_user_562@securemail.com
[*] Network IP Rotated Successfully via Connected Device.
[✅ SUCCESS] Cycle #562 completed and logged to Supabase cloud!
[*] Sleeping for 10 minutes before next cycle...

[🔄 DAEMON] Executing automated cycle #563...
[*] Target Account: permanent_bot_user_563@securemail.com
[*] Network IP Rotated Successfully via Connected Device.
[✅ SUCCESS] Cycle #563 completed and logged to Supabase cloud!
[*] Sleeping for 10 minutes before next cycle...

[🔄 DAEMON] Executing automated cycle #564...
[*] Target Account: permanent_bot_user_564@securemail.com
[*] Network IP Rotated Successfully via Connected Device.
[✅ SUCCESS] Cycle #564 completed and logged to Supabase cloud!
[*] Sleeping for 10 minutes before next cycle...

[🔄 DAEMON] Executing automated cycle #565...
[*] Target Account: permanent_bot_user_565@securemail.com
[*] Network IP Rotated Successfully via Connected Device.
[✅ SUCCESS] Cycle #565 completed and logged to Supabase cloud!
[*] Sleeping for 10 minutes before next cycle...

[🔄 DAEMON] Executing automated cycle #566...
[*] Target Account: permanent_bot_user_566@securemail.com
[*] Network IP Rotated Successfully via Connected Device.
[✅ SUCCESS] Cycle #566 completed and logged to Supabase cloud!
[*] Sleeping for 10 minutes before next cycle...

[🔄 DAEMON] Executing automated cycle #567...
[*] Target Account: permanent_bot_user_567@securemail.com
[*] Network IP Rotated Successfully via Connected Device.
[✅ SUCCESS] Cycle #567 completed and logged to Supabase cloud!
[*] Sleeping for 10 minutes before next cycle...

[🔄 DAEMON] Executing automated cycle #568...
[*] Target Account: permanent_bot_user_568@securemail.com
[*] Network IP Rotated Successfully via Connected Device.
[✅ SUCCESS] Cycle #568 completed and logged to Supabase cloud!
[*] Sleeping for 10 minutes before next cycle...

[🔄 DAEMON] Executing automated cycle #569...
[*] Target Account: permanent_bot_user_569@securemail.com
[*] Network IP Rotated Successfully via Connected Device.
[✅ SUCCESS] Cycle #569 completed and logged to Supabase cloud!
[*] Sleeping for 10 minutes before next cycle...

[🔄 DAEMON] Executing automated cycle #570...
[*] Target Account: permanent_bot_user_570@securemail.com
[*] Network IP Rotated Successfully via Connected Device.
[✅ SUCCESS] Cycle #570 completed and logged to Supabase cloud!
[*] Sleeping for 10 minutes before next cycle...

[🔄 DAEMON] Executing automated cycle #571...
[*] Target Account: permanent_bot_user_571@securemail.com
[*] Network IP Rotated Successfully via Connected Device.
[✅ SUCCESS] Cycle #571 completed and logged to Supabase cloud!
[*] Sleeping for 10 minutes before next cycle...

[🔄 DAEMON] Executing automated cycle #572...
[*] Target Account: permanent_bot_user_572@securemail.com
[*] Network IP Rotated Successfully via Connected Device.
[✅ SUCCESS] Cycle #572 completed and logged to Supabase cloud!
[*] Sleeping for 10 minutes before next cycle...

[🔄 DAEMON] Executing automated cycle #573...
[*] Target Account: permanent_bot_user_573@securemail.com
[*] Network IP Rotated Successfully via Connected Device.
[✅ SUCCESS] Cycle #573 completed and logged to Supabase cloud!
[*] Sleeping for 10 minutes before next cycle...

[🔄 DAEMON] Executing automated cycle #574...
[*] Target Account: permanent_bot_user_574@securemail.com
[*] Network IP Rotated Successfully via Connected Device.
[✅ SUCCESS] Cycle #574 completed and logged to Supabase cloud!
[*] Sleeping for 10 minutes before next cycle...

[🔄 DAEMON] Executing automated cycle #575...
[*] Target Account: permanent_bot_user_575@securemail.com
[*] Network IP Rotated Successfully via Connected Device.
[✅ SUCCESS] Cycle #575 completed and logged to Supabase cloud!
[*] Sleeping for 10 minutes before next cycle...

[🔄 DAEMON] Executing automated cycle #576...
[*] Target Account: permanent_bot_user_576@securemail.com
[*] Network IP Rotated Successfully via Connected Device.
[✅ SUCCESS] Cycle #576 completed and logged to Supabase cloud!
[*] Sleeping for 10 minutes before next cycle...

[🔄 DAEMON] Executing automated cycle #577...
[*] Target Account: permanent_bot_user_577@securemail.com
[*] Network IP Rotated Successfully via Connected Device.
[✅ SUCCESS] Cycle #577 completed and logged to Supabase cloud!
[*] Sleeping for 10 minutes before next cycle...

[🔄 DAEMON] Executing automated cycle #578...
[*] Target Account: permanent_bot_user_578@securemail.com
[*] Network IP Rotated Successfully via Connected Device.
[✅ SUCCESS] Cycle #578 completed and logged to Supabase cloud!
[*] Sleeping for 10 minutes before next cycle...

[🔄 DAEMON] Executing automated cycle #579...
[*] Target Account: permanent_bot_user_579@securemail.com
[*] Network IP Rotated Successfully via Connected Device.
[✅ SUCCESS] Cycle #579 completed and logged to Supabase cloud!
[*] Sleeping for 10 minutes before next cycle...

[🔄 DAEMON] Executing automated cycle #580...
[*] Target Account: permanent_bot_user_580@securemail.com
[*] Network IP Rotated Successfully via Connected Device.
[✅ SUCCESS] Cycle #580 completed and logged to Supabase cloud!
[*] Sleeping for 10 minutes before next cycle...

[🔄 DAEMON] Executing automated cycle #581...
[*] Target Account: permanent_bot_user_581@securemail.com
[*] Network IP Rotated Successfully via Connected Device.
[✅ SUCCESS] Cycle #581 completed and logged to Supabase cloud!
[*] Sleeping for 10 minutes before next cycle...

[🔄 DAEMON] Executing automated cycle #582...
[*] Target Account: permanent_bot_user_582@securemail.com
[*] Network IP Rotated Successfully via Connected Device.
[✅ SUCCESS] Cycle #582 completed and logged to Supabase cloud!
[*] Sleeping for 10 minutes before next cycle...

[🔄 DAEMON] Executing automated cycle #583...
[*] Target Account: permanent_bot_user_583@securemail.com
[*] Network IP Rotated Successfully via Connected Device.
[✅ SUCCESS] Cycle #583 completed and logged to Supabase cloud!
[*] Sleeping for 10 minutes before next cycle...

[🔄 DAEMON] Executing automated cycle #584...
[*] Target Account: permanent_bot_user_584@securemail.com
[*] Network IP Rotated Successfully via Connected Device.
[✅ SUCCESS] Cycle #584 completed and logged to Supabase cloud!
[*] Sleeping for 10 minutes before next cycle...

[🔄 DAEMON] Executing automated cycle #585...
[*] Target Account: permanent_bot_user_585@securemail.com
[*] Network IP Rotated Successfully via Connected Device.
[✅ SUCCESS] Cycle #585 completed and logged to Supabase cloud!
[*] Sleeping for 10 minutes before next cycle...

[🔄 DAEMON] Executing automated cycle #586...
[*] Target Account: permanent_bot_user_586@securemail.com
[*] Network IP Rotated Successfully via Connected Device.
[✅ SUCCESS] Cycle #586 completed and logged to Supabase cloud!
[*] Sleeping for 10 minutes before next cycle...

[🔄 DAEMON] Executing automated cycle #587...
[*] Target Account: permanent_bot_user_587@securemail.com
[*] Network IP Rotated Successfully via Connected Device.
[✅ SUCCESS] Cycle #587 completed and logged to Supabase cloud!
[*] Sleeping for 10 minutes before next cycle...

[🔄 DAEMON] Executing automated cycle #588...
[*] Target Account: permanent_bot_user_588@securemail.com
[*] Network IP Rotated Successfully via Connected Device.
[✅ SUCCESS] Cycle #588 completed and logged to Supabase cloud!
[*] Sleeping for 10 minutes before next cycle...

[🔄 DAEMON] Executing automated cycle #589...
[*] Target Account: permanent_bot_user_589@securemail.com
[*] Network IP Rotated Successfully via Connected Device.
[✅ SUCCESS] Cycle #589 completed and logged to Supabase cloud!
[*] Sleeping for 10 minutes before next cycle...

[🔄 DAEMON] Executing automated cycle #590...
[*] Target Account: permanent_bot_user_590@securemail.com
[*] Network IP Rotated Successfully via Connected Device.
[✅ SUCCESS] Cycle #590 completed and logged to Supabase cloud!
[*] Sleeping for 10 minutes before next cycle...

[🔄 DAEMON] Executing automated cycle #591...
[*] Target Account: permanent_bot_user_591@securemail.com
[*] Network IP Rotated Successfully via Connected Device.
[✅ SUCCESS] Cycle #591 completed and logged to Supabase cloud!
[*] Sleeping for 10 minutes before next cycle...

[🔄 DAEMON] Executing automated cycle #592...
[*] Target Account: permanent_bot_user_592@securemail.com
[*] Network IP Rotated Successfully via Connected Device.
[✅ SUCCESS] Cycle #592 completed and logged to Supabase cloud!
[*] Sleeping for 10 minutes before next cycle...

[🔄 DAEMON] Executing automated cycle #593...
[*] Target Account: permanent_bot_user_593@securemail.com
[*] Network IP Rotated Successfully via Connected Device.
[✅ SUCCESS] Cycle #593 completed and logged to Supabase cloud!
[*] Sleeping for 10 minutes before next cycle...

[🔄 DAEMON] Executing automated cycle #594...
[*] Target Account: permanent_bot_user_594@securemail.com
[*] Network IP Rotated Successfully via Connected Device.
[✅ SUCCESS] Cycle #594 completed and logged to Supabase cloud!
[*] Sleeping for 10 minutes before next cycle...

[🔄 DAEMON] Executing automated cycle #595...
[*] Target Account: permanent_bot_user_595@securemail.com
[*] Network IP Rotated Successfully via Connected Device.
[✅ SUCCESS] Cycle #595 completed and logged to Supabase cloud!
[*] Sleeping for 10 minutes before next cycle...

[🔄 DAEMON] Executing automated cycle #596...
[*] Target Account: permanent_bot_user_596@securemail.com
[*] Network IP Rotated Successfully via Connected Device.
[✅ SUCCESS] Cycle #596 completed and logged to Supabase cloud!
[*] Sleeping for 10 minutes before next cycle...

[🔄 DAEMON] Executing automated cycle #597...
[*] Target Account: permanent_bot_user_597@securemail.com
[*] Network IP Rotated Successfully via Connected Device.
[✅ SUCCESS] Cycle #597 completed and logged to Supabase cloud!
[*] Sleeping for 10 minutes before next cycle...

[🔄 DAEMON] Executing automated cycle #598...
[*] Target Account: permanent_bot_user_598@securemail.com
[*] Network IP Rotated Successfully via Connected Device.
[✅ SUCCESS] Cycle #598 completed and logged to Supabase cloud!
[*] Sleeping for 10 minutes before next cycle...

[🔄 DAEMON] Executing automated cycle #599...
[*] Target Account: permanent_bot_user_599@securemail.com
[*] Network IP Rotated Successfully via Connected Device.
[✅ SUCCESS] Cycle #599 completed and logged to Supabase cloud!
[*] Sleeping for 10 minutes before next cycle...

[🔄 DAEMON] Executing automated cycle #600...
[*] Target Account: permanent_bot_user_600@securemail.com
[*] Network IP Rotated Successfully via Connected Device.
[✅ SUCCESS] Cycle #600 completed and logged to Supabase cloud!
[*] Sleeping for 10 minutes before next cycle...

[🔄 DAEMON] Executing automated cycle #601...
[*] Target Account: permanent_bot_user_601@securemail.com
[*] Network IP Rotated Successfully via Connected Device.
[✅ SUCCESS] Cycle #601 completed and logged to Supabase cloud!
[*] Sleeping for 10 minutes before next cycle...

[🔄 DAEMON] Executing automated cycle #602...
[*] Target Account: permanent_bot_user_602@securemail.com
[*] Network IP Rotated Successfully via Connected Device.
[✅ SUCCESS] Cycle #602 completed and logged to Supabase cloud!
[*] Sleeping for 10 minutes before next cycle...

[🔄 DAEMON] Executing automated cycle #603...
[*] Target Account: permanent_bot_user_603@securemail.com
[*] Network IP Rotated Successfully via Connected Device.
[✅ SUCCESS] Cycle #603 completed and logged to Supabase cloud!
[*] Sleeping for 10 minutes before next cycle...

[🔄 DAEMON] Executing automated cycle #604...
[*] Target Account: permanent_bot_user_604@securemail.com
[*] Network IP Rotated Successfully via Connected Device.
[✅ SUCCESS] Cycle #604 completed and logged to Supabase cloud!
[*] Sleeping for 10 minutes before next cycle...

[🔄 DAEMON] Executing automated cycle #605...
[*] Target Account: permanent_bot_user_605@securemail.com
[*] Network IP Rotated Successfully via Connected Device.
[✅ SUCCESS] Cycle #605 completed and logged to Supabase cloud!
[*] Sleeping for 10 minutes before next cycle...

[🔄 DAEMON] Executing automated cycle #606...
[*] Target Account: permanent_bot_user_606@securemail.com
[*] Network IP Rotated Successfully via Connected Device.
[✅ SUCCESS] Cycle #606 completed and logged to Supabase cloud!
[*] Sleeping for 10 minutes before next cycle...

[🔄 DAEMON] Executing automated cycle #607...
[*] Target Account: permanent_bot_user_607@securemail.com
[*] Network IP Rotated Successfully via Connected Device.
[✅ SUCCESS] Cycle #607 completed and logged to Supabase cloud!
[*] Sleeping for 10 minutes before next cycle...

[🔄 DAEMON] Executing automated cycle #608...
[*] Target Account: permanent_bot_user_608@securemail.com
[*] Network IP Rotated Successfully via Connected Device.
[✅ SUCCESS] Cycle #608 completed and logged to Supabase cloud!
[*] Sleeping for 10 minutes before next cycle...

[🔄 DAEMON] Executing automated cycle #609...
[*] Target Account: permanent_bot_user_609@securemail.com
[*] Network IP Rotated Successfully via Connected Device.
[✅ SUCCESS] Cycle #609 completed and logged to Supabase cloud!
[*] Sleeping for 10 minutes before next cycle...

[🔄 DAEMON] Executing automated cycle #610...
[*] Target Account: permanent_bot_user_610@securemail.com
[*] Network IP Rotated Successfully via Connected Device.
[✅ SUCCESS] Cycle #610 completed and logged to Supabase cloud!
[*] Sleeping for 10 minutes before next cycle...

[🔄 DAEMON] Executing automated cycle #611...
[*] Target Account: permanent_bot_user_611@securemail.com
[*] Network IP Rotated Successfully via Connected Device.
[✅ SUCCESS] Cycle #611 completed and logged to Supabase cloud!
[*] Sleeping for 10 minutes before next cycle...

[🔄 DAEMON] Executing automated cycle #612...
[*] Target Account: permanent_bot_user_612@securemail.com
[*] Network IP Rotated Successfully via Connected Device.
[✅ SUCCESS] Cycle #612 completed and logged to Supabase cloud!
[*] Sleeping for 10 minutes before next cycle...

[🔄 DAEMON] Executing automated cycle #613...
[*] Target Account: permanent_bot_user_613@securemail.com
[*] Network IP Rotated Successfully via Connected Device.
[✅ SUCCESS] Cycle #613 completed and logged to Supabase cloud!
[*] Sleeping for 10 minutes before next cycle...

[🔄 DAEMON] Executing automated cycle #614...
[*] Target Account: permanent_bot_user_614@securemail.com
[*] Network IP Rotated Successfully via Connected Device.
[✅ SUCCESS] Cycle #614 completed and logged to Supabase cloud!
[*] Sleeping for 10 minutes before next cycle...

[🔄 DAEMON] Executing automated cycle #615...
[*] Target Account: permanent_bot_user_615@securemail.com
[*] Network IP Rotated Successfully via Connected Device.
[✅ SUCCESS] Cycle #615 completed and logged to Supabase cloud!
[*] Sleeping for 10 minutes before next cycle...

[🔄 DAEMON] Executing automated cycle #616...
[*] Target Account: permanent_bot_user_616@securemail.com
[*] Network IP Rotated Successfully via Connected Device.
[✅ SUCCESS] Cycle #616 completed and logged to Supabase cloud!
[*] Sleeping for 10 minutes before next cycle...

[🔄 DAEMON] Executing automated cycle #617...
[*] Target Account: permanent_bot_user_617@securemail.com
[*] Network IP Rotated Successfully via Connected Device.
[✅ SUCCESS] Cycle #617 completed and logged to Supabase cloud!
[*] Sleeping for 10 minutes before next cycle...

[🔄 DAEMON] Executing automated cycle #618...
[*] Target Account: permanent_bot_user_618@securemail.com
[*] Network IP Rotated Successfully via Connected Device.
[✅ SUCCESS] Cycle #618 completed and logged to Supabase cloud!
[*] Sleeping for 10 minutes before next cycle...

[🔄 DAEMON] Executing automated cycle #619...
[*] Target Account: permanent_bot_user_619@securemail.com
[*] Network IP Rotated Successfully via Connected Device.
[✅ SUCCESS] Cycle #619 completed and logged to Supabase cloud!
[*] Sleeping for 10 minutes before next cycle...

[🔄 DAEMON] Executing automated cycle #620...
[*] Target Account: permanent_bot_user_620@securemail.com
[*] Network IP Rotated Successfully via Connected Device.
[✅ SUCCESS] Cycle #620 completed and logged to Supabase cloud!
[*] Sleeping for 10 minutes before next cycle...

[🔄 DAEMON] Executing automated cycle #621...
[*] Target Account: permanent_bot_user_621@securemail.com
[*] Network IP Rotated Successfully via Connected Device.
[✅ SUCCESS] Cycle #621 completed and logged to Supabase cloud!
[*] Sleeping for 10 minutes before next cycle...

[🔄 DAEMON] Executing automated cycle #622...
[*] Target Account: permanent_bot_user_622@securemail.com
[*] Network IP Rotated Successfully via Connected Device.
[✅ SUCCESS] Cycle #622 completed and logged to Supabase cloud!
[*] Sleeping for 10 minutes before next cycle...

[🔄 DAEMON] Executing automated cycle #623...
[*] Target Account: permanent_bot_user_623@securemail.com
[*] Network IP Rotated Successfully via Connected Device.
[✅ SUCCESS] Cycle #623 completed and logged to Supabase cloud!
[*] Sleeping for 10 minutes before next cycle...

[🔄 DAEMON] Executing automated cycle #624...
[*] Target Account: permanent_bot_user_624@securemail.com
[*] Network IP Rotated Successfully via Connected Device.
[✅ SUCCESS] Cycle #624 completed and logged to Supabase cloud!
[*] Sleeping for 10 minutes before next cycle...

[🔄 DAEMON] Executing automated cycle #625...
[*] Target Account: permanent_bot_user_625@securemail.com
[*] Network IP Rotated Successfully via Connected Device.
[✅ SUCCESS] Cycle #625 completed and logged to Supabase cloud!
[*] Sleeping for 10 minutes before next cycle...

[🔄 DAEMON] Executing automated cycle #626...
[*] Target Account: permanent_bot_user_626@securemail.com
[*] Network IP Rotated Successfully via Connected Device.
[✅ SUCCESS] Cycle #626 completed and logged to Supabase cloud!
[*] Sleeping for 10 minutes before next cycle...

[🔄 DAEMON] Executing automated cycle #627...
[*] Target Account: permanent_bot_user_627@securemail.com
[*] Network IP Rotated Successfully via Connected Device.
[✅ SUCCESS] Cycle #627 completed and logged to Supabase cloud!
[*] Sleeping for 10 minutes before next cycle...

[🔄 DAEMON] Executing automated cycle #628...
[*] Target Account: permanent_bot_user_628@securemail.com
[*] Network IP Rotated Successfully via Connected Device.
[✅ SUCCESS] Cycle #628 completed and logged to Supabase cloud!
[*] Sleeping for 10 minutes before next cycle...

[🔄 DAEMON] Executing automated cycle #629...
[*] Target Account: permanent_bot_user_629@securemail.com
[*] Network IP Rotated Successfully via Connected Device.
[✅ SUCCESS] Cycle #629 completed and logged to Supabase cloud!
[*] Sleeping for 10 minutes before next cycle...

[🔄 DAEMON] Executing automated cycle #630...
[*] Target Account: permanent_bot_user_630@securemail.com
[*] Network IP Rotated Successfully via Connected Device.
[✅ SUCCESS] Cycle #630 completed and logged to Supabase cloud!
[*] Sleeping for 10 minutes before next cycle...

[🔄 DAEMON] Executing automated cycle #631...
[*] Target Account: permanent_bot_user_631@securemail.com
[*] Network IP Rotated Successfully via Connected Device.
[✅ SUCCESS] Cycle #631 completed and logged to Supabase cloud!
[*] Sleeping for 10 minutes before next cycle...

[🔄 DAEMON] Executing automated cycle #632...
[*] Target Account: permanent_bot_user_632@securemail.com
[*] Network IP Rotated Successfully via Connected Device.
[✅ SUCCESS] Cycle #632 completed and logged to Supabase cloud!
[*] Sleeping for 10 minutes before next cycle...

[🔄 DAEMON] Executing automated cycle #633...
[*] Target Account: permanent_bot_user_633@securemail.com
[*] Network IP Rotated Successfully via Connected Device.
[✅ SUCCESS] Cycle #633 completed and logged to Supabase cloud!
[*] Sleeping for 10 minutes before next cycle...

[🔄 DAEMON] Executing automated cycle #634...
[*] Target Account: permanent_bot_user_634@securemail.com
[*] Network IP Rotated Successfully via Connected Device.
[✅ SUCCESS] Cycle #634 completed and logged to Supabase cloud!
[*] Sleeping for 10 minutes before next cycle...

[🔄 DAEMON] Executing automated cycle #635...
[*] Target Account: permanent_bot_user_635@securemail.com
[*] Network IP Rotated Successfully via Connected Device.
[✅ SUCCESS] Cycle #635 completed and logged to Supabase cloud!
[*] Sleeping for 10 minutes before next cycle...

[🔄 DAEMON] Executing automated cycle #636...
[*] Target Account: permanent_bot_user_636@securemail.com
[*] Network IP Rotated Successfully via Connected Device.
[✅ SUCCESS] Cycle #636 completed and logged to Supabase cloud!
[*] Sleeping for 10 minutes before next cycle...

[🔄 DAEMON] Executing automated cycle #637...
[*] Target Account: permanent_bot_user_637@securemail.com
[*] Network IP Rotated Successfully via Connected Device.
[✅ SUCCESS] Cycle #637 completed and logged to Supabase cloud!
[*] Sleeping for 10 minutes before next cycle...

[🔄 DAEMON] Executing automated cycle #638...
[*] Target Account: permanent_bot_user_638@securemail.com
[*] Network IP Rotated Successfully via Connected Device.
[✅ SUCCESS] Cycle #638 completed and logged to Supabase cloud!
[*] Sleeping for 10 minutes before next cycle...

[🔄 DAEMON] Executing automated cycle #639...
[*] Target Account: permanent_bot_user_639@securemail.com
[*] Network IP Rotated Successfully via Connected Device.
[✅ SUCCESS] Cycle #639 completed and logged to Supabase cloud!
[*] Sleeping for 10 minutes before next cycle...

[🔄 DAEMON] Executing automated cycle #640...
[*] Target Account: permanent_bot_user_640@securemail.com
[*] Network IP Rotated Successfully via Connected Device.
[✅ SUCCESS] Cycle #640 completed and logged to Supabase cloud!
[*] Sleeping for 10 minutes before next cycle...

[🔄 DAEMON] Executing automated cycle #641...
[*] Target Account: permanent_bot_user_641@securemail.com
[*] Network IP Rotated Successfully via Connected Device.
[✅ SUCCESS] Cycle #641 completed and logged to Supabase cloud!
[*] Sleeping for 10 minutes before next cycle...

[🔄 DAEMON] Executing automated cycle #642...
[*] Target Account: permanent_bot_user_642@securemail.com
[*] Network IP Rotated Successfully via Connected Device.
[✅ SUCCESS] Cycle #642 completed and logged to Supabase cloud!
[*] Sleeping for 10 minutes before next cycle...

[🔄 DAEMON] Executing automated cycle #643...
[*] Target Account: permanent_bot_user_643@securemail.com
[*] Network IP Rotated Successfully via Connected Device.
[✅ SUCCESS] Cycle #643 completed and logged to Supabase cloud!
[*] Sleeping for 10 minutes before next cycle...

[🔄 DAEMON] Executing automated cycle #644...
[*] Target Account: permanent_bot_user_644@securemail.com
[*] Network IP Rotated Successfully via Connected Device.
[✅ SUCCESS] Cycle #644 completed and logged to Supabase cloud!
[*] Sleeping for 10 minutes before next cycle...

[🔄 DAEMON] Executing automated cycle #645...
[*] Target Account: permanent_bot_user_645@securemail.com
[*] Network IP Rotated Successfully via Connected Device.
[✅ SUCCESS] Cycle #645 completed and logged to Supabase cloud!
[*] Sleeping for 10 minutes before next cycle...

[🔄 DAEMON] Executing automated cycle #646...
[*] Target Account: permanent_bot_user_646@securemail.com
[*] Network IP Rotated Successfully via Connected Device.
[✅ SUCCESS] Cycle #646 completed and logged to Supabase cloud!
[*] Sleeping for 10 minutes before next cycle...

[🔄 DAEMON] Executing automated cycle #647...
[*] Target Account: permanent_bot_user_647@securemail.com
[*] Network IP Rotated Successfully via Connected Device.
[✅ SUCCESS] Cycle #647 completed and logged to Supabase cloud!
[*] Sleeping for 10 minutes before next cycle...

[🔄 DAEMON] Executing automated cycle #648...
[*] Target Account: permanent_bot_user_648@securemail.com
[*] Network IP Rotated Successfully via Connected Device.
[✅ SUCCESS] Cycle #648 completed and logged to Supabase cloud!
[*] Sleeping for 10 minutes before next cycle...

[🔄 DAEMON] Executing automated cycle #649...
[*] Target Account: permanent_bot_user_649@securemail.com
[*] Network IP Rotated Successfully via Connected Device.
[✅ SUCCESS] Cycle #649 completed and logged to Supabase cloud!
[*] Sleeping for 10 minutes before next cycle...

[🔄 DAEMON] Executing automated cycle #650...
[*] Target Account: permanent_bot_user_650@securemail.com
[*] Network IP Rotated Successfully via Connected Device.
[✅ SUCCESS] Cycle #650 completed and logged to Supabase cloud!
[*] Sleeping for 10 minutes before next cycle...

[🔄 DAEMON] Executing automated cycle #651...
[*] Target Account: permanent_bot_user_651@securemail.com
[*] Network IP Rotated Successfully via Connected Device.
[✅ SUCCESS] Cycle #651 completed and logged to Supabase cloud!
[*] Sleeping for 10 minutes before next cycle...

[🔄 DAEMON] Executing automated cycle #652...
[*] Target Account: permanent_bot_user_652@securemail.com
[*] Network IP Rotated Successfully via Connected Device.
[✅ SUCCESS] Cycle #652 completed and logged to Supabase cloud!
[*] Sleeping for 10 minutes before next cycle...

[🔄 DAEMON] Executing automated cycle #653...
[*] Target Account: permanent_bot_user_653@securemail.com
[*] Network IP Rotated Successfully via Connected Device.
[✅ SUCCESS] Cycle #653 completed and logged to Supabase cloud!
[*] Sleeping for 10 minutes before next cycle...

[🔄 DAEMON] Executing automated cycle #654...
[*] Target Account: permanent_bot_user_654@securemail.com
[*] Network IP Rotated Successfully via Connected Device.
[✅ SUCCESS] Cycle #654 completed and logged to Supabase cloud!
[*] Sleeping for 10 minutes before next cycle...

[🔄 DAEMON] Executing automated cycle #655...
[*] Target Account: permanent_bot_user_655@securemail.com
[*] Network IP Rotated Successfully via Connected Device.
[✅ SUCCESS] Cycle #655 completed and logged to Supabase cloud!
[*] Sleeping for 10 minutes before next cycle...

[🔄 DAEMON] Executing automated cycle #656...
[*] Target Account: permanent_bot_user_656@securemail.com
[*] Network IP Rotated Successfully via Connected Device.
[✅ SUCCESS] Cycle #656 completed and logged to Supabase cloud!
[*] Sleeping for 10 minutes before next cycle...

[🔄 DAEMON] Executing automated cycle #657...
[*] Target Account: permanent_bot_user_657@securemail.com
[*] Network IP Rotated Successfully via Connected Device.
[✅ SUCCESS] Cycle #657 completed and logged to Supabase cloud!
[*] Sleeping for 10 minutes before next cycle...

[🔄 DAEMON] Executing automated cycle #658...
[*] Target Account: permanent_bot_user_658@securemail.com
[*] Network IP Rotated Successfully via Connected Device.
[✅ SUCCESS] Cycle #658 completed and logged to Supabase cloud!
[*] Sleeping for 10 minutes before next cycle...

[🔄 DAEMON] Executing automated cycle #659...
[*] Target Account: permanent_bot_user_659@securemail.com
[*] Network IP Rotated Successfully via Connected Device.
[✅ SUCCESS] Cycle #659 completed and logged to Supabase cloud!
[*] Sleeping for 10 minutes before next cycle...

[🔄 DAEMON] Executing automated cycle #660...
[*] Target Account: permanent_bot_user_660@securemail.com
[*] Network IP Rotated Successfully via Connected Device.
[✅ SUCCESS] Cycle #660 completed and logged to Supabase cloud!
[*] Sleeping for 10 minutes before next cycle...

[🔄 DAEMON] Executing automated cycle #661...
[*] Target Account: permanent_bot_user_661@securemail.com
[*] Network IP Rotated Successfully via Connected Device.
[✅ SUCCESS] Cycle #661 completed and logged to Supabase cloud!
[*] Sleeping for 10 minutes before next cycle...

[🔄 DAEMON] Executing automated cycle #662...
[*] Target Account: permanent_bot_user_662@securemail.com
[*] Network IP Rotated Successfully via Connected Device.
[✅ SUCCESS] Cycle #662 completed and logged to Supabase cloud!
[*] Sleeping for 10 minutes before next cycle...

[🔄 DAEMON] Executing automated cycle #663...
[*] Target Account: permanent_bot_user_663@securemail.com
[*] Network IP Rotated Successfully via Connected Device.
[✅ SUCCESS] Cycle #663 completed and logged to Supabase cloud!
[*] Sleeping for 10 minutes before next cycle...

[🔄 DAEMON] Executing automated cycle #664...
[*] Target Account: permanent_bot_user_664@securemail.com
[*] Network IP Rotated Successfully via Connected Device.
[✅ SUCCESS] Cycle #664 completed and logged to Supabase cloud!
[*] Sleeping for 10 minutes before next cycle...

[🔄 DAEMON] Executing automated cycle #665...
[*] Target Account: permanent_bot_user_665@securemail.com
[*] Network IP Rotated Successfully via Connected Device.
[✅ SUCCESS] Cycle #665 completed and logged to Supabase cloud!
[*] Sleeping for 10 minutes before next cycle...

[🔄 DAEMON] Executing automated cycle #666...
[*] Target Account: permanent_bot_user_666@securemail.com
[*] Network IP Rotated Successfully via Connected Device.
[✅ SUCCESS] Cycle #666 completed and logged to Supabase cloud!
[*] Sleeping for 10 minutes before next cycle...

[🔄 DAEMON] Executing automated cycle #667...
[*] Target Account: permanent_bot_user_667@securemail.com
[*] Network IP Rotated Successfully via Connected Device.
[✅ SUCCESS] Cycle #667 completed and logged to Supabase cloud!
[*] Sleeping for 10 minutes before next cycle...

[🔄 DAEMON] Executing automated cycle #668...
[*] Target Account: permanent_bot_user_668@securemail.com
[*] Network IP Rotated Successfully via Connected Device.
[✅ SUCCESS] Cycle #668 completed and logged to Supabase cloud!
[*] Sleeping for 10 minutes before next cycle...

[🔄 DAEMON] Executing automated cycle #669...
[*] Target Account: permanent_bot_user_669@securemail.com
[*] Network IP Rotated Successfully via Connected Device.
[✅ SUCCESS] Cycle #669 completed and logged to Supabase cloud!
[*] Sleeping for 10 minutes before next cycle...

[🔄 DAEMON] Executing automated cycle #670...
[*] Target Account: permanent_bot_user_670@securemail.com
[*] Network IP Rotated Successfully via Connected Device.
[✅ SUCCESS] Cycle #670 completed and logged to Supabase cloud!
[*] Sleeping for 10 minutes before next cycle...

[🔄 DAEMON] Executing automated cycle #671...
[*] Target Account: permanent_bot_user_671@securemail.com
[*] Network IP Rotated Successfully via Connected Device.
[✅ SUCCESS] Cycle #671 completed and logged to Supabase cloud!
[*] Sleeping for 10 minutes before next cycle...

[🔄 DAEMON] Executing automated cycle #672...
[*] Target Account: permanent_bot_user_672@securemail.com
[*] Network IP Rotated Successfully via Connected Device.
[✅ SUCCESS] Cycle #672 completed and logged to Supabase cloud!
[*] Sleeping for 10 minutes before next cycle...

[🔄 DAEMON] Executing automated cycle #673...
[*] Target Account: permanent_bot_user_673@securemail.com
[*] Network IP Rotated Successfully via Connected Device.
[✅ SUCCESS] Cycle #673 completed and logged to Supabase cloud!
[*] Sleeping for 10 minutes before next cycle...

[🔄 DAEMON] Executing automated cycle #674...
[*] Target Account: permanent_bot_user_674@securemail.com
[*] Network IP Rotated Successfully via Connected Device.
[✅ SUCCESS] Cycle #674 completed and logged to Supabase cloud!
[*] Sleeping for 10 minutes before next cycle...

[🔄 DAEMON] Executing automated cycle #675...
[*] Target Account: permanent_bot_user_675@securemail.com
[*] Network IP Rotated Successfully via Connected Device.
[✅ SUCCESS] Cycle #675 completed and logged to Supabase cloud!
[*] Sleeping for 10 minutes before next cycle...

[🔄 DAEMON] Executing automated cycle #676...
[*] Target Account: permanent_bot_user_676@securemail.com
[*] Network IP Rotated Successfully via Connected Device.
[✅ SUCCESS] Cycle #676 completed and logged to Supabase cloud!
[*] Sleeping for 10 minutes before next cycle...

[🔄 DAEMON] Executing automated cycle #677...
[*] Target Account: permanent_bot_user_677@securemail.com
[*] Network IP Rotated Successfully via Connected Device.
[✅ SUCCESS] Cycle #677 completed and logged to Supabase cloud!
[*] Sleeping for 10 minutes before next cycle...

[🔄 DAEMON] Executing automated cycle #678...
[*] Target Account: permanent_bot_user_678@securemail.com
[*] Network IP Rotated Successfully via Connected Device.
[✅ SUCCESS] Cycle #678 completed and logged to Supabase cloud!
[*] Sleeping for 10 minutes before next cycle...

[🔄 DAEMON] Executing automated cycle #679...
[*] Target Account: permanent_bot_user_679@securemail.com
[*] Network IP Rotated Successfully via Connected Device.
[✅ SUCCESS] Cycle #679 completed and logged to Supabase cloud!
[*] Sleeping for 10 minutes before next cycle...

[🔄 DAEMON] Executing automated cycle #680...
[*] Target Account: permanent_bot_user_680@securemail.com
[*] Network IP Rotated Successfully via Connected Device.
[✅ SUCCESS] Cycle #680 completed and logged to Supabase cloud!
[*] Sleeping for 10 minutes before next cycle...

[🔄 DAEMON] Executing automated cycle #681...
[*] Target Account: permanent_bot_user_681@securemail.com
[*] Network IP Rotated Successfully via Connected Device.
[✅ SUCCESS] Cycle #681 completed and logged to Supabase cloud!
[*] Sleeping for 10 minutes before next cycle...

[🔄 DAEMON] Executing automated cycle #682...
[*] Target Account: permanent_bot_user_682@securemail.com
[*] Network IP Rotated Successfully via Connected Device.
[✅ SUCCESS] Cycle #682 completed and logged to Supabase cloud!
[*] Sleeping for 10 minutes before next cycle...

[🔄 DAEMON] Executing automated cycle #683...
[*] Target Account: permanent_bot_user_683@securemail.com
[*] Network IP Rotated Successfully via Connected Device.
[✅ SUCCESS] Cycle #683 completed and logged to Supabase cloud!
[*] Sleeping for 10 minutes before next cycle...

[🔄 DAEMON] Executing automated cycle #684...
[*] Target Account: permanent_bot_user_684@securemail.com
[*] Network IP Rotated Successfully via Connected Device.
[✅ SUCCESS] Cycle #684 completed and logged to Supabase cloud!
[*] Sleeping for 10 minutes before next cycle...

[🔄 DAEMON] Executing automated cycle #685...
[*] Target Account: permanent_bot_user_685@securemail.com
[*] Network IP Rotated Successfully via Connected Device.
[✅ SUCCESS] Cycle #685 completed and logged to Supabase cloud!
[*] Sleeping for 10 minutes before next cycle...

[🔄 DAEMON] Executing automated cycle #686...
[*] Target Account: permanent_bot_user_686@securemail.com
[*] Network IP Rotated Successfully via Connected Device.
[✅ SUCCESS] Cycle #686 completed and logged to Supabase cloud!
[*] Sleeping for 10 minutes before next cycle...

[🔄 DAEMON] Executing automated cycle #687...
[*] Target Account: permanent_bot_user_687@securemail.com
[*] Network IP Rotated Successfully via Connected Device.
[✅ SUCCESS] Cycle #687 completed and logged to Supabase cloud!
[*] Sleeping for 10 minutes before next cycle...

[🔄 DAEMON] Executing automated cycle #688...
[*] Target Account: permanent_bot_user_688@securemail.com
[*] Network IP Rotated Successfully via Connected Device.
[✅ SUCCESS] Cycle #688 completed and logged to Supabase cloud!
[*] Sleeping for 10 minutes before next cycle...

[🔄 DAEMON] Executing automated cycle #689...
[*] Target Account: permanent_bot_user_689@securemail.com
[*] Network IP Rotated Successfully via Connected Device.
[✅ SUCCESS] Cycle #689 completed and logged to Supabase cloud!
[*] Sleeping for 10 minutes before next cycle...

[🔄 DAEMON] Executing automated cycle #690...
[*] Target Account: permanent_bot_user_690@securemail.com
[*] Network IP Rotated Successfully via Connected Device.
[✅ SUCCESS] Cycle #690 completed and logged to Supabase cloud!
[*] Sleeping for 10 minutes before next cycle...

[🔄 DAEMON] Executing automated cycle #691...
[*] Target Account: permanent_bot_user_691@securemail.com
[*] Network IP Rotated Successfully via Connected Device.
[✅ SUCCESS] Cycle #691 completed and logged to Supabase cloud!
[*] Sleeping for 10 minutes before next cycle...

[🔄 DAEMON] Executing automated cycle #692...
[*] Target Account: permanent_bot_user_692@securemail.com
[*] Network IP Rotated Successfully via Connected Device.
[✅ SUCCESS] Cycle #692 completed and logged to Supabase cloud!
[*] Sleeping for 10 minutes before next cycle...

[🔄 DAEMON] Executing automated cycle #693...
[*] Target Account: permanent_bot_user_693@securemail.com
[*] Network IP Rotated Successfully via Connected Device.
[✅ SUCCESS] Cycle #693 completed and logged to Supabase cloud!
[*] Sleeping for 10 minutes before next cycle...

[🔄 DAEMON] Executing automated cycle #694...
[*] Target Account: permanent_bot_user_694@securemail.com
[*] Network IP Rotated Successfully via Connected Device.
[✅ SUCCESS] Cycle #694 completed and logged to Supabase cloud!
[*] Sleeping for 10 minutes before next cycle...

[🔄 DAEMON] Executing automated cycle #695...
[*] Target Account: permanent_bot_user_695@securemail.com
[*] Network IP Rotated Successfully via Connected Device.
[✅ SUCCESS] Cycle #695 completed and logged to Supabase cloud!
[*] Sleeping for 10 minutes before next cycle...

[🔄 DAEMON] Executing automated cycle #696...
[*] Target Account: permanent_bot_user_696@securemail.com
[*] Network IP Rotated Successfully via Connected Device.
[✅ SUCCESS] Cycle #696 completed and logged to Supabase cloud!
[*] Sleeping for 10 minutes before next cycle...

[🔄 DAEMON] Executing automated cycle #697...
[*] Target Account: permanent_bot_user_697@securemail.com
[*] Network IP Rotated Successfully via Connected Device.
[✅ SUCCESS] Cycle #697 completed and logged to Supabase cloud!
[*] Sleeping for 10 minutes before next cycle...

[🔄 DAEMON] Executing automated cycle #698...
[*] Target Account: permanent_bot_user_698@securemail.com
[*] Network IP Rotated Successfully via Connected Device.
[✅ SUCCESS] Cycle #698 completed and logged to Supabase cloud!
[*] Sleeping for 10 minutes before next cycle...

[🔄 DAEMON] Executing automated cycle #699...
[*] Target Account: permanent_bot_user_699@securemail.com
[*] Network IP Rotated Successfully via Connected Device.
[✅ SUCCESS] Cycle #699 completed and logged to Supabase cloud!
[*] Sleeping for 10 minutes before next cycle...

[🔄 DAEMON] Executing automated cycle #700...
[*] Target Account: permanent_bot_user_700@securemail.com
[*] Network IP Rotated Successfully via Connected Device.
[✅ SUCCESS] Cycle #700 completed and logged to Supabase cloud!
[*] Sleeping for 10 minutes before next cycle...

[🔄 DAEMON] Executing automated cycle #701...
[*] Target Account: permanent_bot_user_701@securemail.com
[*] Network IP Rotated Successfully via Connected Device.
[✅ SUCCESS] Cycle #701 completed and logged to Supabase cloud!
[*] Sleeping for 10 minutes before next cycle...

[🔄 DAEMON] Executing automated cycle #702...
[*] Target Account: permanent_bot_user_702@securemail.com
[*] Network IP Rotated Successfully via Connected Device.
[✅ SUCCESS] Cycle #702 completed and logged to Supabase cloud!
[*] Sleeping for 10 minutes before next cycle...

[🔄 DAEMON] Executing automated cycle #703...
[*] Target Account: permanent_bot_user_703@securemail.com
[*] Network IP Rotated Successfully via Connected Device.
[✅ SUCCESS] Cycle #703 completed and logged to Supabase cloud!
[*] Sleeping for 10 minutes before next cycle...

[🔄 DAEMON] Executing automated cycle #704...
[*] Target Account: permanent_bot_user_704@securemail.com
[*] Network IP Rotated Successfully via Connected Device.
[✅ SUCCESS] Cycle #704 completed and logged to Supabase cloud!
[*] Sleeping for 10 minutes before next cycle...

[🔄 DAEMON] Executing automated cycle #705...
[*] Target Account: permanent_bot_user_705@securemail.com
[*] Network IP Rotated Successfully via Connected Device.
[✅ SUCCESS] Cycle #705 completed and logged to Supabase cloud!
[*] Sleeping for 10 minutes before next cycle...

[🔄 DAEMON] Executing automated cycle #706...
[*] Target Account: permanent_bot_user_706@securemail.com
[*] Network IP Rotated Successfully via Connected Device.
[✅ SUCCESS] Cycle #706 completed and logged to Supabase cloud!
[*] Sleeping for 10 minutes before next cycle...

[🔄 DAEMON] Executing automated cycle #707...
[*] Target Account: permanent_bot_user_707@securemail.com
[*] Network IP Rotated Successfully via Connected Device.
[✅ SUCCESS] Cycle #707 completed and logged to Supabase cloud!
[*] Sleeping for 10 minutes before next cycle...

[🔄 DAEMON] Executing automated cycle #708...
[*] Target Account: permanent_bot_user_708@securemail.com
[*] Network IP Rotated Successfully via Connected Device.
[✅ SUCCESS] Cycle #708 completed and logged to Supabase cloud!
[*] Sleeping for 10 minutes before next cycle...

[🔄 DAEMON] Executing automated cycle #709...
[*] Target Account: permanent_bot_user_709@securemail.com
[*] Network IP Rotated Successfully via Connected Device.
[✅ SUCCESS] Cycle #709 completed and logged to Supabase cloud!
[*] Sleeping for 10 minutes before next cycle...

[🔄 DAEMON] Executing automated cycle #710...
[*] Target Account: permanent_bot_user_710@securemail.com
[*] Network IP Rotated Successfully via Connected Device.
[✅ SUCCESS] Cycle #710 completed and logged to Supabase cloud!
[*] Sleeping for 10 minutes before next cycle...

[🔄 DAEMON] Executing automated cycle #711...
[*] Target Account: permanent_bot_user_711@securemail.com
[*] Network IP Rotated Successfully via Connected Device.
[✅ SUCCESS] Cycle #711 completed and logged to Supabase cloud!
[*] Sleeping for 10 minutes before next cycle...

[🔄 DAEMON] Executing automated cycle #712...
[*] Target Account: permanent_bot_user_712@securemail.com
[*] Network IP Rotated Successfully via Connected Device.
[✅ SUCCESS] Cycle #712 completed and logged to Supabase cloud!
[*] Sleeping for 10 minutes before next cycle...

[🔄 DAEMON] Executing automated cycle #713...
[*] Target Account: permanent_bot_user_713@securemail.com
[*] Network IP Rotated Successfully via Connected Device.
[✅ SUCCESS] Cycle #713 completed and logged to Supabase cloud!
[*] Sleeping for 10 minutes before next cycle...

[🔄 DAEMON] Executing automated cycle #714...
[*] Target Account: permanent_bot_user_714@securemail.com
[*] Network IP Rotated Successfully via Connected Device.
[✅ SUCCESS] Cycle #714 completed and logged to Supabase cloud!
[*] Sleeping for 10 minutes before next cycle...

[🔄 DAEMON] Executing automated cycle #715...
[*] Target Account: permanent_bot_user_715@securemail.com
[*] Network IP Rotated Successfully via Connected Device.
[✅ SUCCESS] Cycle #715 completed and logged to Supabase cloud!
[*] Sleeping for 10 minutes before next cycle...

[🔄 DAEMON] Executing automated cycle #716...
[*] Target Account: permanent_bot_user_716@securemail.com
[*] Network IP Rotated Successfully via Connected Device.
[✅ SUCCESS] Cycle #716 completed and logged to Supabase cloud!
[*] Sleeping for 10 minutes before next cycle...

[🔄 DAEMON] Executing automated cycle #717...
[*] Target Account: permanent_bot_user_717@securemail.com
[*] Network IP Rotated Successfully via Connected Device.
[✅ SUCCESS] Cycle #717 completed and logged to Supabase cloud!
[*] Sleeping for 10 minutes before next cycle...

[🔄 DAEMON] Executing automated cycle #718...
[*] Target Account: permanent_bot_user_718@securemail.com
[*] Network IP Rotated Successfully via Connected Device.
[✅ SUCCESS] Cycle #718 completed and logged to Supabase cloud!
[*] Sleeping for 10 minutes before next cycle...

[🔄 DAEMON] Executing automated cycle #719...
[*] Target Account: permanent_bot_user_719@securemail.com
[*] Network IP Rotated Successfully via Connected Device.
[✅ SUCCESS] Cycle #719 completed and logged to Supabase cloud!
[*] Sleeping for 10 minutes before next cycle...

[🔄 DAEMON] Executing automated cycle #720...
[*] Target Account: permanent_bot_user_720@securemail.com
[*] Network IP Rotated Successfully via Connected Device.
[✅ SUCCESS] Cycle #720 completed and logged to Supabase cloud!
[*] Sleeping for 10 minutes before next cycle...

[🔄 DAEMON] Executing automated cycle #721...
[*] Target Account: permanent_bot_user_721@securemail.com
[*] Network IP Rotated Successfully via Connected Device.
[✅ SUCCESS] Cycle #721 completed and logged to Supabase cloud!
[*] Sleeping for 10 minutes before next cycle...

[🔄 DAEMON] Executing automated cycle #722...
[*] Target Account: permanent_bot_user_722@securemail.com
[*] Network IP Rotated Successfully via Connected Device.
[✅ SUCCESS] Cycle #722 completed and logged to Supabase cloud!
[*] Sleeping for 10 minutes before next cycle...

[🔄 DAEMON] Executing automated cycle #723...
[*] Target Account: permanent_bot_user_723@securemail.com
[*] Network IP Rotated Successfully via Connected Device.
[✅ SUCCESS] Cycle #723 completed and logged to Supabase cloud!
[*] Sleeping for 10 minutes before next cycle...

[🔄 DAEMON] Executing automated cycle #724...
[*] Target Account: permanent_bot_user_724@securemail.com
[*] Network IP Rotated Successfully via Connected Device.
[✅ SUCCESS] Cycle #724 completed and logged to Supabase cloud!
[*] Sleeping for 10 minutes before next cycle...

[🔄 DAEMON] Executing automated cycle #725...
[*] Target Account: permanent_bot_user_725@securemail.com
[*] Network IP Rotated Successfully via Connected Device.
[✅ SUCCESS] Cycle #725 completed and logged to Supabase cloud!
[*] Sleeping for 10 minutes before next cycle...

[🔄 DAEMON] Executing automated cycle #726...
[*] Target Account: permanent_bot_user_726@securemail.com
[*] Network IP Rotated Successfully via Connected Device.
[✅ SUCCESS] Cycle #726 completed and logged to Supabase cloud!
[*] Sleeping for 10 minutes before next cycle...

[🔄 DAEMON] Executing automated cycle #727...
[*] Target Account: permanent_bot_user_727@securemail.com
[*] Network IP Rotated Successfully via Connected Device.
[✅ SUCCESS] Cycle #727 completed and logged to Supabase cloud!
[*] Sleeping for 10 minutes before next cycle...

[🔄 DAEMON] Executing automated cycle #728...
[*] Target Account: permanent_bot_user_728@securemail.com
[*] Network IP Rotated Successfully via Connected Device.
[✅ SUCCESS] Cycle #728 completed and logged to Supabase cloud!
[*] Sleeping for 10 minutes before next cycle...

[🔄 DAEMON] Executing automated cycle #729...
[*] Target Account: permanent_bot_user_729@securemail.com
[*] Network IP Rotated Successfully via Connected Device.
[✅ SUCCESS] Cycle #729 completed and logged to Supabase cloud!
[*] Sleeping for 10 minutes before next cycle...

[🔄 DAEMON] Executing automated cycle #730...
[*] Target Account: permanent_bot_user_730@securemail.com
[*] Network IP Rotated Successfully via Connected Device.
[✅ SUCCESS] Cycle #730 completed and logged to Supabase cloud!
[*] Sleeping for 10 minutes before next cycle...

[🔄 DAEMON] Executing automated cycle #731...
[*] Target Account: permanent_bot_user_731@securemail.com
[*] Network IP Rotated Successfully via Connected Device.
[✅ SUCCESS] Cycle #731 completed and logged to Supabase cloud!
[*] Sleeping for 10 minutes before next cycle...

[🔄 DAEMON] Executing automated cycle #732...
[*] Target Account: permanent_bot_user_732@securemail.com
[*] Network IP Rotated Successfully via Connected Device.
[✅ SUCCESS] Cycle #732 completed and logged to Supabase cloud!
[*] Sleeping for 10 minutes before next cycle...

[🔄 DAEMON] Executing automated cycle #733...
[*] Target Account: permanent_bot_user_733@securemail.com
[*] Network IP Rotated Successfully via Connected Device.
[✅ SUCCESS] Cycle #733 completed and logged to Supabase cloud!
[*] Sleeping for 10 minutes before next cycle...

[🔄 DAEMON] Executing automated cycle #734...
[*] Target Account: permanent_bot_user_734@securemail.com
[*] Network IP Rotated Successfully via Connected Device.
[✅ SUCCESS] Cycle #734 completed and logged to Supabase cloud!
[*] Sleeping for 10 minutes before next cycle...

[🔄 DAEMON] Executing automated cycle #735...
[*] Target Account: permanent_bot_user_735@securemail.com
[*] Network IP Rotated Successfully via Connected Device.
[✅ SUCCESS] Cycle #735 completed and logged to Supabase cloud!
[*] Sleeping for 10 minutes before next cycle...

[🔄 DAEMON] Executing automated cycle #736...
[*] Target Account: permanent_bot_user_736@securemail.com
[*] Network IP Rotated Successfully via Connected Device.
[✅ SUCCESS] Cycle #736 completed and logged to Supabase cloud!
[*] Sleeping for 10 minutes before next cycle...

[🔄 DAEMON] Executing automated cycle #737...
[*] Target Account: permanent_bot_user_737@securemail.com
[*] Network IP Rotated Successfully via Connected Device.
[✅ SUCCESS] Cycle #737 completed and logged to Supabase cloud!
[*] Sleeping for 10 minutes before next cycle...

[🔄 DAEMON] Executing automated cycle #738...
[*] Target Account: permanent_bot_user_738@securemail.com
[*] Network IP Rotated Successfully via Connected Device.
[✅ SUCCESS] Cycle #738 completed and logged to Supabase cloud!
[*] Sleeping for 10 minutes before next cycle...

[🔄 DAEMON] Executing automated cycle #739...
[*] Target Account: permanent_bot_user_739@securemail.com
[*] Network IP Rotated Successfully via Connected Device.
[✅ SUCCESS] Cycle #739 completed and logged to Supabase cloud!
[*] Sleeping for 10 minutes before next cycle...

[🔄 DAEMON] Executing automated cycle #740...
[*] Target Account: permanent_bot_user_740@securemail.com
[*] Network IP Rotated Successfully via Connected Device.
[✅ SUCCESS] Cycle #740 completed and logged to Supabase cloud!
[*] Sleeping for 10 minutes before next cycle...

[🔄 DAEMON] Executing automated cycle #741...
[*] Target Account: permanent_bot_user_741@securemail.com
[*] Network IP Rotated Successfully via Connected Device.
[✅ SUCCESS] Cycle #741 completed and logged to Supabase cloud!
[*] Sleeping for 10 minutes before next cycle...

[🔄 DAEMON] Executing automated cycle #742...
[*] Target Account: permanent_bot_user_742@securemail.com
[*] Network IP Rotated Successfully via Connected Device.
[✅ SUCCESS] Cycle #742 completed and logged to Supabase cloud!
[*] Sleeping for 10 minutes before next cycle...

[🔄 DAEMON] Executing automated cycle #743...
[*] Target Account: permanent_bot_user_743@securemail.com
[*] Network IP Rotated Successfully via Connected Device.
[✅ SUCCESS] Cycle #743 completed and logged to Supabase cloud!
[*] Sleeping for 10 minutes before next cycle...

[🔄 DAEMON] Executing automated cycle #744...
[*] Target Account: permanent_bot_user_744@securemail.com
[*] Network IP Rotated Successfully via Connected Device.
[✅ SUCCESS] Cycle #744 completed and logged to Supabase cloud!
[*] Sleeping for 10 minutes before next cycle...

[🔄 DAEMON] Executing automated cycle #745...
[*] Target Account: permanent_bot_user_745@securemail.com
[*] Network IP Rotated Successfully via Connected Device.
[✅ SUCCESS] Cycle #745 completed and logged to Supabase cloud!
[*] Sleeping for 10 minutes before next cycle...

[🔄 DAEMON] Executing automated cycle #746...
[*] Target Account: permanent_bot_user_746@securemail.com
[*] Network IP Rotated Successfully via Connected Device.
[✅ SUCCESS] Cycle #746 completed and logged to Supabase cloud!
[*] Sleeping for 10 minutes before next cycle...

[🔄 DAEMON] Executing automated cycle #747...
[*] Target Account: permanent_bot_user_747@securemail.com
[*] Network IP Rotated Successfully via Connected Device.
[✅ SUCCESS] Cycle #747 completed and logged to Supabase cloud!
[*] Sleeping for 10 minutes before next cycle...

[🔄 DAEMON] Executing automated cycle #748...
[*] Target Account: permanent_bot_user_748@securemail.com
[*] Network IP Rotated Successfully via Connected Device.
[✅ SUCCESS] Cycle #748 completed and logged to Supabase cloud!
[*] Sleeping for 10 minutes before next cycle...

[🔄 DAEMON] Executing automated cycle #749...
[*] Target Account: permanent_bot_user_749@securemail.com
[*] Network IP Rotated Successfully via Connected Device.
[✅ SUCCESS] Cycle #749 completed and logged to Supabase cloud!
[*] Sleeping for 10 minutes before next cycle...

[🔄 DAEMON] Executing automated cycle #750...
[*] Target Account: permanent_bot_user_750@securemail.com
[*] Network IP Rotated Successfully via Connected Device.
[✅ SUCCESS] Cycle #750 completed and logged to Supabase cloud!
[*] Sleeping for 10 minutes before next cycle...

[🔄 DAEMON] Executing automated cycle #751...
[*] Target Account: permanent_bot_user_751@securemail.com
[*] Network IP Rotated Successfully via Connected Device.
[✅ SUCCESS] Cycle #751 completed and logged to Supabase cloud!
[*] Sleeping for 10 minutes before next cycle...

[🔄 DAEMON] Executing automated cycle #752...
[*] Target Account: permanent_bot_user_752@securemail.com
[*] Network IP Rotated Successfully via Connected Device.
[✅ SUCCESS] Cycle #752 completed and logged to Supabase cloud!
[*] Sleeping for 10 minutes before next cycle...

[🔄 DAEMON] Executing automated cycle #753...
[*] Target Account: permanent_bot_user_753@securemail.com
[*] Network IP Rotated Successfully via Connected Device.
[✅ SUCCESS] Cycle #753 completed and logged to Supabase cloud!
[*] Sleeping for 10 minutes before next cycle...

[🔄 DAEMON] Executing automated cycle #754...
[*] Target Account: permanent_bot_user_754@securemail.com
[*] Network IP Rotated Successfully via Connected Device.
[✅ SUCCESS] Cycle #754 completed and logged to Supabase cloud!
[*] Sleeping for 10 minutes before next cycle...

[🔄 DAEMON] Executing automated cycle #755...
[*] Target Account: permanent_bot_user_755@securemail.com
[*] Network IP Rotated Successfully via Connected Device.
[✅ SUCCESS] Cycle #755 completed and logged to Supabase cloud!
[*] Sleeping for 10 minutes before next cycle...

[🔄 DAEMON] Executing automated cycle #756...
[*] Target Account: permanent_bot_user_756@securemail.com
[*] Network IP Rotated Successfully via Connected Device.
[✅ SUCCESS] Cycle #756 completed and logged to Supabase cloud!
[*] Sleeping for 10 minutes before next cycle...

[🔄 DAEMON] Executing automated cycle #757...
[*] Target Account: permanent_bot_user_757@securemail.com
[*] Network IP Rotated Successfully via Connected Device.
[✅ SUCCESS] Cycle #757 completed and logged to Supabase cloud!
[*] Sleeping for 10 minutes before next cycle...

[🔄 DAEMON] Executing automated cycle #758...
[*] Target Account: permanent_bot_user_758@securemail.com
[*] Network IP Rotated Successfully via Connected Device.
[✅ SUCCESS] Cycle #758 completed and logged to Supabase cloud!
[*] Sleeping for 10 minutes before next cycle...

[🔄 DAEMON] Executing automated cycle #759...
[*] Target Account: permanent_bot_user_759@securemail.com
[*] Network IP Rotated Successfully via Connected Device.
[✅ SUCCESS] Cycle #759 completed and logged to Supabase cloud!
[*] Sleeping for 10 minutes before next cycle...

[🔄 DAEMON] Executing automated cycle #760...
[*] Target Account: permanent_bot_user_760@securemail.com
[*] Network IP Rotated Successfully via Connected Device.
[✅ SUCCESS] Cycle #760 completed and logged to Supabase cloud!
[*] Sleeping for 10 minutes before next cycle...

[🔄 DAEMON] Executing automated cycle #761...
[*] Target Account: permanent_bot_user_761@securemail.com
[*] Network IP Rotated Successfully via Connected Device.
[✅ SUCCESS] Cycle #761 completed and logged to Supabase cloud!
[*] Sleeping for 10 minutes before next cycle...

[🔄 DAEMON] Executing automated cycle #762...
[*] Target Account: permanent_bot_user_762@securemail.com
[*] Network IP Rotated Successfully via Connected Device.
[✅ SUCCESS] Cycle #762 completed and logged to Supabase cloud!
[*] Sleeping for 10 minutes before next cycle...

[🔄 DAEMON] Executing automated cycle #763...
[*] Target Account: permanent_bot_user_763@securemail.com
[*] Network IP Rotated Successfully via Connected Device.
[✅ SUCCESS] Cycle #763 completed and logged to Supabase cloud!
[*] Sleeping for 10 minutes before next cycle...

[🔄 DAEMON] Executing automated cycle #764...
[*] Target Account: permanent_bot_user_764@securemail.com
[*] Network IP Rotated Successfully via Connected Device.
[✅ SUCCESS] Cycle #764 completed and logged to Supabase cloud!
[*] Sleeping for 10 minutes before next cycle...

[🔄 DAEMON] Executing automated cycle #765...
[*] Target Account: permanent_bot_user_765@securemail.com
[*] Network IP Rotated Successfully via Connected Device.
[✅ SUCCESS] Cycle #765 completed and logged to Supabase cloud!
[*] Sleeping for 10 minutes before next cycle...

[🔄 DAEMON] Executing automated cycle #766...
[*] Target Account: permanent_bot_user_766@securemail.com
[*] Network IP Rotated Successfully via Connected Device.
[✅ SUCCESS] Cycle #766 completed and logged to Supabase cloud!
[*] Sleeping for 10 minutes before next cycle...

[🔄 DAEMON] Executing automated cycle #767...
[*] Target Account: permanent_bot_user_767@securemail.com
[*] Network IP Rotated Successfully via Connected Device.
[✅ SUCCESS] Cycle #767 completed and logged to Supabase cloud!
[*] Sleeping for 10 minutes before next cycle...

[🔄 DAEMON] Executing automated cycle #768...
[*] Target Account: permanent_bot_user_768@securemail.com
[*] Network IP Rotated Successfully via Connected Device.
[✅ SUCCESS] Cycle #768 completed and logged to Supabase cloud!
[*] Sleeping for 10 minutes before next cycle...

[🔄 DAEMON] Executing automated cycle #769...
[*] Target Account: permanent_bot_user_769@securemail.com
[*] Network IP Rotated Successfully via Connected Device.
[✅ SUCCESS] Cycle #769 completed and logged to Supabase cloud!
[*] Sleeping for 10 minutes before next cycle...

[🔄 DAEMON] Executing automated cycle #770...
[*] Target Account: permanent_bot_user_770@securemail.com
[*] Network IP Rotated Successfully via Connected Device.
[✅ SUCCESS] Cycle #770 completed and logged to Supabase cloud!
[*] Sleeping for 10 minutes before next cycle...

[🔄 DAEMON] Executing automated cycle #771...
[*] Target Account: permanent_bot_user_771@securemail.com
[*] Network IP Rotated Successfully via Connected Device.
[✅ SUCCESS] Cycle #771 completed and logged to Supabase cloud!
[*] Sleeping for 10 minutes before next cycle...

[🔄 DAEMON] Executing automated cycle #772...
[*] Target Account: permanent_bot_user_772@securemail.com
[*] Network IP Rotated Successfully via Connected Device.
[✅ SUCCESS] Cycle #772 completed and logged to Supabase cloud!
[*] Sleeping for 10 minutes before next cycle...

[🔄 DAEMON] Executing automated cycle #773...
[*] Target Account: permanent_bot_user_773@securemail.com
[*] Network IP Rotated Successfully via Connected Device.
[✅ SUCCESS] Cycle #773 completed and logged to Supabase cloud!
[*] Sleeping for 10 minutes before next cycle...

[🔄 DAEMON] Executing automated cycle #774...
[*] Target Account: permanent_bot_user_774@securemail.com
[*] Network IP Rotated Successfully via Connected Device.
[✅ SUCCESS] Cycle #774 completed and logged to Supabase cloud!
[*] Sleeping for 10 minutes before next cycle...

[🔄 DAEMON] Executing automated cycle #775...
[*] Target Account: permanent_bot_user_775@securemail.com
[*] Network IP Rotated Successfully via Connected Device.
[✅ SUCCESS] Cycle #775 completed and logged to Supabase cloud!
[*] Sleeping for 10 minutes before next cycle...

[🔄 DAEMON] Executing automated cycle #776...
[*] Target Account: permanent_bot_user_776@securemail.com
[*] Network IP Rotated Successfully via Connected Device.
[✅ SUCCESS] Cycle #776 completed and logged to Supabase cloud!
[*] Sleeping for 10 minutes before next cycle...

[🔄 DAEMON] Executing automated cycle #777...
[*] Target Account: permanent_bot_user_777@securemail.com
[*] Network IP Rotated Successfully via Connected Device.
[✅ SUCCESS] Cycle #777 completed and logged to Supabase cloud!
[*] Sleeping for 10 minutes before next cycle...

[🔄 DAEMON] Executing automated cycle #778...
[*] Target Account: permanent_bot_user_778@securemail.com
[*] Network IP Rotated Successfully via Connected Device.
[✅ SUCCESS] Cycle #778 completed and logged to Supabase cloud!
[*] Sleeping for 10 minutes before next cycle...

[🔄 DAEMON] Executing automated cycle #779...
[*] Target Account: permanent_bot_user_779@securemail.com
[*] Network IP Rotated Successfully via Connected Device.
[✅ SUCCESS] Cycle #779 completed and logged to Supabase cloud!
[*] Sleeping for 10 minutes before next cycle...

[🔄 DAEMON] Executing automated cycle #780...
[*] Target Account: permanent_bot_user_780@securemail.com
[*] Network IP Rotated Successfully via Connected Device.
[✅ SUCCESS] Cycle #780 completed and logged to Supabase cloud!
[*] Sleeping for 10 minutes before next cycle...

[🔄 DAEMON] Executing automated cycle #781...
[*] Target Account: permanent_bot_user_781@securemail.com
[*] Network IP Rotated Successfully via Connected Device.
[✅ SUCCESS] Cycle #781 completed and logged to Supabase cloud!
[*] Sleeping for 10 minutes before next cycle...

[🔄 DAEMON] Executing automated cycle #782...
[*] Target Account: permanent_bot_user_782@securemail.com
[*] Network IP Rotated Successfully via Connected Device.
[✅ SUCCESS] Cycle #782 completed and logged to Supabase cloud!
[*] Sleeping for 10 minutes before next cycle...

[🔄 DAEMON] Executing automated cycle #783...
[*] Target Account: permanent_bot_user_783@securemail.com
[*] Network IP Rotated Successfully via Connected Device.
[✅ SUCCESS] Cycle #783 completed and logged to Supabase cloud!
[*] Sleeping for 10 minutes before next cycle...

[🔄 DAEMON] Executing automated cycle #784...
[*] Target Account: permanent_bot_user_784@securemail.com
[*] Network IP Rotated Successfully via Connected Device.
[✅ SUCCESS] Cycle #784 completed and logged to Supabase cloud!
[*] Sleeping for 10 minutes before next cycle...

[🔄 DAEMON] Executing automated cycle #785...
[*] Target Account: permanent_bot_user_785@securemail.com
[*] Network IP Rotated Successfully via Connected Device.
[✅ SUCCESS] Cycle #785 completed and logged to Supabase cloud!
[*] Sleeping for 10 minutes before next cycle...

[🔄 DAEMON] Executing automated cycle #786...
[*] Target Account: permanent_bot_user_786@securemail.com
[*] Network IP Rotated Successfully via Connected Device.
[✅ SUCCESS] Cycle #786 completed and logged to Supabase cloud!
[*] Sleeping for 10 minutes before next cycle...

[🔄 DAEMON] Executing automated cycle #787...
[*] Target Account: permanent_bot_user_787@securemail.com
[*] Network IP Rotated Successfully via Connected Device.
[✅ SUCCESS] Cycle #787 completed and logged to Supabase cloud!
[*] Sleeping for 10 minutes before next cycle...

[🔄 DAEMON] Executing automated cycle #788...
[*] Target Account: permanent_bot_user_788@securemail.com
[*] Network IP Rotated Successfully via Connected Device.
[✅ SUCCESS] Cycle #788 completed and logged to Supabase cloud!
[*] Sleeping for 10 minutes before next cycle...

[🔄 DAEMON] Executing automated cycle #789...
[*] Target Account: permanent_bot_user_789@securemail.com
[*] Network IP Rotated Successfully via Connected Device.
[✅ SUCCESS] Cycle #789 completed and logged to Supabase cloud!
[*] Sleeping for 10 minutes before next cycle...

[🔄 DAEMON] Executing automated cycle #790...
[*] Target Account: permanent_bot_user_790@securemail.com
[*] Network IP Rotated Successfully via Connected Device.
[✅ SUCCESS] Cycle #790 completed and logged to Supabase cloud!
[*] Sleeping for 10 minutes before next cycle...

[🔄 DAEMON] Executing automated cycle #791...
[*] Target Account: permanent_bot_user_791@securemail.com
[*] Network IP Rotated Successfully via Connected Device.
[✅ SUCCESS] Cycle #791 completed and logged to Supabase cloud!
[*] Sleeping for 10 minutes before next cycle...

[🔄 DAEMON] Executing automated cycle #792...
[*] Target Account: permanent_bot_user_792@securemail.com
[*] Network IP Rotated Successfully via Connected Device.
[✅ SUCCESS] Cycle #792 completed and logged to Supabase cloud!
[*] Sleeping for 10 minutes before next cycle...

[🔄 DAEMON] Executing automated cycle #793...
[*] Target Account: permanent_bot_user_793@securemail.com
[*] Network IP Rotated Successfully via Connected Device.
[✅ SUCCESS] Cycle #793 completed and logged to Supabase cloud!
[*] Sleeping for 10 minutes before next cycle...

[🔄 DAEMON] Executing automated cycle #794...
[*] Target Account: permanent_bot_user_794@securemail.com
[*] Network IP Rotated Successfully via Connected Device.
[✅ SUCCESS] Cycle #794 completed and logged to Supabase cloud!
[*] Sleeping for 10 minutes before next cycle...

[🔄 DAEMON] Executing automated cycle #795...
[*] Target Account: permanent_bot_user_795@securemail.com
[*] Network IP Rotated Successfully via Connected Device.
[✅ SUCCESS] Cycle #795 completed and logged to Supabase cloud!
[*] Sleeping for 10 minutes before next cycle...

[🔄 DAEMON] Executing automated cycle #796...
[*] Target Account: permanent_bot_user_796@securemail.com
[*] Network IP Rotated Successfully via Connected Device.
[✅ SUCCESS] Cycle #796 completed and logged to Supabase cloud!
[*] Sleeping for 10 minutes before next cycle...

[🔄 DAEMON] Executing automated cycle #797...
[*] Target Account: permanent_bot_user_797@securemail.com
[*] Network IP Rotated Successfully via Connected Device.
[✅ SUCCESS] Cycle #797 completed and logged to Supabase cloud!
[*] Sleeping for 10 minutes before next cycle...

[🔄 DAEMON] Executing automated cycle #798...
[*] Target Account: permanent_bot_user_798@securemail.com
[*] Network IP Rotated Successfully via Connected Device.
[✅ SUCCESS] Cycle #798 completed and logged to Supabase cloud!
[*] Sleeping for 10 minutes before next cycle...

[🔄 DAEMON] Executing automated cycle #799...
[*] Target Account: permanent_bot_user_799@securemail.com
[*] Network IP Rotated Successfully via Connected Device.
[✅ SUCCESS] Cycle #799 completed and logged to Supabase cloud!
[*] Sleeping for 10 minutes before next cycle...

[🔄 DAEMON] Executing automated cycle #800...
[*] Target Account: permanent_bot_user_800@securemail.com
[*] Network IP Rotated Successfully via Connected Device.
[✅ SUCCESS] Cycle #800 completed and logged to Supabase cloud!
[*] Sleeping for 10 minutes before next cycle...

[🔄 DAEMON] Executing automated cycle #801...
[*] Target Account: permanent_bot_user_801@securemail.com
[*] Network IP Rotated Successfully via Connected Device.
[✅ SUCCESS] Cycle #801 completed and logged to Supabase cloud!
[*] Sleeping for 10 minutes before next cycle...

[🔄 DAEMON] Executing automated cycle #802...
[*] Target Account: permanent_bot_user_802@securemail.com
[*] Network IP Rotated Successfully via Connected Device.
[✅ SUCCESS] Cycle #802 completed and logged to Supabase cloud!
[*] Sleeping for 10 minutes before next cycle...

[🔄 DAEMON] Executing automated cycle #803...
[*] Target Account: permanent_bot_user_803@securemail.com
[*] Network IP Rotated Successfully via Connected Device.
[✅ SUCCESS] Cycle #803 completed and logged to Supabase cloud!
[*] Sleeping for 10 minutes before next cycle...

[🔄 DAEMON] Executing automated cycle #804...
[*] Target Account: permanent_bot_user_804@securemail.com
[*] Network IP Rotated Successfully via Connected Device.
[✅ SUCCESS] Cycle #804 completed and logged to Supabase cloud!
[*] Sleeping for 10 minutes before next cycle...

[🔄 DAEMON] Executing automated cycle #805...
[*] Target Account: permanent_bot_user_805@securemail.com
[*] Network IP Rotated Successfully via Connected Device.
[✅ SUCCESS] Cycle #805 completed and logged to Supabase cloud!
[*] Sleeping for 10 minutes before next cycle...

[🔄 DAEMON] Executing automated cycle #806...
[*] Target Account: permanent_bot_user_806@securemail.com
[*] Network IP Rotated Successfully via Connected Device.
[✅ SUCCESS] Cycle #806 completed and logged to Supabase cloud!
[*] Sleeping for 10 minutes before next cycle...

[🔄 DAEMON] Executing automated cycle #807...
[*] Target Account: permanent_bot_user_807@securemail.com
[*] Network IP Rotated Successfully via Connected Device.
[✅ SUCCESS] Cycle #807 completed and logged to Supabase cloud!
[*] Sleeping for 10 minutes before next cycle...

[🔄 DAEMON] Executing automated cycle #808...
[*] Target Account: permanent_bot_user_808@securemail.com
[*] Network IP Rotated Successfully via Connected Device.
[✅ SUCCESS] Cycle #808 completed and logged to Supabase cloud!
[*] Sleeping for 10 minutes before next cycle...

[🔄 DAEMON] Executing automated cycle #809...
[*] Target Account: permanent_bot_user_809@securemail.com
[*] Network IP Rotated Successfully via Connected Device.
[✅ SUCCESS] Cycle #809 completed and logged to Supabase cloud!
[*] Sleeping for 10 minutes before next cycle...

[🔄 DAEMON] Executing automated cycle #810...
[*] Target Account: permanent_bot_user_810@securemail.com
[*] Network IP Rotated Successfully via Connected Device.
[✅ SUCCESS] Cycle #810 completed and logged to Supabase cloud!
[*] Sleeping for 10 minutes before next cycle...

[🔄 DAEMON] Executing automated cycle #811...
[*] Target Account: permanent_bot_user_811@securemail.com
[*] Network IP Rotated Successfully via Connected Device.
[✅ SUCCESS] Cycle #811 completed and logged to Supabase cloud!
[*] Sleeping for 10 minutes before next cycle...

[🔄 DAEMON] Executing automated cycle #812...
[*] Target Account: permanent_bot_user_812@securemail.com
[*] Network IP Rotated Successfully via Connected Device.
[✅ SUCCESS] Cycle #812 completed and logged to Supabase cloud!
[*] Sleeping for 10 minutes before next cycle...

[🔄 DAEMON] Executing automated cycle #813...
[*] Target Account: permanent_bot_user_813@securemail.com
[*] Network IP Rotated Successfully via Connected Device.
[✅ SUCCESS] Cycle #813 completed and logged to Supabase cloud!
[*] Sleeping for 10 minutes before next cycle...

[🔄 DAEMON] Executing automated cycle #814...
[*] Target Account: permanent_bot_user_814@securemail.com
[*] Network IP Rotated Successfully via Connected Device.
[✅ SUCCESS] Cycle #814 completed and logged to Supabase cloud!
[*] Sleeping for 10 minutes before next cycle...

[🔄 DAEMON] Executing automated cycle #815...
[*] Target Account: permanent_bot_user_815@securemail.com
[*] Network IP Rotated Successfully via Connected Device.
[✅ SUCCESS] Cycle #815 completed and logged to Supabase cloud!
[*] Sleeping for 10 minutes before next cycle...

[🔄 DAEMON] Executing automated cycle #816...
[*] Target Account: permanent_bot_user_816@securemail.com
[*] Network IP Rotated Successfully via Connected Device.
[✅ SUCCESS] Cycle #816 completed and logged to Supabase cloud!
[*] Sleeping for 10 minutes before next cycle...

[🔄 DAEMON] Executing automated cycle #817...
[*] Target Account: permanent_bot_user_817@securemail.com
[*] Network IP Rotated Successfully via Connected Device.
[✅ SUCCESS] Cycle #817 completed and logged to Supabase cloud!
[*] Sleeping for 10 minutes before next cycle...

[🔄 DAEMON] Executing automated cycle #818...
[*] Target Account: permanent_bot_user_818@securemail.com
[*] Network IP Rotated Successfully via Connected Device.
[✅ SUCCESS] Cycle #818 completed and logged to Supabase cloud!
[*] Sleeping for 10 minutes before next cycle...

[🔄 DAEMON] Executing automated cycle #819...
[*] Target Account: permanent_bot_user_819@securemail.com
[*] Network IP Rotated Successfully via Connected Device.
[✅ SUCCESS] Cycle #819 completed and logged to Supabase cloud!
[*] Sleeping for 10 minutes before next cycle...

[🔄 DAEMON] Executing automated cycle #820...
[*] Target Account: permanent_bot_user_820@securemail.com
[*] Network IP Rotated Successfully via Connected Device.
[✅ SUCCESS] Cycle #820 completed and logged to Supabase cloud!
[*] Sleeping for 10 minutes before next cycle...

[🔄 DAEMON] Executing automated cycle #821...
[*] Target Account: permanent_bot_user_821@securemail.com
[*] Network IP Rotated Successfully via Connected Device.
[✅ SUCCESS] Cycle #821 completed and logged to Supabase cloud!
[*] Sleeping for 10 minutes before next cycle...

[🔄 DAEMON] Executing automated cycle #822...
[*] Target Account: permanent_bot_user_822@securemail.com
[*] Network IP Rotated Successfully via Connected Device.
[✅ SUCCESS] Cycle #822 completed and logged to Supabase cloud!
[*] Sleeping for 10 minutes before next cycle...

[🔄 DAEMON] Executing automated cycle #823...
[*] Target Account: permanent_bot_user_823@securemail.com
[*] Network IP Rotated Successfully via Connected Device.
[✅ SUCCESS] Cycle #823 completed and logged to Supabase cloud!
[*] Sleeping for 10 minutes before next cycle...

[🔄 DAEMON] Executing automated cycle #824...
[*] Target Account: permanent_bot_user_824@securemail.com
[*] Network IP Rotated Successfully via Connected Device.
[✅ SUCCESS] Cycle #824 completed and logged to Supabase cloud!
[*] Sleeping for 10 minutes before next cycle...

[🔄 DAEMON] Executing automated cycle #825...
[*] Target Account: permanent_bot_user_825@securemail.com
[*] Network IP Rotated Successfully via Connected Device.
[✅ SUCCESS] Cycle #825 completed and logged to Supabase cloud!
[*] Sleeping for 10 minutes before next cycle...

[🔄 DAEMON] Executing automated cycle #826...
[*] Target Account: permanent_bot_user_826@securemail.com
[*] Network IP Rotated Successfully via Connected Device.
[✅ SUCCESS] Cycle #826 completed and logged to Supabase cloud!
[*] Sleeping for 10 minutes before next cycle...

[🔄 DAEMON] Executing automated cycle #827...
[*] Target Account: permanent_bot_user_827@securemail.com
[*] Network IP Rotated Successfully via Connected Device.
[✅ SUCCESS] Cycle #827 completed and logged to Supabase cloud!
[*] Sleeping for 10 minutes before next cycle...

[🔄 DAEMON] Executing automated cycle #828...
[*] Target Account: permanent_bot_user_828@securemail.com
[*] Network IP Rotated Successfully via Connected Device.
[✅ SUCCESS] Cycle #828 completed and logged to Supabase cloud!
[*] Sleeping for 10 minutes before next cycle...

[🔄 DAEMON] Executing automated cycle #829...
[*] Target Account: permanent_bot_user_829@securemail.com
[*] Network IP Rotated Successfully via Connected Device.
[✅ SUCCESS] Cycle #829 completed and logged to Supabase cloud!
[*] Sleeping for 10 minutes before next cycle...

[🔄 DAEMON] Executing automated cycle #830...
[*] Target Account: permanent_bot_user_830@securemail.com
[*] Network IP Rotated Successfully via Connected Device.
[✅ SUCCESS] Cycle #830 completed and logged to Supabase cloud!
[*] Sleeping for 10 minutes before next cycle...

[🔄 DAEMON] Executing automated cycle #831...
[*] Target Account: permanent_bot_user_831@securemail.com
[*] Network IP Rotated Successfully via Connected Device.
[✅ SUCCESS] Cycle #831 completed and logged to Supabase cloud!
[*] Sleeping for 10 minutes before next cycle...

[🔄 DAEMON] Executing automated cycle #832...
[*] Target Account: permanent_bot_user_832@securemail.com
[*] Network IP Rotated Successfully via Connected Device.
[✅ SUCCESS] Cycle #832 completed and logged to Supabase cloud!
[*] Sleeping for 10 minutes before next cycle...

[🔄 DAEMON] Executing automated cycle #833...
[*] Target Account: permanent_bot_user_833@securemail.com
[*] Network IP Rotated Successfully via Connected Device.
[✅ SUCCESS] Cycle #833 completed and logged to Supabase cloud!
[*] Sleeping for 10 minutes before next cycle...

[🔄 DAEMON] Executing automated cycle #834...
[*] Target Account: permanent_bot_user_834@securemail.com
[*] Network IP Rotated Successfully via Connected Device.
[✅ SUCCESS] Cycle #834 completed and logged to Supabase cloud!
[*] Sleeping for 10 minutes before next cycle...

[🔄 DAEMON] Executing automated cycle #835...
[*] Target Account: permanent_bot_user_835@securemail.com
[*] Network IP Rotated Successfully via Connected Device.
[✅ SUCCESS] Cycle #835 completed and logged to Supabase cloud!
[*] Sleeping for 10 minutes before next cycle...

[🔄 DAEMON] Executing automated cycle #836...
[*] Target Account: permanent_bot_user_836@securemail.com
[*] Network IP Rotated Successfully via Connected Device.
[✅ SUCCESS] Cycle #836 completed and logged to Supabase cloud!
[*] Sleeping for 10 minutes before next cycle...

[🔄 DAEMON] Executing automated cycle #837...
[*] Target Account: permanent_bot_user_837@securemail.com
[*] Network IP Rotated Successfully via Connected Device.
[✅ SUCCESS] Cycle #837 completed and logged to Supabase cloud!
[*] Sleeping for 10 minutes before next cycle...

[🔄 DAEMON] Executing automated cycle #838...
[*] Target Account: permanent_bot_user_838@securemail.com
[*] Network IP Rotated Successfully via Connected Device.
[✅ SUCCESS] Cycle #838 completed and logged to Supabase cloud!
[*] Sleeping for 10 minutes before next cycle...

[🔄 DAEMON] Executing automated cycle #839...
[*] Target Account: permanent_bot_user_839@securemail.com
[*] Network IP Rotated Successfully via Connected Device.
[✅ SUCCESS] Cycle #839 completed and logged to Supabase cloud!
[*] Sleeping for 10 minutes before next cycle...

[🔄 DAEMON] Executing automated cycle #840...
[*] Target Account: permanent_bot_user_840@securemail.com
[*] Network IP Rotated Successfully via Connected Device.
[✅ SUCCESS] Cycle #840 completed and logged to Supabase cloud!
[*] Sleeping for 10 minutes before next cycle...

[🔄 DAEMON] Executing automated cycle #841...
[*] Target Account: permanent_bot_user_841@securemail.com
[*] Network IP Rotated Successfully via Connected Device.
[✅ SUCCESS] Cycle #841 completed and logged to Supabase cloud!
[*] Sleeping for 10 minutes before next cycle...

[🔄 DAEMON] Executing automated cycle #842...
[*] Target Account: permanent_bot_user_842@securemail.com
[*] Network IP Rotated Successfully via Connected Device.
[✅ SUCCESS] Cycle #842 completed and logged to Supabase cloud!
[*] Sleeping for 10 minutes before next cycle...

[🔄 DAEMON] Executing automated cycle #843...
[*] Target Account: permanent_bot_user_843@securemail.com
[*] Network IP Rotated Successfully via Connected Device.
[✅ SUCCESS] Cycle #843 completed and logged to Supabase cloud!
[*] Sleeping for 10 minutes before next cycle...

[🔄 DAEMON] Executing automated cycle #844...
[*] Target Account: permanent_bot_user_844@securemail.com
[*] Network IP Rotated Successfully via Connected Device.
[✅ SUCCESS] Cycle #844 completed and logged to Supabase cloud!
[*] Sleeping for 10 minutes before next cycle...

[🔄 DAEMON] Executing automated cycle #845...
[*] Target Account: permanent_bot_user_845@securemail.com
[*] Network IP Rotated Successfully via Connected Device.
[✅ SUCCESS] Cycle #845 completed and logged to Supabase cloud!
[*] Sleeping for 10 minutes before next cycle...

[🔄 DAEMON] Executing automated cycle #846...
[*] Target Account: permanent_bot_user_846@securemail.com
[*] Network IP Rotated Successfully via Connected Device.
[✅ SUCCESS] Cycle #846 completed and logged to Supabase cloud!
[*] Sleeping for 10 minutes before next cycle...

[🔄 DAEMON] Executing automated cycle #847...
[*] Target Account: permanent_bot_user_847@securemail.com
[*] Network IP Rotated Successfully via Connected Device.
[✅ SUCCESS] Cycle #847 completed and logged to Supabase cloud!
[*] Sleeping for 10 minutes before next cycle...

[🔄 DAEMON] Executing automated cycle #848...
[*] Target Account: permanent_bot_user_848@securemail.com
[*] Network IP Rotated Successfully via Connected Device.
[✅ SUCCESS] Cycle #848 completed and logged to Supabase cloud!
[*] Sleeping for 10 minutes before next cycle...

[🔄 DAEMON] Executing automated cycle #849...
[*] Target Account: permanent_bot_user_849@securemail.com
[*] Network IP Rotated Successfully via Connected Device.
[✅ SUCCESS] Cycle #849 completed and logged to Supabase cloud!
[*] Sleeping for 10 minutes before next cycle...

[🔄 DAEMON] Executing automated cycle #850...
[*] Target Account: permanent_bot_user_850@securemail.com
[*] Network IP Rotated Successfully via Connected Device.
[✅ SUCCESS] Cycle #850 completed and logged to Supabase cloud!
[*] Sleeping for 10 minutes before next cycle...

[🔄 DAEMON] Executing automated cycle #851...
[*] Target Account: permanent_bot_user_851@securemail.com
[*] Network IP Rotated Successfully via Connected Device.
[✅ SUCCESS] Cycle #851 completed and logged to Supabase cloud!
[*] Sleeping for 10 minutes before next cycle...

[🔄 DAEMON] Executing automated cycle #852...
[*] Target Account: permanent_bot_user_852@securemail.com
[*] Network IP Rotated Successfully via Connected Device.
[✅ SUCCESS] Cycle #852 completed and logged to Supabase cloud!
[*] Sleeping for 10 minutes before next cycle...

[🔄 DAEMON] Executing automated cycle #853...
[*] Target Account: permanent_bot_user_853@securemail.com
[*] Network IP Rotated Successfully via Connected Device.
[✅ SUCCESS] Cycle #853 completed and logged to Supabase cloud!
[*] Sleeping for 10 minutes before next cycle...

[🔄 DAEMON] Executing automated cycle #854...
[*] Target Account: permanent_bot_user_854@securemail.com
[*] Network IP Rotated Successfully via Connected Device.
[✅ SUCCESS] Cycle #854 completed and logged to Supabase cloud!
[*] Sleeping for 10 minutes before next cycle...

[🔄 DAEMON] Executing automated cycle #855...
[*] Target Account: permanent_bot_user_855@securemail.com
[*] Network IP Rotated Successfully via Connected Device.
[✅ SUCCESS] Cycle #855 completed and logged to Supabase cloud!
[*] Sleeping for 10 minutes before next cycle...

[🔄 DAEMON] Executing automated cycle #856...
[*] Target Account: permanent_bot_user_856@securemail.com
[*] Network IP Rotated Successfully via Connected Device.
[✅ SUCCESS] Cycle #856 completed and logged to Supabase cloud!
[*] Sleeping for 10 minutes before next cycle...

[🔄 DAEMON] Executing automated cycle #857...
[*] Target Account: permanent_bot_user_857@securemail.com
[*] Network IP Rotated Successfully via Connected Device.
[✅ SUCCESS] Cycle #857 completed and logged to Supabase cloud!
[*] Sleeping for 10 minutes before next cycle...

[🔄 DAEMON] Executing automated cycle #858...
[*] Target Account: permanent_bot_user_858@securemail.com
[*] Network IP Rotated Successfully via Connected Device.
[✅ SUCCESS] Cycle #858 completed and logged to Supabase cloud!
[*] Sleeping for 10 minutes before next cycle...

[🔄 DAEMON] Executing automated cycle #859...
[*] Target Account: permanent_bot_user_859@securemail.com
[*] Network IP Rotated Successfully via Connected Device.
[✅ SUCCESS] Cycle #859 completed and logged to Supabase cloud!
[*] Sleeping for 10 minutes before next cycle...

[🔄 DAEMON] Executing automated cycle #860...
[*] Target Account: permanent_bot_user_860@securemail.com
[*] Network IP Rotated Successfully via Connected Device.
[✅ SUCCESS] Cycle #860 completed and logged to Supabase cloud!
[*] Sleeping for 10 minutes before next cycle...

[🔄 DAEMON] Executing automated cycle #861...
[*] Target Account: permanent_bot_user_861@securemail.com
[*] Network IP Rotated Successfully via Connected Device.
[✅ SUCCESS] Cycle #861 completed and logged to Supabase cloud!
[*] Sleeping for 10 minutes before next cycle...

[🔄 DAEMON] Executing automated cycle #862...
[*] Target Account: permanent_bot_user_862@securemail.com
[*] Network IP Rotated Successfully via Connected Device.
[✅ SUCCESS] Cycle #862 completed and logged to Supabase cloud!
[*] Sleeping for 10 minutes before next cycle...

[🔄 DAEMON] Executing automated cycle #863...
[*] Target Account: permanent_bot_user_863@securemail.com
[*] Network IP Rotated Successfully via Connected Device.
[✅ SUCCESS] Cycle #863 completed and logged to Supabase cloud!
[*] Sleeping for 10 minutes before next cycle...

[🔄 DAEMON] Executing automated cycle #864...
[*] Target Account: permanent_bot_user_864@securemail.com
[*] Network IP Rotated Successfully via Connected Device.
[✅ SUCCESS] Cycle #864 completed and logged to Supabase cloud!
[*] Sleeping for 10 minutes before next cycle...

[🔄 DAEMON] Executing automated cycle #865...
[*] Target Account: permanent_bot_user_865@securemail.com
[*] Network IP Rotated Successfully via Connected Device.
[✅ SUCCESS] Cycle #865 completed and logged to Supabase cloud!
[*] Sleeping for 10 minutes before next cycle...

[🔄 DAEMON] Executing automated cycle #866...
[*] Target Account: permanent_bot_user_866@securemail.com
[*] Network IP Rotated Successfully via Connected Device.
[✅ SUCCESS] Cycle #866 completed and logged to Supabase cloud!
[*] Sleeping for 10 minutes before next cycle...

[🔄 DAEMON] Executing automated cycle #867...
[*] Target Account: permanent_bot_user_867@securemail.com
[*] Network IP Rotated Successfully via Connected Device.
[✅ SUCCESS] Cycle #867 completed and logged to Supabase cloud!
[*] Sleeping for 10 minutes before next cycle...

[🔄 DAEMON] Executing automated cycle #868...
[*] Target Account: permanent_bot_user_868@securemail.com
[*] Network IP Rotated Successfully via Connected Device.
[✅ SUCCESS] Cycle #868 completed and logged to Supabase cloud!
[*] Sleeping for 10 minutes before next cycle...

[🔄 DAEMON] Executing automated cycle #869...
[*] Target Account: permanent_bot_user_869@securemail.com
[*] Network IP Rotated Successfully via Connected Device.
[✅ SUCCESS] Cycle #869 completed and logged to Supabase cloud!
[*] Sleeping for 10 minutes before next cycle...

[🔄 DAEMON] Executing automated cycle #870...
[*] Target Account: permanent_bot_user_870@securemail.com
[*] Network IP Rotated Successfully via Connected Device.
[✅ SUCCESS] Cycle #870 completed and logged to Supabase cloud!
[*] Sleeping for 10 minutes before next cycle...

[🔄 DAEMON] Executing automated cycle #871...
[*] Target Account: permanent_bot_user_871@securemail.com
[*] Network IP Rotated Successfully via Connected Device.
[✅ SUCCESS] Cycle #871 completed and logged to Supabase cloud!
[*] Sleeping for 10 minutes before next cycle...

[🔄 DAEMON] Executing automated cycle #872...
[*] Target Account: permanent_bot_user_872@securemail.com
[*] Network IP Rotated Successfully via Connected Device.
[✅ SUCCESS] Cycle #872 completed and logged to Supabase cloud!
[*] Sleeping for 10 minutes before next cycle...

[🔄 DAEMON] Executing automated cycle #873...
[*] Target Account: permanent_bot_user_873@securemail.com
[*] Network IP Rotated Successfully via Connected Device.
[✅ SUCCESS] Cycle #873 completed and logged to Supabase cloud!
[*] Sleeping for 10 minutes before next cycle...

[🔄 DAEMON] Executing automated cycle #874...
[*] Target Account: permanent_bot_user_874@securemail.com
[*] Network IP Rotated Successfully via Connected Device.
[✅ SUCCESS] Cycle #874 completed and logged to Supabase cloud!
[*] Sleeping for 10 minutes before next cycle...

[🔄 DAEMON] Executing automated cycle #875...
[*] Target Account: permanent_bot_user_875@securemail.com
[*] Network IP Rotated Successfully via Connected Device.
[✅ SUCCESS] Cycle #875 completed and logged to Supabase cloud!
[*] Sleeping for 10 minutes before next cycle...

[🔄 DAEMON] Executing automated cycle #876...
[*] Target Account: permanent_bot_user_876@securemail.com
[*] Network IP Rotated Successfully via Connected Device.
[✅ SUCCESS] Cycle #876 completed and logged to Supabase cloud!
[*] Sleeping for 10 minutes before next cycle...

[🔄 DAEMON] Executing automated cycle #877...
[*] Target Account: permanent_bot_user_877@securemail.com
[*] Network IP Rotated Successfully via Connected Device.
[✅ SUCCESS] Cycle #877 completed and logged to Supabase cloud!
[*] Sleeping for 10 minutes before next cycle...

[🔄 DAEMON] Executing automated cycle #878...
[*] Target Account: permanent_bot_user_878@securemail.com
[*] Network IP Rotated Successfully via Connected Device.
[✅ SUCCESS] Cycle #878 completed and logged to Supabase cloud!
[*] Sleeping for 10 minutes before next cycle...

[🔄 DAEMON] Executing automated cycle #879...
[*] Target Account: permanent_bot_user_879@securemail.com
[*] Network IP Rotated Successfully via Connected Device.
[✅ SUCCESS] Cycle #879 completed and logged to Supabase cloud!
[*] Sleeping for 10 minutes before next cycle...

[🔄 DAEMON] Executing automated cycle #880...
[*] Target Account: permanent_bot_user_880@securemail.com
[*] Network IP Rotated Successfully via Connected Device.
[✅ SUCCESS] Cycle #880 completed and logged to Supabase cloud!
[*] Sleeping for 10 minutes before next cycle...

[🔄 DAEMON] Executing automated cycle #881...
[*] Target Account: permanent_bot_user_881@securemail.com
[*] Network IP Rotated Successfully via Connected Device.
[✅ SUCCESS] Cycle #881 completed and logged to Supabase cloud!
[*] Sleeping for 10 minutes before next cycle...

[🔄 DAEMON] Executing automated cycle #882...
[*] Target Account: permanent_bot_user_882@securemail.com
[*] Network IP Rotated Successfully via Connected Device.
[✅ SUCCESS] Cycle #882 completed and logged to Supabase cloud!
[*] Sleeping for 10 minutes before next cycle...

[🔄 DAEMON] Executing automated cycle #883...
[*] Target Account: permanent_bot_user_883@securemail.com
[*] Network IP Rotated Successfully via Connected Device.
[✅ SUCCESS] Cycle #883 completed and logged to Supabase cloud!
[*] Sleeping for 10 minutes before next cycle...

[🔄 DAEMON] Executing automated cycle #884...
[*] Target Account: permanent_bot_user_884@securemail.com
[*] Network IP Rotated Successfully via Connected Device.
[✅ SUCCESS] Cycle #884 completed and logged to Supabase cloud!
[*] Sleeping for 10 minutes before next cycle...

[🔄 DAEMON] Executing automated cycle #885...
[*] Target Account: permanent_bot_user_885@securemail.com
[*] Network IP Rotated Successfully via Connected Device.
[✅ SUCCESS] Cycle #885 completed and logged to Supabase cloud!
[*] Sleeping for 10 minutes before next cycle...

[🔄 DAEMON] Executing automated cycle #886...
[*] Target Account: permanent_bot_user_886@securemail.com
[*] Network IP Rotated Successfully via Connected Device.
[✅ SUCCESS] Cycle #886 completed and logged to Supabase cloud!
[*] Sleeping for 10 minutes before next cycle...

[🔄 DAEMON] Executing automated cycle #887...
[*] Target Account: permanent_bot_user_887@securemail.com
[*] Network IP Rotated Successfully via Connected Device.
[✅ SUCCESS] Cycle #887 completed and logged to Supabase cloud!
[*] Sleeping for 10 minutes before next cycle...

[🔄 DAEMON] Executing automated cycle #888...
[*] Target Account: permanent_bot_user_888@securemail.com
[*] Network IP Rotated Successfully via Connected Device.
[✅ SUCCESS] Cycle #888 completed and logged to Supabase cloud!
[*] Sleeping for 10 minutes before next cycle...

[🔄 DAEMON] Executing automated cycle #889...
[*] Target Account: permanent_bot_user_889@securemail.com
[*] Network IP Rotated Successfully via Connected Device.
[✅ SUCCESS] Cycle #889 completed and logged to Supabase cloud!
[*] Sleeping for 10 minutes before next cycle...

[🔄 DAEMON] Executing automated cycle #890...
[*] Target Account: permanent_bot_user_890@securemail.com
[*] Network IP Rotated Successfully via Connected Device.
[✅ SUCCESS] Cycle #890 completed and logged to Supabase cloud!
[*] Sleeping for 10 minutes before next cycle...

[🔄 DAEMON] Executing automated cycle #891...
[*] Target Account: permanent_bot_user_891@securemail.com
[*] Network IP Rotated Successfully via Connected Device.
[✅ SUCCESS] Cycle #891 completed and logged to Supabase cloud!
[*] Sleeping for 10 minutes before next cycle...

[🔄 DAEMON] Executing automated cycle #892...
[*] Target Account: permanent_bot_user_892@securemail.com
[*] Network IP Rotated Successfully via Connected Device.
[✅ SUCCESS] Cycle #892 completed and logged to Supabase cloud!
[*] Sleeping for 10 minutes before next cycle...

[🔄 DAEMON] Executing automated cycle #893...
[*] Target Account: permanent_bot_user_893@securemail.com
[*] Network IP Rotated Successfully via Connected Device.
[✅ SUCCESS] Cycle #893 completed and logged to Supabase cloud!
[*] Sleeping for 10 minutes before next cycle...

[🔄 DAEMON] Executing automated cycle #894...
[*] Target Account: permanent_bot_user_894@securemail.com
[*] Network IP Rotated Successfully via Connected Device.
[✅ SUCCESS] Cycle #894 completed and logged to Supabase cloud!
[*] Sleeping for 10 minutes before next cycle...

[🔄 DAEMON] Executing automated cycle #895...
[*] Target Account: permanent_bot_user_895@securemail.com
[*] Network IP Rotated Successfully via Connected Device.
[✅ SUCCESS] Cycle #895 completed and logged to Supabase cloud!
[*] Sleeping for 10 minutes before next cycle...

[🔄 DAEMON] Executing automated cycle #896...
[*] Target Account: permanent_bot_user_896@securemail.com
[*] Network IP Rotated Successfully via Connected Device.
[✅ SUCCESS] Cycle #896 completed and logged to Supabase cloud!
[*] Sleeping for 10 minutes before next cycle...

[🔄 DAEMON] Executing automated cycle #897...
[*] Target Account: permanent_bot_user_897@securemail.com
[*] Network IP Rotated Successfully via Connected Device.
[✅ SUCCESS] Cycle #897 completed and logged to Supabase cloud!
[*] Sleeping for 10 minutes before next cycle...

[🔄 DAEMON] Executing automated cycle #898...
[*] Target Account: permanent_bot_user_898@securemail.com
[*] Network IP Rotated Successfully via Connected Device.
[✅ SUCCESS] Cycle #898 completed and logged to Supabase cloud!
[*] Sleeping for 10 minutes before next cycle...

[🔄 DAEMON] Executing automated cycle #899...
[*] Target Account: permanent_bot_user_899@securemail.com
[*] Network IP Rotated Successfully via Connected Device.
[✅ SUCCESS] Cycle #899 completed and logged to Supabase cloud!
[*] Sleeping for 10 minutes before next cycle...

[🔄 DAEMON] Executing automated cycle #900...
[*] Target Account: permanent_bot_user_900@securemail.com
[*] Network IP Rotated Successfully via Connected Device.
[✅ SUCCESS] Cycle #900 completed and logged to Supabase cloud!
[*] Sleeping for 10 minutes before next cycle...

[🔄 DAEMON] Executing automated cycle #901...
[*] Target Account: permanent_bot_user_901@securemail.com
[*] Network IP Rotated Successfully via Connected Device.
[✅ SUCCESS] Cycle #901 completed and logged to Supabase cloud!
[*] Sleeping for 10 minutes before next cycle...

[🔄 DAEMON] Executing automated cycle #902...
[*] Target Account: permanent_bot_user_902@securemail.com
[*] Network IP Rotated Successfully via Connected Device.
[✅ SUCCESS] Cycle #902 completed and logged to Supabase cloud!
[*] Sleeping for 10 minutes before next cycle...

[🔄 DAEMON] Executing automated cycle #903...
[*] Target Account: permanent_bot_user_903@securemail.com
[*] Network IP Rotated Successfully via Connected Device.
[✅ SUCCESS] Cycle #903 completed and logged to Supabase cloud!
[*] Sleeping for 10 minutes before next cycle...

[🔄 DAEMON] Executing automated cycle #904...
[*] Target Account: permanent_bot_user_904@securemail.com
[*] Network IP Rotated Successfully via Connected Device.
[✅ SUCCESS] Cycle #904 completed and logged to Supabase cloud!
[*] Sleeping for 10 minutes before next cycle...

[🔄 DAEMON] Executing automated cycle #905...
[*] Target Account: permanent_bot_user_905@securemail.com
[*] Network IP Rotated Successfully via Connected Device.
[✅ SUCCESS] Cycle #905 completed and logged to Supabase cloud!
[*] Sleeping for 10 minutes before next cycle...

[🔄 DAEMON] Executing automated cycle #906...
[*] Target Account: permanent_bot_user_906@securemail.com
[*] Network IP Rotated Successfully via Connected Device.
[✅ SUCCESS] Cycle #906 completed and logged to Supabase cloud!
[*] Sleeping for 10 minutes before next cycle...

[🔄 DAEMON] Executing automated cycle #907...
[*] Target Account: permanent_bot_user_907@securemail.com
[*] Network IP Rotated Successfully via Connected Device.
[✅ SUCCESS] Cycle #907 completed and logged to Supabase cloud!
[*] Sleeping for 10 minutes before next cycle...

[🔄 DAEMON] Executing automated cycle #908...
[*] Target Account: permanent_bot_user_908@securemail.com
[*] Network IP Rotated Successfully via Connected Device.
[✅ SUCCESS] Cycle #908 completed and logged to Supabase cloud!
[*] Sleeping for 10 minutes before next cycle...

[🔄 DAEMON] Executing automated cycle #909...
[*] Target Account: permanent_bot_user_909@securemail.com
[*] Network IP Rotated Successfully via Connected Device.
[✅ SUCCESS] Cycle #909 completed and logged to Supabase cloud!
[*] Sleeping for 10 minutes before next cycle...

[🔄 DAEMON] Executing automated cycle #910...
[*] Target Account: permanent_bot_user_910@securemail.com
[*] Network IP Rotated Successfully via Connected Device.
[✅ SUCCESS] Cycle #910 completed and logged to Supabase cloud!
[*] Sleeping for 10 minutes before next cycle...

[🔄 DAEMON] Executing automated cycle #911...
[*] Target Account: permanent_bot_user_911@securemail.com
[*] Network IP Rotated Successfully via Connected Device.
[✅ SUCCESS] Cycle #911 completed and logged to Supabase cloud!
[*] Sleeping for 10 minutes before next cycle...

[🔄 DAEMON] Executing automated cycle #912...
[*] Target Account: permanent_bot_user_912@securemail.com
[*] Network IP Rotated Successfully via Connected Device.
[✅ SUCCESS] Cycle #912 completed and logged to Supabase cloud!
[*] Sleeping for 10 minutes before next cycle...

[🔄 DAEMON] Executing automated cycle #913...
[*] Target Account: permanent_bot_user_913@securemail.com
[*] Network IP Rotated Successfully via Connected Device.
[✅ SUCCESS] Cycle #913 completed and logged to Supabase cloud!
[*] Sleeping for 10 minutes before next cycle...

[🔄 DAEMON] Executing automated cycle #914...
[*] Target Account: permanent_bot_user_914@securemail.com
[*] Network IP Rotated Successfully via Connected Device.
[✅ SUCCESS] Cycle #914 completed and logged to Supabase cloud!
[*] Sleeping for 10 minutes before next cycle...

[🔄 DAEMON] Executing automated cycle #915...
[*] Target Account: permanent_bot_user_915@securemail.com
[*] Network IP Rotated Successfully via Connected Device.
[✅ SUCCESS] Cycle #915 completed and logged to Supabase cloud!
[*] Sleeping for 10 minutes before next cycle...

[🔄 DAEMON] Executing automated cycle #916...
[*] Target Account: permanent_bot_user_916@securemail.com
[*] Network IP Rotated Successfully via Connected Device.
[✅ SUCCESS] Cycle #916 completed and logged to Supabase cloud!
[*] Sleeping for 10 minutes before next cycle...

[🔄 DAEMON] Executing automated cycle #917...
[*] Target Account: permanent_bot_user_917@securemail.com
[*] Network IP Rotated Successfully via Connected Device.
[✅ SUCCESS] Cycle #917 completed and logged to Supabase cloud!
[*] Sleeping for 10 minutes before next cycle...

[🔄 DAEMON] Executing automated cycle #918...
[*] Target Account: permanent_bot_user_918@securemail.com
[*] Network IP Rotated Successfully via Connected Device.
[✅ SUCCESS] Cycle #918 completed and logged to Supabase cloud!
[*] Sleeping for 10 minutes before next cycle...

[🔄 DAEMON] Executing automated cycle #919...
[*] Target Account: permanent_bot_user_919@securemail.com
[*] Network IP Rotated Successfully via Connected Device.
[✅ SUCCESS] Cycle #919 completed and logged to Supabase cloud!
[*] Sleeping for 10 minutes before next cycle...

[🔄 DAEMON] Executing automated cycle #920...
[*] Target Account: permanent_bot_user_920@securemail.com
[*] Network IP Rotated Successfully via Connected Device.
[✅ SUCCESS] Cycle #920 completed and logged to Supabase cloud!
[*] Sleeping for 10 minutes before next cycle...

[🔄 DAEMON] Executing automated cycle #921...
[*] Target Account: permanent_bot_user_921@securemail.com
[*] Network IP Rotated Successfully via Connected Device.
[✅ SUCCESS] Cycle #921 completed and logged to Supabase cloud!
[*] Sleeping for 10 minutes before next cycle...

[🔄 DAEMON] Executing automated cycle #922...
[*] Target Account: permanent_bot_user_922@securemail.com
[*] Network IP Rotated Successfully via Connected Device.
[✅ SUCCESS] Cycle #922 completed and logged to Supabase cloud!
[*] Sleeping for 10 minutes before next cycle...

[🔄 DAEMON] Executing automated cycle #923...
[*] Target Account: permanent_bot_user_923@securemail.com
[*] Network IP Rotated Successfully via Connected Device.
[✅ SUCCESS] Cycle #923 completed and logged to Supabase cloud!
[*] Sleeping for 10 minutes before next cycle...

[🔄 DAEMON] Executing automated cycle #924...
[*] Target Account: permanent_bot_user_924@securemail.com
[*] Network IP Rotated Successfully via Connected Device.
[✅ SUCCESS] Cycle #924 completed and logged to Supabase cloud!
[*] Sleeping for 10 minutes before next cycle...

[🔄 DAEMON] Executing automated cycle #925...
[*] Target Account: permanent_bot_user_925@securemail.com
[*] Network IP Rotated Successfully via Connected Device.
[✅ SUCCESS] Cycle #925 completed and logged to Supabase cloud!
[*] Sleeping for 10 minutes before next cycle...

[🔄 DAEMON] Executing automated cycle #926...
[*] Target Account: permanent_bot_user_926@securemail.com
[*] Network IP Rotated Successfully via Connected Device.
[✅ SUCCESS] Cycle #926 completed and logged to Supabase cloud!
[*] Sleeping for 10 minutes before next cycle...

[🔄 DAEMON] Executing automated cycle #927...
[*] Target Account: permanent_bot_user_927@securemail.com
[*] Network IP Rotated Successfully via Connected Device.
[✅ SUCCESS] Cycle #927 completed and logged to Supabase cloud!
[*] Sleeping for 10 minutes before next cycle...

[🔄 DAEMON] Executing automated cycle #928...
[*] Target Account: permanent_bot_user_928@securemail.com
[*] Network IP Rotated Successfully via Connected Device.
[✅ SUCCESS] Cycle #928 completed and logged to Supabase cloud!
[*] Sleeping for 10 minutes before next cycle...

[🔄 DAEMON] Executing automated cycle #929...
[*] Target Account: permanent_bot_user_929@securemail.com
[*] Network IP Rotated Successfully via Connected Device.
[✅ SUCCESS] Cycle #929 completed and logged to Supabase cloud!
[*] Sleeping for 10 minutes before next cycle...

[🔄 DAEMON] Executing automated cycle #930...
[*] Target Account: permanent_bot_user_930@securemail.com
[*] Network IP Rotated Successfully via Connected Device.
[✅ SUCCESS] Cycle #930 completed and logged to Supabase cloud!
[*] Sleeping for 10 minutes before next cycle...

[🔄 DAEMON] Executing automated cycle #931...
[*] Target Account: permanent_bot_user_931@securemail.com
[*] Network IP Rotated Successfully via Connected Device.
[✅ SUCCESS] Cycle #931 completed and logged to Supabase cloud!
[*] Sleeping for 10 minutes before next cycle...

[🔄 DAEMON] Executing automated cycle #932...
[*] Target Account: permanent_bot_user_932@securemail.com
[*] Network IP Rotated Successfully via Connected Device.
[✅ SUCCESS] Cycle #932 completed and logged to Supabase cloud!
[*] Sleeping for 10 minutes before next cycle...

[🔄 DAEMON] Executing automated cycle #933...
[*] Target Account: permanent_bot_user_933@securemail.com
[*] Network IP Rotated Successfully via Connected Device.
[✅ SUCCESS] Cycle #933 completed and logged to Supabase cloud!
[*] Sleeping for 10 minutes before next cycle...

[🔄 DAEMON] Executing automated cycle #934...
[*] Target Account: permanent_bot_user_934@securemail.com
[*] Network IP Rotated Successfully via Connected Device.
[✅ SUCCESS] Cycle #934 completed and logged to Supabase cloud!
[*] Sleeping for 10 minutes before next cycle...

[🔄 DAEMON] Executing automated cycle #935...
[*] Target Account: permanent_bot_user_935@securemail.com
[*] Network IP Rotated Successfully via Connected Device.
[✅ SUCCESS] Cycle #935 completed and logged to Supabase cloud!
[*] Sleeping for 10 minutes before next cycle...

[🔄 DAEMON] Executing automated cycle #936...
[*] Target Account: permanent_bot_user_936@securemail.com
[*] Network IP Rotated Successfully via Connected Device.
[✅ SUCCESS] Cycle #936 completed and logged to Supabase cloud!
[*] Sleeping for 10 minutes before next cycle...

[🔄 DAEMON] Executing automated cycle #937...
[*] Target Account: permanent_bot_user_937@securemail.com
[*] Network IP Rotated Successfully via Connected Device.
[✅ SUCCESS] Cycle #937 completed and logged to Supabase cloud!
[*] Sleeping for 10 minutes before next cycle...

[🔄 DAEMON] Executing automated cycle #938...
[*] Target Account: permanent_bot_user_938@securemail.com
[*] Network IP Rotated Successfully via Connected Device.
[✅ SUCCESS] Cycle #938 completed and logged to Supabase cloud!
[*] Sleeping for 10 minutes before next cycle...

[🔄 DAEMON] Executing automated cycle #939...
[*] Target Account: permanent_bot_user_939@securemail.com
[*] Network IP Rotated Successfully via Connected Device.
[✅ SUCCESS] Cycle #939 completed and logged to Supabase cloud!
[*] Sleeping for 10 minutes before next cycle...

[🔄 DAEMON] Executing automated cycle #940...
[*] Target Account: permanent_bot_user_940@securemail.com
[*] Network IP Rotated Successfully via Connected Device.
[✅ SUCCESS] Cycle #940 completed and logged to Supabase cloud!
[*] Sleeping for 10 minutes before next cycle...

[🔄 DAEMON] Executing automated cycle #941...
[*] Target Account: permanent_bot_user_941@securemail.com
[*] Network IP Rotated Successfully via Connected Device.
[✅ SUCCESS] Cycle #941 completed and logged to Supabase cloud!
[*] Sleeping for 10 minutes before next cycle...

[🔄 DAEMON] Executing automated cycle #942...
[*] Target Account: permanent_bot_user_942@securemail.com
[*] Network IP Rotated Successfully via Connected Device.
[✅ SUCCESS] Cycle #942 completed and logged to Supabase cloud!
[*] Sleeping for 10 minutes before next cycle...

[🔄 DAEMON] Executing automated cycle #943...
[*] Target Account: permanent_bot_user_943@securemail.com
[*] Network IP Rotated Successfully via Connected Device.
[✅ SUCCESS] Cycle #943 completed and logged to Supabase cloud!
[*] Sleeping for 10 minutes before next cycle...

[🔄 DAEMON] Executing automated cycle #944...
[*] Target Account: permanent_bot_user_944@securemail.com
[*] Network IP Rotated Successfully via Connected Device.
[✅ SUCCESS] Cycle #944 completed and logged to Supabase cloud!
[*] Sleeping for 10 minutes before next cycle...

[🔄 DAEMON] Executing automated cycle #945...
[*] Target Account: permanent_bot_user_945@securemail.com
[*] Network IP Rotated Successfully via Connected Device.
[✅ SUCCESS] Cycle #945 completed and logged to Supabase cloud!
[*] Sleeping for 10 minutes before next cycle...

[🔄 DAEMON] Executing automated cycle #946...
[*] Target Account: permanent_bot_user_946@securemail.com
[*] Network IP Rotated Successfully via Connected Device.
[✅ SUCCESS] Cycle #946 completed and logged to Supabase cloud!
[*] Sleeping for 10 minutes before next cycle...

[🔄 DAEMON] Executing automated cycle #947...
[*] Target Account: permanent_bot_user_947@securemail.com
[*] Network IP Rotated Successfully via Connected Device.
[✅ SUCCESS] Cycle #947 completed and logged to Supabase cloud!
[*] Sleeping for 10 minutes before next cycle...

[🔄 DAEMON] Executing automated cycle #948...
[*] Target Account: permanent_bot_user_948@securemail.com
[*] Network IP Rotated Successfully via Connected Device.
[✅ SUCCESS] Cycle #948 completed and logged to Supabase cloud!
[*] Sleeping for 10 minutes before next cycle...

[🔄 DAEMON] Executing automated cycle #949...
[*] Target Account: permanent_bot_user_949@securemail.com
[*] Network IP Rotated Successfully via Connected Device.
[✅ SUCCESS] Cycle #949 completed and logged to Supabase cloud!
[*] Sleeping for 10 minutes before next cycle...

[🔄 DAEMON] Executing automated cycle #950...
[*] Target Account: permanent_bot_user_950@securemail.com
[*] Network IP Rotated Successfully via Connected Device.
[✅ SUCCESS] Cycle #950 completed and logged to Supabase cloud!
[*] Sleeping for 10 minutes before next cycle...

[🔄 DAEMON] Executing automated cycle #951...
[*] Target Account: permanent_bot_user_951@securemail.com
[*] Network IP Rotated Successfully via Connected Device.
[✅ SUCCESS] Cycle #951 completed and logged to Supabase cloud!
[*] Sleeping for 10 minutes before next cycle...

[🔄 DAEMON] Executing automated cycle #952...
[*] Target Account: permanent_bot_user_952@securemail.com
[*] Network IP Rotated Successfully via Connected Device.
[✅ SUCCESS] Cycle #952 completed and logged to Supabase cloud!
[*] Sleeping for 10 minutes before next cycle...

[🔄 DAEMON] Executing automated cycle #953...
[*] Target Account: permanent_bot_user_953@securemail.com
[*] Network IP Rotated Successfully via Connected Device.
[✅ SUCCESS] Cycle #953 completed and logged to Supabase cloud!
[*] Sleeping for 10 minutes before next cycle...

[🔄 DAEMON] Executing automated cycle #954...
[*] Target Account: permanent_bot_user_954@securemail.com
[*] Network IP Rotated Successfully via Connected Device.
[✅ SUCCESS] Cycle #954 completed and logged to Supabase cloud!
[*] Sleeping for 10 minutes before next cycle...

[🔄 DAEMON] Executing automated cycle #955...
[*] Target Account: permanent_bot_user_955@securemail.com
[*] Network IP Rotated Successfully via Connected Device.
[✅ SUCCESS] Cycle #955 completed and logged to Supabase cloud!
[*] Sleeping for 10 minutes before next cycle...

[🔄 DAEMON] Executing automated cycle #956...
[*] Target Account: permanent_bot_user_956@securemail.com
[*] Network IP Rotated Successfully via Connected Device.
[✅ SUCCESS] Cycle #956 completed and logged to Supabase cloud!
[*] Sleeping for 10 minutes before next cycle...

[🔄 DAEMON] Executing automated cycle #957...
[*] Target Account: permanent_bot_user_957@securemail.com
[*] Network IP Rotated Successfully via Connected Device.
[✅ SUCCESS] Cycle #957 completed and logged to Supabase cloud!
[*] Sleeping for 10 minutes before next cycle...

[🔄 DAEMON] Executing automated cycle #958...
[*] Target Account: permanent_bot_user_958@securemail.com
[*] Network IP Rotated Successfully via Connected Device.
[✅ SUCCESS] Cycle #958 completed and logged to Supabase cloud!
[*] Sleeping for 10 minutes before next cycle...

[🔄 DAEMON] Executing automated cycle #959...
[*] Target Account: permanent_bot_user_959@securemail.com
[*] Network IP Rotated Successfully via Connected Device.
[✅ SUCCESS] Cycle #959 completed and logged to Supabase cloud!
[*] Sleeping for 10 minutes before next cycle...

[🔄 DAEMON] Executing automated cycle #960...
[*] Target Account: permanent_bot_user_960@securemail.com
[*] Network IP Rotated Successfully via Connected Device.
[✅ SUCCESS] Cycle #960 completed and logged to Supabase cloud!
[*] Sleeping for 10 minutes before next cycle...

[🔄 DAEMON] Executing automated cycle #961...
[*] Target Account: permanent_bot_user_961@securemail.com
[*] Network IP Rotated Successfully via Connected Device.
[✅ SUCCESS] Cycle #961 completed and logged to Supabase cloud!
[*] Sleeping for 10 minutes before next cycle...

[🔄 DAEMON] Executing automated cycle #962...
[*] Target Account: permanent_bot_user_962@securemail.com
[*] Network IP Rotated Successfully via Connected Device.
[✅ SUCCESS] Cycle #962 completed and logged to Supabase cloud!
[*] Sleeping for 10 minutes before next cycle...

[🔄 DAEMON] Executing automated cycle #963...
[*] Target Account: permanent_bot_user_963@securemail.com
[*] Network IP Rotated Successfully via Connected Device.
[✅ SUCCESS] Cycle #963 completed and logged to Supabase cloud!
[*] Sleeping for 10 minutes before next cycle...

[🔄 DAEMON] Executing automated cycle #964...
[*] Target Account: permanent_bot_user_964@securemail.com
[*] Network IP Rotated Successfully via Connected Device.
[✅ SUCCESS] Cycle #964 completed and logged to Supabase cloud!
[*] Sleeping for 10 minutes before next cycle...

[🔄 DAEMON] Executing automated cycle #965...
[*] Target Account: permanent_bot_user_965@securemail.com
[*] Network IP Rotated Successfully via Connected Device.
[✅ SUCCESS] Cycle #965 completed and logged to Supabase cloud!
[*] Sleeping for 10 minutes before next cycle...

[🔄 DAEMON] Executing automated cycle #966...
[*] Target Account: permanent_bot_user_966@securemail.com
[*] Network IP Rotated Successfully via Connected Device.
[✅ SUCCESS] Cycle #966 completed and logged to Supabase cloud!
[*] Sleeping for 10 minutes before next cycle...

[🔄 DAEMON] Executing automated cycle #967...
[*] Target Account: permanent_bot_user_967@securemail.com
[*] Network IP Rotated Successfully via Connected Device.
[✅ SUCCESS] Cycle #967 completed and logged to Supabase cloud!
[*] Sleeping for 10 minutes before next cycle...

[🔄 DAEMON] Executing automated cycle #968...
[*] Target Account: permanent_bot_user_968@securemail.com
[*] Network IP Rotated Successfully via Connected Device.
[✅ SUCCESS] Cycle #968 completed and logged to Supabase cloud!
[*] Sleeping for 10 minutes before next cycle...

[🔄 DAEMON] Executing automated cycle #969...
[*] Target Account: permanent_bot_user_969@securemail.com
[*] Network IP Rotated Successfully via Connected Device.
[✅ SUCCESS] Cycle #969 completed and logged to Supabase cloud!
[*] Sleeping for 10 minutes before next cycle...

[🔄 DAEMON] Executing automated cycle #970...
[*] Target Account: permanent_bot_user_970@securemail.com
[*] Network IP Rotated Successfully via Connected Device.
[✅ SUCCESS] Cycle #970 completed and logged to Supabase cloud!
[*] Sleeping for 10 minutes before next cycle...

[🔄 DAEMON] Executing automated cycle #971...
[*] Target Account: permanent_bot_user_971@securemail.com
[*] Network IP Rotated Successfully via Connected Device.
[✅ SUCCESS] Cycle #971 completed and logged to Supabase cloud!
[*] Sleeping for 10 minutes before next cycle...

[🔄 DAEMON] Executing automated cycle #972...
[*] Target Account: permanent_bot_user_972@securemail.com
[*] Network IP Rotated Successfully via Connected Device.
[✅ SUCCESS] Cycle #972 completed and logged to Supabase cloud!
[*] Sleeping for 10 minutes before next cycle...

[🔄 DAEMON] Executing automated cycle #973...
[*] Target Account: permanent_bot_user_973@securemail.com
[*] Network IP Rotated Successfully via Connected Device.
[✅ SUCCESS] Cycle #973 completed and logged to Supabase cloud!
[*] Sleeping for 10 minutes before next cycle...

[🔄 DAEMON] Executing automated cycle #974...
[*] Target Account: permanent_bot_user_974@securemail.com
[*] Network IP Rotated Successfully via Connected Device.
[✅ SUCCESS] Cycle #974 completed and logged to Supabase cloud!
[*] Sleeping for 10 minutes before next cycle...

[🔄 DAEMON] Executing automated cycle #975...
[*] Target Account: permanent_bot_user_975@securemail.com
[*] Network IP Rotated Successfully via Connected Device.
[✅ SUCCESS] Cycle #975 completed and logged to Supabase cloud!
[*] Sleeping for 10 minutes before next cycle...

[🔄 DAEMON] Executing automated cycle #976...
[*] Target Account: permanent_bot_user_976@securemail.com
[*] Network IP Rotated Successfully via Connected Device.
[✅ SUCCESS] Cycle #976 completed and logged to Supabase cloud!
[*] Sleeping for 10 minutes before next cycle...

[🔄 DAEMON] Executing automated cycle #977...
[*] Target Account: permanent_bot_user_977@securemail.com
[*] Network IP Rotated Successfully via Connected Device.
[✅ SUCCESS] Cycle #977 completed and logged to Supabase cloud!
[*] Sleeping for 10 minutes before next cycle...

[🔄 DAEMON] Executing automated cycle #978...
[*] Target Account: permanent_bot_user_978@securemail.com
[*] Network IP Rotated Successfully via Connected Device.
[✅ SUCCESS] Cycle #978 completed and logged to Supabase cloud!
[*] Sleeping for 10 minutes before next cycle...

[🔄 DAEMON] Executing automated cycle #979...
[*] Target Account: permanent_bot_user_979@securemail.com
[*] Network IP Rotated Successfully via Connected Device.
[✅ SUCCESS] Cycle #979 completed and logged to Supabase cloud!
[*] Sleeping for 10 minutes before next cycle...

[🔄 DAEMON] Executing automated cycle #980...
[*] Target Account: permanent_bot_user_980@securemail.com
[*] Network IP Rotated Successfully via Connected Device.
[✅ SUCCESS] Cycle #980 completed and logged to Supabase cloud!
[*] Sleeping for 10 minutes before next cycle...

[🔄 DAEMON] Executing automated cycle #981...
[*] Target Account: permanent_bot_user_981@securemail.com
[*] Network IP Rotated Successfully via Connected Device.
[✅ SUCCESS] Cycle #981 completed and logged to Supabase cloud!
[*] Sleeping for 10 minutes before next cycle...

[🔄 DAEMON] Executing automated cycle #982...
[*] Target Account: permanent_bot_user_982@securemail.com
[*] Network IP Rotated Successfully via Connected Device.
[✅ SUCCESS] Cycle #982 completed and logged to Supabase cloud!
[*] Sleeping for 10 minutes before next cycle...

[🔄 DAEMON] Executing automated cycle #983...
[*] Target Account: permanent_bot_user_983@securemail.com
[*] Network IP Rotated Successfully via Connected Device.
[✅ SUCCESS] Cycle #983 completed and logged to Supabase cloud!
[*] Sleeping for 10 minutes before next cycle...

[🔄 DAEMON] Executing automated cycle #984...
[*] Target Account: permanent_bot_user_984@securemail.com
[*] Network IP Rotated Successfully via Connected Device.
[✅ SUCCESS] Cycle #984 completed and logged to Supabase cloud!
[*] Sleeping for 10 minutes before next cycle...

[🔄 DAEMON] Executing automated cycle #985...
[*] Target Account: permanent_bot_user_985@securemail.com
[*] Network IP Rotated Successfully via Connected Device.
[✅ SUCCESS] Cycle #985 completed and logged to Supabase cloud!
[*] Sleeping for 10 minutes before next cycle...

[🔄 DAEMON] Executing automated cycle #986...
[*] Target Account: permanent_bot_user_986@securemail.com
[*] Network IP Rotated Successfully via Connected Device.
[✅ SUCCESS] Cycle #986 completed and logged to Supabase cloud!
[*] Sleeping for 10 minutes before next cycle...

[🔄 DAEMON] Executing automated cycle #987...
[*] Target Account: permanent_bot_user_987@securemail.com
[*] Network IP Rotated Successfully via Connected Device.
[✅ SUCCESS] Cycle #987 completed and logged to Supabase cloud!
[*] Sleeping for 10 minutes before next cycle...

[🔄 DAEMON] Executing automated cycle #988...
[*] Target Account: permanent_bot_user_988@securemail.com
[*] Network IP Rotated Successfully via Connected Device.
[✅ SUCCESS] Cycle #988 completed and logged to Supabase cloud!
[*] Sleeping for 10 minutes before next cycle...

[🔄 DAEMON] Executing automated cycle #989...
[*] Target Account: permanent_bot_user_989@securemail.com
[*] Network IP Rotated Successfully via Connected Device.
[✅ SUCCESS] Cycle #989 completed and logged to Supabase cloud!
[*] Sleeping for 10 minutes before next cycle...

[🔄 DAEMON] Executing automated cycle #990...
[*] Target Account: permanent_bot_user_990@securemail.com
[*] Network IP Rotated Successfully via Connected Device.
[✅ SUCCESS] Cycle #990 completed and logged to Supabase cloud!
[*] Sleeping for 10 minutes before next cycle...

[🔄 DAEMON] Executing automated cycle #991...
[*] Target Account: permanent_bot_user_991@securemail.com
[*] Network IP Rotated Successfully via Connected Device.
[✅ SUCCESS] Cycle #991 completed and logged to Supabase cloud!
[*] Sleeping for 10 minutes before next cycle...

[🔄 DAEMON] Executing automated cycle #992...
[*] Target Account: permanent_bot_user_992@securemail.com
[*] Network IP Rotated Successfully via Connected Device.
[✅ SUCCESS] Cycle #992 completed and logged to Supabase cloud!
[*] Sleeping for 10 minutes before next cycle...

[🔄 DAEMON] Executing automated cycle #993...
[*] Target Account: permanent_bot_user_993@securemail.com
[*] Network IP Rotated Successfully via Connected Device.
[✅ SUCCESS] Cycle #993 completed and logged to Supabase cloud!
[*] Sleeping for 10 minutes before next cycle...

[🔄 DAEMON] Executing automated cycle #994...
[*] Target Account: permanent_bot_user_994@securemail.com
[*] Network IP Rotated Successfully via Connected Device.
[✅ SUCCESS] Cycle #994 completed and logged to Supabase cloud!
[*] Sleeping for 10 minutes before next cycle...

[🔄 DAEMON] Executing automated cycle #995...
[*] Target Account: permanent_bot_user_995@securemail.com
[*] Network IP Rotated Successfully via Connected Device.
[✅ SUCCESS] Cycle #995 completed and logged to Supabase cloud!
[*] Sleeping for 10 minutes before next cycle...

[🔄 DAEMON] Executing automated cycle #996...
[*] Target Account: permanent_bot_user_996@securemail.com
[*] Network IP Rotated Successfully via Connected Device.
[✅ SUCCESS] Cycle #996 completed and logged to Supabase cloud!
[*] Sleeping for 10 minutes before next cycle...

[🔄 DAEMON] Executing automated cycle #997...
[*] Target Account: permanent_bot_user_997@securemail.com
[*] Network IP Rotated Successfully via Connected Device.
[✅ SUCCESS] Cycle #997 completed and logged to Supabase cloud!
[*] Sleeping for 10 minutes before next cycle...

[🔄 DAEMON] Executing automated cycle #998...
[*] Target Account: permanent_bot_user_998@securemail.com
[*] Network IP Rotated Successfully via Connected Device.
[✅ SUCCESS] Cycle #998 completed and logged to Supabase cloud!
[*] Sleeping for 10 minutes before next cycle...

[🔄 DAEMON] Executing automated cycle #999...
[*] Target Account: permanent_bot_user_999@securemail.com
[*] Network IP Rotated Successfully via Connected Device.
[✅ SUCCESS] Cycle #999 completed and logged to Supabase cloud!
[*] Sleeping for 10 minutes before next cycle...

[🔄 DAEMON] Executing automated cycle #1000...
[*] Target Account: permanent_bot_user_1000@securemail.com
[*] Network IP Rotated Successfully via Connected Device.
[✅ SUCCESS] Cycle #1000 completed and logged to Supabase cloud!
[*] Sleeping for 10 minutes before next cycle...

[🔄 DAEMON] Executing automated cycle #1001...
[*] Target Account: permanent_bot_user_1001@securemail.com
[*] Network IP Rotated Successfully via Connected Device.
[✅ SUCCESS] Cycle #1001 completed and logged to Supabase cloud!
[*] Sleeping for 10 minutes before next cycle...

[🔄 DAEMON] Executing automated cycle #1002...
[*] Target Account: permanent_bot_user_1002@securemail.com
[*] Network IP Rotated Successfully via Connected Device.
[✅ SUCCESS] Cycle #1002 completed and logged to Supabase cloud!
[*] Sleeping for 10 minutes before next cycle...

[🔄 DAEMON] Executing automated cycle #1003...
[*] Target Account: permanent_bot_user_1003@securemail.com
[*] Network IP Rotated Successfully via Connected Device.
[✅ SUCCESS] Cycle #1003 completed and logged to Supabase cloud!
[*] Sleeping for 10 minutes before next cycle...

[🔄 DAEMON] Executing automated cycle #1004...
[*] Target Account: permanent_bot_user_1004@securemail.com
[*] Network IP Rotated Successfully via Connected Device.
[✅ SUCCESS] Cycle #1004 completed and logged to Supabase cloud!
[*] Sleeping for 10 minutes before next cycle...

[🔄 DAEMON] Executing automated cycle #1005...
[*] Target Account: permanent_bot_user_1005@securemail.com
[*] Network IP Rotated Successfully via Connected Device.
[✅ SUCCESS] Cycle #1005 completed and logged to Supabase cloud!
[*] Sleeping for 10 minutes before next cycle...

[🔄 DAEMON] Executing automated cycle #1006...
[*] Target Account: permanent_bot_user_1006@securemail.com
[*] Network IP Rotated Successfully via Connected Device.
[✅ SUCCESS] Cycle #1006 completed and logged to Supabase cloud!
[*] Sleeping for 10 minutes before next cycle...

[🔄 DAEMON] Executing automated cycle #1007...
[*] Target Account: permanent_bot_user_1007@securemail.com
[*] Network IP Rotated Successfully via Connected Device.
[✅ SUCCESS] Cycle #1007 completed and logged to Supabase cloud!
[*] Sleeping for 10 minutes before next cycle...

[🔄 DAEMON] Executing automated cycle #1008...
[*] Target Account: permanent_bot_user_1008@securemail.com
[*] Network IP Rotated Successfully via Connected Device.
[✅ SUCCESS] Cycle #1008 completed and logged to Supabase cloud!
[*] Sleeping for 10 minutes before next cycle...

[🔄 DAEMON] Executing automated cycle #1009...
[*] Target Account: permanent_bot_user_1009@securemail.com
[*] Network IP Rotated Successfully via Connected Device.
[✅ SUCCESS] Cycle #1009 completed and logged to Supabase cloud!
[*] Sleeping for 10 minutes before next cycle...

[🔄 DAEMON] Executing automated cycle #1010...
[*] Target Account: permanent_bot_user_1010@securemail.com
[*] Network IP Rotated Successfully via Connected Device.
[✅ SUCCESS] Cycle #1010 completed and logged to Supabase cloud!
[*] Sleeping for 10 minutes before next cycle...

[🔄 DAEMON] Executing automated cycle #1011...
[*] Target Account: permanent_bot_user_1011@securemail.com
[*] Network IP Rotated Successfully via Connected Device.
[✅ SUCCESS] Cycle #1011 completed and logged to Supabase cloud!
[*] Sleeping for 10 minutes before next cycle...

[🔄 DAEMON] Executing automated cycle #1012...
[*] Target Account: permanent_bot_user_1012@securemail.com
[*] Network IP Rotated Successfully via Connected Device.
[✅ SUCCESS] Cycle #1012 completed and logged to Supabase cloud!
[*] Sleeping for 10 minutes before next cycle...

[🔄 DAEMON] Executing automated cycle #1013...
[*] Target Account: permanent_bot_user_1013@securemail.com
[*] Network IP Rotated Successfully via Connected Device.
[✅ SUCCESS] Cycle #1013 completed and logged to Supabase cloud!
[*] Sleeping for 10 minutes before next cycle...

[🔄 DAEMON] Executing automated cycle #1014...
[*] Target Account: permanent_bot_user_1014@securemail.com
[*] Network IP Rotated Successfully via Connected Device.
[✅ SUCCESS] Cycle #1014 completed and logged to Supabase cloud!
[*] Sleeping for 10 minutes before next cycle...

[🔄 DAEMON] Executing automated cycle #1015...
[*] Target Account: permanent_bot_user_1015@securemail.com
[*] Network IP Rotated Successfully via Connected Device.
[✅ SUCCESS] Cycle #1015 completed and logged to Supabase cloud!
[*] Sleeping for 10 minutes before next cycle...

[🔄 DAEMON] Executing automated cycle #1016...
[*] Target Account: permanent_bot_user_1016@securemail.com
[*] Network IP Rotated Successfully via Connected Device.
[✅ SUCCESS] Cycle #1016 completed and logged to Supabase cloud!
[*] Sleeping for 10 minutes before next cycle...

[🔄 DAEMON] Executing automated cycle #1017...
[*] Target Account: permanent_bot_user_1017@securemail.com
[*] Network IP Rotated Successfully via Connected Device.
[✅ SUCCESS] Cycle #1017 completed and logged to Supabase cloud!
[*] Sleeping for 10 minutes before next cycle...

[🔄 DAEMON] Executing automated cycle #1018...
[*] Target Account: permanent_bot_user_1018@securemail.com
[*] Network IP Rotated Successfully via Connected Device.
[✅ SUCCESS] Cycle #1018 completed and logged to Supabase cloud!
[*] Sleeping for 10 minutes before next cycle...

[🔄 DAEMON] Executing automated cycle #1019...
[*] Target Account: permanent_bot_user_1019@securemail.com
[*] Network IP Rotated Successfully via Connected Device.
[✅ SUCCESS] Cycle #1019 completed and logged to Supabase cloud!
[*] Sleeping for 10 minutes before next cycle...

[🔄 DAEMON] Executing automated cycle #1020...
[*] Target Account: permanent_bot_user_1020@securemail.com
[*] Network IP Rotated Successfully via Connected Device.
[✅ SUCCESS] Cycle #1020 completed and logged to Supabase cloud!
[*] Sleeping for 10 minutes before next cycle...

[🔄 DAEMON] Executing automated cycle #1021...
[*] Target Account: permanent_bot_user_1021@securemail.com
[*] Network IP Rotated Successfully via Connected Device.
[✅ SUCCESS] Cycle #1021 completed and logged to Supabase cloud!
[*] Sleeping for 10 minutes before next cycle...

[🔄 DAEMON] Executing automated cycle #1022...
[*] Target Account: permanent_bot_user_1022@securemail.com
[*] Network IP Rotated Successfully via Connected Device.
[✅ SUCCESS] Cycle #1022 completed and logged to Supabase cloud!
[*] Sleeping for 10 minutes before next cycle...

[🔄 DAEMON] Executing automated cycle #1023...
[*] Target Account: permanent_bot_user_1023@securemail.com
[*] Network IP Rotated Successfully via Connected Device.
[✅ SUCCESS] Cycle #1023 completed and logged to Supabase cloud!
[*] Sleeping for 10 minutes before next cycle...

[🔄 DAEMON] Executing automated cycle #1024...
[*] Target Account: permanent_bot_user_1024@securemail.com
[*] Network IP Rotated Successfully via Connected Device.
[✅ SUCCESS] Cycle #1024 completed and logged to Supabase cloud!
[*] Sleeping for 10 minutes before next cycle...

[🔄 DAEMON] Executing automated cycle #1025...
[*] Target Account: permanent_bot_user_1025@securemail.com
[*] Network IP Rotated Successfully via Connected Device.
[✅ SUCCESS] Cycle #1025 completed and logged to Supabase cloud!
[*] Sleeping for 10 minutes before next cycle...

[🔄 DAEMON] Executing automated cycle #1026...
[*] Target Account: permanent_bot_user_1026@securemail.com
[*] Network IP Rotated Successfully via Connected Device.
[✅ SUCCESS] Cycle #1026 completed and logged to Supabase cloud!
[*] Sleeping for 10 minutes before next cycle...

[🔄 DAEMON] Executing automated cycle #1027...
[*] Target Account: permanent_bot_user_1027@securemail.com
[*] Network IP Rotated Successfully via Connected Device.
[✅ SUCCESS] Cycle #1027 completed and logged to Supabase cloud!
[*] Sleeping for 10 minutes before next cycle...

[🔄 DAEMON] Executing automated cycle #1028...
[*] Target Account: permanent_bot_user_1028@securemail.com
[*] Network IP Rotated Successfully via Connected Device.
[✅ SUCCESS] Cycle #1028 completed and logged to Supabase cloud!
[*] Sleeping for 10 minutes before next cycle...

[🔄 DAEMON] Executing automated cycle #1029...
[*] Target Account: permanent_bot_user_1029@securemail.com
[*] Network IP Rotated Successfully via Connected Device.
[✅ SUCCESS] Cycle #1029 completed and logged to Supabase cloud!
[*] Sleeping for 10 minutes before next cycle...

[🔄 DAEMON] Executing automated cycle #1030...
[*] Target Account: permanent_bot_user_1030@securemail.com
[*] Network IP Rotated Successfully via Connected Device.
[✅ SUCCESS] Cycle #1030 completed and logged to Supabase cloud!
[*] Sleeping for 10 minutes before next cycle...

[🔄 DAEMON] Executing automated cycle #1031...
[*] Target Account: permanent_bot_user_1031@securemail.com
[*] Network IP Rotated Successfully via Connected Device.
[✅ SUCCESS] Cycle #1031 completed and logged to Supabase cloud!
[*] Sleeping for 10 minutes before next cycle...

[🔄 DAEMON] Executing automated cycle #1032...
[*] Target Account: permanent_bot_user_1032@securemail.com
[*] Network IP Rotated Successfully via Connected Device.
[✅ SUCCESS] Cycle #1032 completed and logged to Supabase cloud!
[*] Sleeping for 10 minutes before next cycle...

[🔄 DAEMON] Executing automated cycle #1033...
[*] Target Account: permanent_bot_user_1033@securemail.com
[*] Network IP Rotated Successfully via Connected Device.
[✅ SUCCESS] Cycle #1033 completed and logged to Supabase cloud!
[*] Sleeping for 10 minutes before next cycle...

[🔄 DAEMON] Executing automated cycle #1034...
[*] Target Account: permanent_bot_user_1034@securemail.com
[*] Network IP Rotated Successfully via Connected Device.
[✅ SUCCESS] Cycle #1034 completed and logged to Supabase cloud!
[*] Sleeping for 10 minutes before next cycle...

[🔄 DAEMON] Executing automated cycle #1035...
[*] Target Account: permanent_bot_user_1035@securemail.com
[*] Network IP Rotated Successfully via Connected Device.
[✅ SUCCESS] Cycle #1035 completed and logged to Supabase cloud!
[*] Sleeping for 10 minutes before next cycle...

[🔄 DAEMON] Executing automated cycle #1036...
[*] Target Account: permanent_bot_user_1036@securemail.com
[*] Network IP Rotated Successfully via Connected Device.
[✅ SUCCESS] Cycle #1036 completed and logged to Supabase cloud!
[*] Sleeping for 10 minutes before next cycle...

[🔄 DAEMON] Executing automated cycle #1037...
[*] Target Account: permanent_bot_user_1037@securemail.com
[*] Network IP Rotated Successfully via Connected Device.
[✅ SUCCESS] Cycle #1037 completed and logged to Supabase cloud!
[*] Sleeping for 10 minutes before next cycle...

[🔄 DAEMON] Executing automated cycle #1038...
[*] Target Account: permanent_bot_user_1038@securemail.com
[*] Network IP Rotated Successfully via Connected Device.
[✅ SUCCESS] Cycle #1038 completed and logged to Supabase cloud!
[*] Sleeping for 10 minutes before next cycle...

[🔄 DAEMON] Executing automated cycle #1039...
[*] Target Account: permanent_bot_user_1039@securemail.com
[*] Network IP Rotated Successfully via Connected Device.
[✅ SUCCESS] Cycle #1039 completed and logged to Supabase cloud!
[*] Sleeping for 10 minutes before next cycle...

[🔄 DAEMON] Executing automated cycle #1040...
[*] Target Account: permanent_bot_user_1040@securemail.com
[*] Network IP Rotated Successfully via Connected Device.
[✅ SUCCESS] Cycle #1040 completed and logged to Supabase cloud!
[*] Sleeping for 10 minutes before next cycle...

[🔄 DAEMON] Executing automated cycle #1041...
[*] Target Account: permanent_bot_user_1041@securemail.com
[*] Network IP Rotated Successfully via Connected Device.
[✅ SUCCESS] Cycle #1041 completed and logged to Supabase cloud!
[*] Sleeping for 10 minutes before next cycle...

[🔄 DAEMON] Executing automated cycle #1042...
[*] Target Account: permanent_bot_user_1042@securemail.com
[*] Network IP Rotated Successfully via Connected Device.
[✅ SUCCESS] Cycle #1042 completed and logged to Supabase cloud!
[*] Sleeping for 10 minutes before next cycle...

[🔄 DAEMON] Executing automated cycle #1043...
[*] Target Account: permanent_bot_user_1043@securemail.com
[*] Network IP Rotated Successfully via Connected Device.
[✅ SUCCESS] Cycle #1043 completed and logged to Supabase cloud!
[*] Sleeping for 10 minutes before next cycle...

[🔄 DAEMON] Executing automated cycle #1044...
[*] Target Account: permanent_bot_user_1044@securemail.com
[*] Network IP Rotated Successfully via Connected Device.
[✅ SUCCESS] Cycle #1044 completed and logged to Supabase cloud!
[*] Sleeping for 10 minutes before next cycle...

[🔄 DAEMON] Executing automated cycle #1045...
[*] Target Account: permanent_bot_user_1045@securemail.com
[*] Network IP Rotated Successfully via Connected Device.
[✅ SUCCESS] Cycle #1045 completed and logged to Supabase cloud!
[*] Sleeping for 10 minutes before next cycle...

[🔄 DAEMON] Executing automated cycle #1046...
[*] Target Account: permanent_bot_user_1046@securemail.com
[*] Network IP Rotated Successfully via Connected Device.
[✅ SUCCESS] Cycle #1046 completed and logged to Supabase cloud!
[*] Sleeping for 10 minutes before next cycle...

[🔄 DAEMON] Executing automated cycle #1047...
[*] Target Account: permanent_bot_user_1047@securemail.com
[*] Network IP Rotated Successfully via Connected Device.
[✅ SUCCESS] Cycle #1047 completed and logged to Supabase cloud!
[*] Sleeping for 10 minutes before next cycle...

[🔄 DAEMON] Executing automated cycle #1048...
[*] Target Account: permanent_bot_user_1048@securemail.com
[*] Network IP Rotated Successfully via Connected Device.
[✅ SUCCESS] Cycle #1048 completed and logged to Supabase cloud!
[*] Sleeping for 10 minutes before next cycle...

[🔄 DAEMON] Executing automated cycle #1049...
[*] Target Account: permanent_bot_user_1049@securemail.com
[*] Network IP Rotated Successfully via Connected Device.
[✅ SUCCESS] Cycle #1049 completed and logged to Supabase cloud!
[*] Sleeping for 10 minutes before next cycle...

[🔄 DAEMON] Executing automated cycle #1050...
[*] Target Account: permanent_bot_user_1050@securemail.com
[*] Network IP Rotated Successfully via Connected Device.
[✅ SUCCESS] Cycle #1050 completed and logged to Supabase cloud!
[*] Sleeping for 10 minutes before next cycle...

[🔄 DAEMON] Executing automated cycle #1051...
[*] Target Account: permanent_bot_user_1051@securemail.com
[*] Network IP Rotated Successfully via Connected Device.
[✅ SUCCESS] Cycle #1051 completed and logged to Supabase cloud!
[*] Sleeping for 10 minutes before next cycle...

[🔄 DAEMON] Executing automated cycle #1052...
[*] Target Account: permanent_bot_user_1052@securemail.com
[*] Network IP Rotated Successfully via Connected Device.
[✅ SUCCESS] Cycle #1052 completed and logged to Supabase cloud!
[*] Sleeping for 10 minutes before next cycle...

[🔄 DAEMON] Executing automated cycle #1053...
[*] Target Account: permanent_bot_user_1053@securemail.com
[*] Network IP Rotated Successfully via Connected Device.
[✅ SUCCESS] Cycle #1053 completed and logged to Supabase cloud!
[*] Sleeping for 10 minutes before next cycle...

[🔄 DAEMON] Executing automated cycle #1054...
[*] Target Account: permanent_bot_user_1054@securemail.com
[*] Network IP Rotated Successfully via Connected Device.
[✅ SUCCESS] Cycle #1054 completed and logged to Supabase cloud!
[*] Sleeping for 10 minutes before next cycle...

[🔄 DAEMON] Executing automated cycle #1055...
[*] Target Account: permanent_bot_user_1055@securemail.com
[*] Network IP Rotated Successfully via Connected Device.
[✅ SUCCESS] Cycle #1055 completed and logged to Supabase cloud!
[*] Sleeping for 10 minutes before next cycle...

[🔄 DAEMON] Executing automated cycle #1056...
[*] Target Account: permanent_bot_user_1056@securemail.com
[*] Network IP Rotated Successfully via Connected Device.
[✅ SUCCESS] Cycle #1056 completed and logged to Supabase cloud!
[*] Sleeping for 10 minutes before next cycle...

[🔄 DAEMON] Executing automated cycle #1057...
[*] Target Account: permanent_bot_user_1057@securemail.com
[*] Network IP Rotated Successfully via Connected Device.
[✅ SUCCESS] Cycle #1057 completed and logged to Supabase cloud!
[*] Sleeping for 10 minutes before next cycle...

[🔄 DAEMON] Executing automated cycle #1058...
[*] Target Account: permanent_bot_user_1058@securemail.com
[*] Network IP Rotated Successfully via Connected Device.
[✅ SUCCESS] Cycle #1058 completed and logged to Supabase cloud!
[*] Sleeping for 10 minutes before next cycle...

[🔄 DAEMON] Executing automated cycle #1059...
[*] Target Account: permanent_bot_user_1059@securemail.com
[*] Network IP Rotated Successfully via Connected Device.
[✅ SUCCESS] Cycle #1059 completed and logged to Supabase cloud!
[*] Sleeping for 10 minutes before next cycle...

[🔄 DAEMON] Executing automated cycle #1060...
[*] Target Account: permanent_bot_user_1060@securemail.com
[*] Network IP Rotated Successfully via Connected Device.
[✅ SUCCESS] Cycle #1060 completed and logged to Supabase cloud!
[*] Sleeping for 10 minutes before next cycle...

[🔄 DAEMON] Executing automated cycle #1061...
[*] Target Account: permanent_bot_user_1061@securemail.com
[*] Network IP Rotated Successfully via Connected Device.
[✅ SUCCESS] Cycle #1061 completed and logged to Supabase cloud!
[*] Sleeping for 10 minutes before next cycle...

[🔄 DAEMON] Executing automated cycle #1062...
[*] Target Account: permanent_bot_user_1062@securemail.com
[*] Network IP Rotated Successfully via Connected Device.
[✅ SUCCESS] Cycle #1062 completed and logged to Supabase cloud!
[*] Sleeping for 10 minutes before next cycle...

[🔄 DAEMON] Executing automated cycle #1063...
[*] Target Account: permanent_bot_user_1063@securemail.com
[*] Network IP Rotated Successfully via Connected Device.
[✅ SUCCESS] Cycle #1063 completed and logged to Supabase cloud!
[*] Sleeping for 10 minutes before next cycle...

[🔄 DAEMON] Executing automated cycle #1064...
[*] Target Account: permanent_bot_user_1064@securemail.com
[*] Network IP Rotated Successfully via Connected Device.
[✅ SUCCESS] Cycle #1064 completed and logged to Supabase cloud!
[*] Sleeping for 10 minutes before next cycle...

[🔄 DAEMON] Executing automated cycle #1065...
[*] Target Account: permanent_bot_user_1065@securemail.com
[*] Network IP Rotated Successfully via Connected Device.
[✅ SUCCESS] Cycle #1065 completed and logged to Supabase cloud!
[*] Sleeping for 10 minutes before next cycle...

[🔄 DAEMON] Executing automated cycle #1066...
[*] Target Account: permanent_bot_user_1066@securemail.com
[*] Network IP Rotated Successfully via Connected Device.
[✅ SUCCESS] Cycle #1066 completed and logged to Supabase cloud!
[*] Sleeping for 10 minutes before next cycle...

[🔄 DAEMON] Executing automated cycle #1067...
[*] Target Account: permanent_bot_user_1067@securemail.com
[*] Network IP Rotated Successfully via Connected Device.
[✅ SUCCESS] Cycle #1067 completed and logged to Supabase cloud!
[*] Sleeping for 10 minutes before next cycle...

[🔄 DAEMON] Executing automated cycle #1068...
[*] Target Account: permanent_bot_user_1068@securemail.com
[*] Network IP Rotated Successfully via Connected Device.
[✅ SUCCESS] Cycle #1068 completed and logged to Supabase cloud!
[*] Sleeping for 10 minutes before next cycle...

[🔄 DAEMON] Executing automated cycle #1069...
[*] Target Account: permanent_bot_user_1069@securemail.com
[*] Network IP Rotated Successfully via Connected Device.
[✅ SUCCESS] Cycle #1069 completed and logged to Supabase cloud!
[*] Sleeping for 10 minutes before next cycle...

[🔄 DAEMON] Executing automated cycle #1070...
[*] Target Account: permanent_bot_user_1070@securemail.com
[*] Network IP Rotated Successfully via Connected Device.
[✅ SUCCESS] Cycle #1070 completed and logged to Supabase cloud!
[*] Sleeping for 10 minutes before next cycle...

[🔄 DAEMON] Executing automated cycle #1071...
[*] Target Account: permanent_bot_user_1071@securemail.com
[*] Network IP Rotated Successfully via Connected Device.
[✅ SUCCESS] Cycle #1071 completed and logged to Supabase cloud!
[*] Sleeping for 10 minutes before next cycle...

[🔄 DAEMON] Executing automated cycle #1072...
[*] Target Account: permanent_bot_user_1072@securemail.com
[*] Network IP Rotated Successfully via Connected Device.
[✅ SUCCESS] Cycle #1072 completed and logged to Supabase cloud!
[*] Sleeping for 10 minutes before next cycle...

[🔄 DAEMON] Executing automated cycle #1073...
[*] Target Account: permanent_bot_user_1073@securemail.com
[*] Network IP Rotated Successfully via Connected Device.
[✅ SUCCESS] Cycle #1073 completed and logged to Supabase cloud!
[*] Sleeping for 10 minutes before next cycle...

[🔄 DAEMON] Executing automated cycle #1074...
[*] Target Account: permanent_bot_user_1074@securemail.com
[*] Network IP Rotated Successfully via Connected Device.
[✅ SUCCESS] Cycle #1074 completed and logged to Supabase cloud!
[*] Sleeping for 10 minutes before next cycle...

[🔄 DAEMON] Executing automated cycle #1075...
[*] Target Account: permanent_bot_user_1075@securemail.com
[*] Network IP Rotated Successfully via Connected Device.
[✅ SUCCESS] Cycle #1075 completed and logged to Supabase cloud!
[*] Sleeping for 10 minutes before next cycle...

[🔄 DAEMON] Executing automated cycle #1076...
[*] Target Account: permanent_bot_user_1076@securemail.com
[*] Network IP Rotated Successfully via Connected Device.
[✅ SUCCESS] Cycle #1076 completed and logged to Supabase cloud!
[*] Sleeping for 10 minutes before next cycle...

[🔄 DAEMON] Executing automated cycle #1077...
[*] Target Account: permanent_bot_user_1077@securemail.com
[*] Network IP Rotated Successfully via Connected Device.
[✅ SUCCESS] Cycle #1077 completed and logged to Supabase cloud!
[*] Sleeping for 10 minutes before next cycle...

[🔄 DAEMON] Executing automated cycle #1078...
[*] Target Account: permanent_bot_user_1078@securemail.com
[*] Network IP Rotated Successfully via Connected Device.
[✅ SUCCESS] Cycle #1078 completed and logged to Supabase cloud!
[*] Sleeping for 10 minutes before next cycle...

[🔄 DAEMON] Executing automated cycle #1079...
[*] Target Account: permanent_bot_user_1079@securemail.com
[*] Network IP Rotated Successfully via Connected Device.
[✅ SUCCESS] Cycle #1079 completed and logged to Supabase cloud!
[*] Sleeping for 10 minutes before next cycle...

[🔄 DAEMON] Executing automated cycle #1080...
[*] Target Account: permanent_bot_user_1080@securemail.com
[*] Network IP Rotated Successfully via Connected Device.
[✅ SUCCESS] Cycle #1080 completed and logged to Supabase cloud!
[*] Sleeping for 10 minutes before next cycle...

[🔄 DAEMON] Executing automated cycle #1081...
[*] Target Account: permanent_bot_user_1081@securemail.com
[*] Network IP Rotated Successfully via Connected Device.
[✅ SUCCESS] Cycle #1081 completed and logged to Supabase cloud!
[*] Sleeping for 10 minutes before next cycle...

[🔄 DAEMON] Executing automated cycle #1082...
[*] Target Account: permanent_bot_user_1082@securemail.com
[*] Network IP Rotated Successfully via Connected Device.
[✅ SUCCESS] Cycle #1082 completed and logged to Supabase cloud!
[*] Sleeping for 10 minutes before next cycle...

[🔄 DAEMON] Executing automated cycle #1083...
[*] Target Account: permanent_bot_user_1083@securemail.com
[*] Network IP Rotated Successfully via Connected Device.
[✅ SUCCESS] Cycle #1083 completed and logged to Supabase cloud!
[*] Sleeping for 10 minutes before next cycle...

[🔄 DAEMON] Executing automated cycle #1084...
[*] Target Account: permanent_bot_user_1084@securemail.com
[*] Network IP Rotated Successfully via Connected Device.
[✅ SUCCESS] Cycle #1084 completed and logged to Supabase cloud!
[*] Sleeping for 10 minutes before next cycle...

[🔄 DAEMON] Executing automated cycle #1085...
[*] Target Account: permanent_bot_user_1085@securemail.com
[*] Network IP Rotated Successfully via Connected Device.
[✅ SUCCESS] Cycle #1085 completed and logged to Supabase cloud!
[*] Sleeping for 10 minutes before next cycle...

[🔄 DAEMON] Executing automated cycle #1086...
[*] Target Account: permanent_bot_user_1086@securemail.com
[*] Network IP Rotated Successfully via Connected Device.
[✅ SUCCESS] Cycle #1086 completed and logged to Supabase cloud!
[*] Sleeping for 10 minutes before next cycle...

[🔄 DAEMON] Executing automated cycle #1087...
[*] Target Account: permanent_bot_user_1087@securemail.com
[*] Network IP Rotated Successfully via Connected Device.
[✅ SUCCESS] Cycle #1087 completed and logged to Supabase cloud!
[*] Sleeping for 10 minutes before next cycle...

[🔄 DAEMON] Executing automated cycle #1088...
[*] Target Account: permanent_bot_user_1088@securemail.com
[*] Network IP Rotated Successfully via Connected Device.
[✅ SUCCESS] Cycle #1088 completed and logged to Supabase cloud!
[*] Sleeping for 10 minutes before next cycle...

[🔄 DAEMON] Executing automated cycle #1089...
[*] Target Account: permanent_bot_user_1089@securemail.com
[*] Network IP Rotated Successfully via Connected Device.
[✅ SUCCESS] Cycle #1089 completed and logged to Supabase cloud!
[*] Sleeping for 10 minutes before next cycle...

[🔄 DAEMON] Executing automated cycle #1090...
[*] Target Account: permanent_bot_user_1090@securemail.com
[*] Network IP Rotated Successfully via Connected Device.
[✅ SUCCESS] Cycle #1090 completed and logged to Supabase cloud!
[*] Sleeping for 10 minutes before next cycle...

[🔄 DAEMON] Executing automated cycle #1091...
[*] Target Account: permanent_bot_user_1091@securemail.com
[*] Network IP Rotated Successfully via Connected Device.
[✅ SUCCESS] Cycle #1091 completed and logged to Supabase cloud!
[*] Sleeping for 10 minutes before next cycle...

[🔄 DAEMON] Executing automated cycle #1092...
[*] Target Account: permanent_bot_user_1092@securemail.com
[*] Network IP Rotated Successfully via Connected Device.
[✅ SUCCESS] Cycle #1092 completed and logged to Supabase cloud!
[*] Sleeping for 10 minutes before next cycle...

[🔄 DAEMON] Executing automated cycle #1093...
[*] Target Account: permanent_bot_user_1093@securemail.com
[*] Network IP Rotated Successfully via Connected Device.
[✅ SUCCESS] Cycle #1093 completed and logged to Supabase cloud!
[*] Sleeping for 10 minutes before next cycle...

[🔄 DAEMON] Executing automated cycle #1094...
[*] Target Account: permanent_bot_user_1094@securemail.com
[*] Network IP Rotated Successfully via Connected Device.
[✅ SUCCESS] Cycle #1094 completed and logged to Supabase cloud!
[*] Sleeping for 10 minutes before next cycle...

[🔄 DAEMON] Executing automated cycle #1095...
[*] Target Account: permanent_bot_user_1095@securemail.com
[*] Network IP Rotated Successfully via Connected Device.
[✅ SUCCESS] Cycle #1095 completed and logged to Supabase cloud!
[*] Sleeping for 10 minutes before next cycle...

[🔄 DAEMON] Executing automated cycle #1096...
[*] Target Account: permanent_bot_user_1096@securemail.com
[*] Network IP Rotated Successfully via Connected Device.
[✅ SUCCESS] Cycle #1096 completed and logged to Supabase cloud!
[*] Sleeping for 10 minutes before next cycle...

[🔄 DAEMON] Executing automated cycle #1097...
[*] Target Account: permanent_bot_user_1097@securemail.com
[*] Network IP Rotated Successfully via Connected Device.
[✅ SUCCESS] Cycle #1097 completed and logged to Supabase cloud!
[*] Sleeping for 10 minutes before next cycle...

[🔄 DAEMON] Executing automated cycle #1098...
[*] Target Account: permanent_bot_user_1098@securemail.com
[*] Network IP Rotated Successfully via Connected Device.
[✅ SUCCESS] Cycle #1098 completed and logged to Supabase cloud!
[*] Sleeping for 10 minutes before next cycle...

[🔄 DAEMON] Executing automated cycle #1099...
[*] Target Account: permanent_bot_user_1099@securemail.com
[*] Network IP Rotated Successfully via Connected Device.
[✅ SUCCESS] Cycle #1099 completed and logged to Supabase cloud!
[*] Sleeping for 10 minutes before next cycle...

[🔄 DAEMON] Executing automated cycle #1100...
[*] Target Account: permanent_bot_user_1100@securemail.com
[*] Network IP Rotated Successfully via Connected Device.
[✅ SUCCESS] Cycle #1100 completed and logged to Supabase cloud!
[*] Sleeping for 10 minutes before next cycle...

[🔄 DAEMON] Executing automated cycle #1101...
[*] Target Account: permanent_bot_user_1101@securemail.com
[*] Network IP Rotated Successfully via Connected Device.
[✅ SUCCESS] Cycle #1101 completed and logged to Supabase cloud!
[*] Sleeping for 10 minutes before next cycle...

[🔄 DAEMON] Executing automated cycle #1102...
[*] Target Account: permanent_bot_user_1102@securemail.com
[*] Network IP Rotated Successfully via Connected Device.
[✅ SUCCESS] Cycle #1102 completed and logged to Supabase cloud!
[*] Sleeping for 10 minutes before next cycle...

[🔄 DAEMON] Executing automated cycle #1103...
[*] Target Account: permanent_bot_user_1103@securemail.com
[*] Network IP Rotated Successfully via Connected Device.
[✅ SUCCESS] Cycle #1103 completed and logged to Supabase cloud!
[*] Sleeping for 10 minutes before next cycle...

[🔄 DAEMON] Executing automated cycle #1104...
[*] Target Account: permanent_bot_user_1104@securemail.com
[*] Network IP Rotated Successfully via Connected Device.
[✅ SUCCESS] Cycle #1104 completed and logged to Supabase cloud!
[*] Sleeping for 10 minutes before next cycle...

[🔄 DAEMON] Executing automated cycle #1105...
[*] Target Account: permanent_bot_user_1105@securemail.com
[*] Network IP Rotated Successfully via Connected Device.
[✅ SUCCESS] Cycle #1105 completed and logged to Supabase cloud!
[*] Sleeping for 10 minutes before next cycle...

[🔄 DAEMON] Executing automated cycle #1106...
[*] Target Account: permanent_bot_user_1106@securemail.com
[*] Network IP Rotated Successfully via Connected Device.
[✅ SUCCESS] Cycle #1106 completed and logged to Supabase cloud!
[*] Sleeping for 10 minutes before next cycle...

[🔄 DAEMON] Executing automated cycle #1107...
[*] Target Account: permanent_bot_user_1107@securemail.com
[*] Network IP Rotated Successfully via Connected Device.
[✅ SUCCESS] Cycle #1107 completed and logged to Supabase cloud!
[*] Sleeping for 10 minutes before next cycle...

[🔄 DAEMON] Executing automated cycle #1108...
[*] Target Account: permanent_bot_user_1108@securemail.com
[*] Network IP Rotated Successfully via Connected Device.
[✅ SUCCESS] Cycle #1108 completed and logged to Supabase cloud!
[*] Sleeping for 10 minutes before next cycle...

[🔄 DAEMON] Executing automated cycle #1109...
[*] Target Account: permanent_bot_user_1109@securemail.com
[*] Network IP Rotated Successfully via Connected Device.
[✅ SUCCESS] Cycle #1109 completed and logged to Supabase cloud!
[*] Sleeping for 10 minutes before next cycle...

[🔄 DAEMON] Executing automated cycle #1110...
[*] Target Account: permanent_bot_user_1110@securemail.com
[*] Network IP Rotated Successfully via Connected Device.
[✅ SUCCESS] Cycle #1110 completed and logged to Supabase cloud!
[*] Sleeping for 10 minutes before next cycle...

[🔄 DAEMON] Executing automated cycle #1111...
[*] Target Account: permanent_bot_user_1111@securemail.com
[*] Network IP Rotated Successfully via Connected Device.
[✅ SUCCESS] Cycle #1111 completed and logged to Supabase cloud!
[*] Sleeping for 10 minutes before next cycle...

[🔄 DAEMON] Executing automated cycle #1112...
[*] Target Account: permanent_bot_user_1112@securemail.com
[*] Network IP Rotated Successfully via Connected Device.
[✅ SUCCESS] Cycle #1112 completed and logged to Supabase cloud!
[*] Sleeping for 10 minutes before next cycle...

[🔄 DAEMON] Executing automated cycle #1113...
[*] Target Account: permanent_bot_user_1113@securemail.com
[*] Network IP Rotated Successfully via Connected Device.
[✅ SUCCESS] Cycle #1113 completed and logged to Supabase cloud!
[*] Sleeping for 10 minutes before next cycle...

[🔄 DAEMON] Executing automated cycle #1114...
[*] Target Account: permanent_bot_user_1114@securemail.com
[*] Network IP Rotated Successfully via Connected Device.
[✅ SUCCESS] Cycle #1114 completed and logged to Supabase cloud!
[*] Sleeping for 10 minutes before next cycle...

[🔄 DAEMON] Executing automated cycle #1115...
[*] Target Account: permanent_bot_user_1115@securemail.com
[*] Network IP Rotated Successfully via Connected Device.
[✅ SUCCESS] Cycle #1115 completed and logged to Supabase cloud!
[*] Sleeping for 10 minutes before next cycle...

[🔄 DAEMON] Executing automated cycle #1116...
[*] Target Account: permanent_bot_user_1116@securemail.com
[*] Network IP Rotated Successfully via Connected Device.
[✅ SUCCESS] Cycle #1116 completed and logged to Supabase cloud!
[*] Sleeping for 10 minutes before next cycle...

[🔄 DAEMON] Executing automated cycle #1117...
[*] Target Account: permanent_bot_user_1117@securemail.com
[*] Network IP Rotated Successfully via Connected Device.
[✅ SUCCESS] Cycle #1117 completed and logged to Supabase cloud!
[*] Sleeping for 10 minutes before next cycle...

[🔄 DAEMON] Executing automated cycle #1118...
[*] Target Account: permanent_bot_user_1118@securemail.com
[*] Network IP Rotated Successfully via Connected Device.
[✅ SUCCESS] Cycle #1118 completed and logged to Supabase cloud!
[*] Sleeping for 10 minutes before next cycle...

[🔄 DAEMON] Executing automated cycle #1119...
[*] Target Account: permanent_bot_user_1119@securemail.com
[*] Network IP Rotated Successfully via Connected Device.
[✅ SUCCESS] Cycle #1119 completed and logged to Supabase cloud!
[*] Sleeping for 10 minutes before next cycle...

[🔄 DAEMON] Executing automated cycle #1120...
[*] Target Account: permanent_bot_user_1120@securemail.com
[*] Network IP Rotated Successfully via Connected Device.
[✅ SUCCESS] Cycle #1120 completed and logged to Supabase cloud!
[*] Sleeping for 10 minutes before next cycle...

[🔄 DAEMON] Executing automated cycle #1121...
[*] Target Account: permanent_bot_user_1121@securemail.com
[*] Network IP Rotated Successfully via Connected Device.
[✅ SUCCESS] Cycle #1121 completed and logged to Supabase cloud!
[*] Sleeping for 10 minutes before next cycle...

[🔄 DAEMON] Executing automated cycle #1122...
[*] Target Account: permanent_bot_user_1122@securemail.com
[*] Network IP Rotated Successfully via Connected Device.
[✅ SUCCESS] Cycle #1122 completed and logged to Supabase cloud!
[*] Sleeping for 10 minutes before next cycle...

[🔄 DAEMON] Executing automated cycle #1123...
[*] Target Account: permanent_bot_user_1123@securemail.com
[*] Network IP Rotated Successfully via Connected Device.
[✅ SUCCESS] Cycle #1123 completed and logged to Supabase cloud!
[*] Sleeping for 10 minutes before next cycle...

[🔄 DAEMON] Executing automated cycle #1124...
[*] Target Account: permanent_bot_user_1124@securemail.com
[*] Network IP Rotated Successfully via Connected Device.
[✅ SUCCESS] Cycle #1124 completed and logged to Supabase cloud!
[*] Sleeping for 10 minutes before next cycle...

[🔄 DAEMON] Executing automated cycle #1125...
[*] Target Account: permanent_bot_user_1125@securemail.com
[*] Network IP Rotated Successfully via Connected Device.
[✅ SUCCESS] Cycle #1125 completed and logged to Supabase cloud!
[*] Sleeping for 10 minutes before next cycle...

[🔄 DAEMON] Executing automated cycle #1126...
[*] Target Account: permanent_bot_user_1126@securemail.com
[*] Network IP Rotated Successfully via Connected Device.
[✅ SUCCESS] Cycle #1126 completed and logged to Supabase cloud!
[*] Sleeping for 10 minutes before next cycle...

[🔄 DAEMON] Executing automated cycle #1127...
[*] Target Account: permanent_bot_user_1127@securemail.com
[*] Network IP Rotated Successfully via Connected Device.
[✅ SUCCESS] Cycle #1127 completed and logged to Supabase cloud!
[*] Sleeping for 10 minutes before next cycle...

[🔄 DAEMON] Executing automated cycle #1128...
[*] Target Account: permanent_bot_user_1128@securemail.com
[*] Network IP Rotated Successfully via Connected Device.
[✅ SUCCESS] Cycle #1128 completed and logged to Supabase cloud!
[*] Sleeping for 10 minutes before next cycle...

[🔄 DAEMON] Executing automated cycle #1129...
[*] Target Account: permanent_bot_user_1129@securemail.com
[*] Network IP Rotated Successfully via Connected Device.
[✅ SUCCESS] Cycle #1129 completed and logged to Supabase cloud!
[*] Sleeping for 10 minutes before next cycle...

[🔄 DAEMON] Executing automated cycle #1130...
[*] Target Account: permanent_bot_user_1130@securemail.com
[*] Network IP Rotated Successfully via Connected Device.
[✅ SUCCESS] Cycle #1130 completed and logged to Supabase cloud!
[*] Sleeping for 10 minutes before next cycle...

[🔄 DAEMON] Executing automated cycle #1131...
[*] Target Account: permanent_bot_user_1131@securemail.com
[*] Network IP Rotated Successfully via Connected Device.
[✅ SUCCESS] Cycle #1131 completed and logged to Supabase cloud!
[*] Sleeping for 10 minutes before next cycle...

[🔄 DAEMON] Executing automated cycle #1132...
[*] Target Account: permanent_bot_user_1132@securemail.com
[*] Network IP Rotated Successfully via Connected Device.
[✅ SUCCESS] Cycle #1132 completed and logged to Supabase cloud!
[*] Sleeping for 10 minutes before next cycle...

[🔄 DAEMON] Executing automated cycle #1133...
[*] Target Account: permanent_bot_user_1133@securemail.com
[*] Network IP Rotated Successfully via Connected Device.
[✅ SUCCESS] Cycle #1133 completed and logged to Supabase cloud!
[*] Sleeping for 10 minutes before next cycle...

[🔄 DAEMON] Executing automated cycle #1134...
[*] Target Account: permanent_bot_user_1134@securemail.com
[*] Network IP Rotated Successfully via Connected Device.
[✅ SUCCESS] Cycle #1134 completed and logged to Supabase cloud!
[*] Sleeping for 10 minutes before next cycle...

[🔄 DAEMON] Executing automated cycle #1135...
[*] Target Account: permanent_bot_user_1135@securemail.com
[*] Network IP Rotated Successfully via Connected Device.
[✅ SUCCESS] Cycle #1135 completed and logged to Supabase cloud!
[*] Sleeping for 10 minutes before next cycle...

[🔄 DAEMON] Executing automated cycle #1136...
[*] Target Account: permanent_bot_user_1136@securemail.com
[*] Network IP Rotated Successfully via Connected Device.
[✅ SUCCESS] Cycle #1136 completed and logged to Supabase cloud!
[*] Sleeping for 10 minutes before next cycle...

[🔄 DAEMON] Executing automated cycle #1137...
[*] Target Account: permanent_bot_user_1137@securemail.com
[*] Network IP Rotated Successfully via Connected Device.
[✅ SUCCESS] Cycle #1137 completed and logged to Supabase cloud!
[*] Sleeping for 10 minutes before next cycle...

[🔄 DAEMON] Executing automated cycle #1138...
[*] Target Account: permanent_bot_user_1138@securemail.com
[*] Network IP Rotated Successfully via Connected Device.
[✅ SUCCESS] Cycle #1138 completed and logged to Supabase cloud!
[*] Sleeping for 10 minutes before next cycle...

[🔄 DAEMON] Executing automated cycle #1139...
[*] Target Account: permanent_bot_user_1139@securemail.com
[*] Network IP Rotated Successfully via Connected Device.
[✅ SUCCESS] Cycle #1139 completed and logged to Supabase cloud!
[*] Sleeping for 10 minutes before next cycle...

[🔄 DAEMON] Executing automated cycle #1140...
[*] Target Account: permanent_bot_user_1140@securemail.com
[*] Network IP Rotated Successfully via Connected Device.
[✅ SUCCESS] Cycle #1140 completed and logged to Supabase cloud!
[*] Sleeping for 10 minutes before next cycle...

[🔄 DAEMON] Executing automated cycle #1141...
[*] Target Account: permanent_bot_user_1141@securemail.com
[*] Network IP Rotated Successfully via Connected Device.
[✅ SUCCESS] Cycle #1141 completed and logged to Supabase cloud!
[*] Sleeping for 10 minutes before next cycle...

[🔄 DAEMON] Executing automated cycle #1142...
[*] Target Account: permanent_bot_user_1142@securemail.com
[*] Network IP Rotated Successfully via Connected Device.
[✅ SUCCESS] Cycle #1142 completed and logged to Supabase cloud!
[*] Sleeping for 10 minutes before next cycle...

[🔄 DAEMON] Executing automated cycle #1143...
[*] Target Account: permanent_bot_user_1143@securemail.com
[*] Network IP Rotated Successfully via Connected Device.
[✅ SUCCESS] Cycle #1143 completed and logged to Supabase cloud!
[*] Sleeping for 10 minutes before next cycle...

[🔄 DAEMON] Executing automated cycle #1144...
[*] Target Account: permanent_bot_user_1144@securemail.com
[*] Network IP Rotated Successfully via Connected Device.
[✅ SUCCESS] Cycle #1144 completed and logged to Supabase cloud!
[*] Sleeping for 10 minutes before next cycle...

[🔄 DAEMON] Executing automated cycle #1145...
[*] Target Account: permanent_bot_user_1145@securemail.com
[*] Network IP Rotated Successfully via Connected Device.
[✅ SUCCESS] Cycle #1145 completed and logged to Supabase cloud!
[*] Sleeping for 10 minutes before next cycle...

[🔄 DAEMON] Executing automated cycle #1146...
[*] Target Account: permanent_bot_user_1146@securemail.com
[*] Network IP Rotated Successfully via Connected Device.
[✅ SUCCESS] Cycle #1146 completed and logged to Supabase cloud!
[*] Sleeping for 10 minutes before next cycle...

[🔄 DAEMON] Executing automated cycle #1147...
[*] Target Account: permanent_bot_user_1147@securemail.com
[*] Network IP Rotated Successfully via Connected Device.
[✅ SUCCESS] Cycle #1147 completed and logged to Supabase cloud!
[*] Sleeping for 10 minutes before next cycle...

[🔄 DAEMON] Executing automated cycle #1148...
[*] Target Account: permanent_bot_user_1148@securemail.com
[*] Network IP Rotated Successfully via Connected Device.
[✅ SUCCESS] Cycle #1148 completed and logged to Supabase cloud!
[*] Sleeping for 10 minutes before next cycle...

[🔄 DAEMON] Executing automated cycle #1149...
[*] Target Account: permanent_bot_user_1149@securemail.com
[*] Network IP Rotated Successfully via Connected Device.
[✅ SUCCESS] Cycle #1149 completed and logged to Supabase cloud!
[*] Sleeping for 10 minutes before next cycle...

[🔄 DAEMON] Executing automated cycle #1150...
[*] Target Account: permanent_bot_user_1150@securemail.com
[*] Network IP Rotated Successfully via Connected Device.
[✅ SUCCESS] Cycle #1150 completed and logged to Supabase cloud!
[*] Sleeping for 10 minutes before next cycle...

[🔄 DAEMON] Executing automated cycle #1151...
[*] Target Account: permanent_bot_user_1151@securemail.com
[*] Network IP Rotated Successfully via Connected Device.
[✅ SUCCESS] Cycle #1151 completed and logged to Supabase cloud!
[*] Sleeping for 10 minutes before next cycle...

[🔄 DAEMON] Executing automated cycle #1152...
[*] Target Account: permanent_bot_user_1152@securemail.com
[*] Network IP Rotated Successfully via Connected Device.
[✅ SUCCESS] Cycle #1152 completed and logged to Supabase cloud!
[*] Sleeping for 10 minutes before next cycle...

[🔄 DAEMON] Executing automated cycle #1153...
[*] Target Account: permanent_bot_user_1153@securemail.com
[*] Network IP Rotated Successfully via Connected Device.
[✅ SUCCESS] Cycle #1153 completed and logged to Supabase cloud!
[*] Sleeping for 10 minutes before next cycle...

[🔄 DAEMON] Executing automated cycle #1154...
[*] Target Account: permanent_bot_user_1154@securemail.com
[*] Network IP Rotated Successfully via Connected Device.
[✅ SUCCESS] Cycle #1154 completed and logged to Supabase cloud!
[*] Sleeping for 10 minutes before next cycle...

[🔄 DAEMON] Executing automated cycle #1155...
[*] Target Account: permanent_bot_user_1155@securemail.com
[*] Network IP Rotated Successfully via Connected Device.
[✅ SUCCESS] Cycle #1155 completed and logged to Supabase cloud!
[*] Sleeping for 10 minutes before next cycle...

[🔄 DAEMON] Executing automated cycle #1156...
[*] Target Account: permanent_bot_user_1156@securemail.com
[*] Network IP Rotated Successfully via Connected Device.
[✅ SUCCESS] Cycle #1156 completed and logged to Supabase cloud!
[*] Sleeping for 10 minutes before next cycle...

[🔄 DAEMON] Executing automated cycle #1157...
[*] Target Account: permanent_bot_user_1157@securemail.com
[*] Network IP Rotated Successfully via Connected Device.
[✅ SUCCESS] Cycle #1157 completed and logged to Supabase cloud!
[*] Sleeping for 10 minutes before next cycle...

[🔄 DAEMON] Executing automated cycle #1158...
[*] Target Account: permanent_bot_user_1158@securemail.com
[*] Network IP Rotated Successfully via Connected Device.
[✅ SUCCESS] Cycle #1158 completed and logged to Supabase cloud!
[*] Sleeping for 10 minutes before next cycle...

[🔄 DAEMON] Executing automated cycle #1159...
[*] Target Account: permanent_bot_user_1159@securemail.com
[*] Network IP Rotated Successfully via Connected Device.
[✅ SUCCESS] Cycle #1159 completed and logged to Supabase cloud!
[*] Sleeping for 10 minutes before next cycle...

[🔄 DAEMON] Executing automated cycle #1160...
[*] Target Account: permanent_bot_user_1160@securemail.com
[*] Network IP Rotated Successfully via Connected Device.
[✅ SUCCESS] Cycle #1160 completed and logged to Supabase cloud!
[*] Sleeping for 10 minutes before next cycle...

[🔄 DAEMON] Executing automated cycle #1161...
[*] Target Account: permanent_bot_user_1161@securemail.com
[*] Network IP Rotated Successfully via Connected Device.
[✅ SUCCESS] Cycle #1161 completed and logged to Supabase cloud!
[*] Sleeping for 10 minutes before next cycle...

[🔄 DAEMON] Executing automated cycle #1162...
[*] Target Account: permanent_bot_user_1162@securemail.com
[*] Network IP Rotated Successfully via Connected Device.
[✅ SUCCESS] Cycle #1162 completed and logged to Supabase cloud!
[*] Sleeping for 10 minutes before next cycle...

[🔄 DAEMON] Executing automated cycle #1163...
[*] Target Account: permanent_bot_user_1163@securemail.com
[*] Network IP Rotated Successfully via Connected Device.
[✅ SUCCESS] Cycle #1163 completed and logged to Supabase cloud!
[*] Sleeping for 10 minutes before next cycle...

[🔄 DAEMON] Executing automated cycle #1164...
[*] Target Account: permanent_bot_user_1164@securemail.com
[*] Network IP Rotated Successfully via Connected Device.
[✅ SUCCESS] Cycle #1164 completed and logged to Supabase cloud!
[*] Sleeping for 10 minutes before next cycle...

[🔄 DAEMON] Executing automated cycle #1165...
[*] Target Account: permanent_bot_user_1165@securemail.com
[*] Network IP Rotated Successfully via Connected Device.
[✅ SUCCESS] Cycle #1165 completed and logged to Supabase cloud!
[*] Sleeping for 10 minutes before next cycle...

[🔄 DAEMON] Executing automated cycle #1166...
[*] Target Account: permanent_bot_user_1166@securemail.com
[*] Network IP Rotated Successfully via Connected Device.
[✅ SUCCESS] Cycle #1166 completed and logged to Supabase cloud!
[*] Sleeping for 10 minutes before next cycle...

[🔄 DAEMON] Executing automated cycle #1167...
[*] Target Account: permanent_bot_user_1167@securemail.com
[*] Network IP Rotated Successfully via Connected Device.
[✅ SUCCESS] Cycle #1167 completed and logged to Supabase cloud!
[*] Sleeping for 10 minutes before next cycle...

[🔄 DAEMON] Executing automated cycle #1168...
[*] Target Account: permanent_bot_user_1168@securemail.com
[*] Network IP Rotated Successfully via Connected Device.
[✅ SUCCESS] Cycle #1168 completed and logged to Supabase cloud!
[*] Sleeping for 10 minutes before next cycle...

[🔄 DAEMON] Executing automated cycle #1169...
[*] Target Account: permanent_bot_user_1169@securemail.com
[*] Network IP Rotated Successfully via Connected Device.
[✅ SUCCESS] Cycle #1169 completed and logged to Supabase cloud!
[*] Sleeping for 10 minutes before next cycle...

[🔄 DAEMON] Executing automated cycle #1170...
[*] Target Account: permanent_bot_user_1170@securemail.com
[*] Network IP Rotated Successfully via Connected Device.
[✅ SUCCESS] Cycle #1170 completed and logged to Supabase cloud!
[*] Sleeping for 10 minutes before next cycle...

[🔄 DAEMON] Executing automated cycle #1171...
[*] Target Account: permanent_bot_user_1171@securemail.com
[*] Network IP Rotated Successfully via Connected Device.
[✅ SUCCESS] Cycle #1171 completed and logged to Supabase cloud!
[*] Sleeping for 10 minutes before next cycle...

[🔄 DAEMON] Executing automated cycle #1172...
[*] Target Account: permanent_bot_user_1172@securemail.com
[*] Network IP Rotated Successfully via Connected Device.
[✅ SUCCESS] Cycle #1172 completed and logged to Supabase cloud!
[*] Sleeping for 10 minutes before next cycle...

[🔄 DAEMON] Executing automated cycle #1173...
[*] Target Account: permanent_bot_user_1173@securemail.com
[*] Network IP Rotated Successfully via Connected Device.
[✅ SUCCESS] Cycle #1173 completed and logged to Supabase cloud!
[*] Sleeping for 10 minutes before next cycle...

[🔄 DAEMON] Executing automated cycle #1174...
[*] Target Account: permanent_bot_user_1174@securemail.com
[*] Network IP Rotated Successfully via Connected Device.
[✅ SUCCESS] Cycle #1174 completed and logged to Supabase cloud!
[*] Sleeping for 10 minutes before next cycle...

[🔄 DAEMON] Executing automated cycle #1175...
[*] Target Account: permanent_bot_user_1175@securemail.com
[*] Network IP Rotated Successfully via Connected Device.
[✅ SUCCESS] Cycle #1175 completed and logged to Supabase cloud!
[*] Sleeping for 10 minutes before next cycle...

[🔄 DAEMON] Executing automated cycle #1176...
[*] Target Account: permanent_bot_user_1176@securemail.com
[*] Network IP Rotated Successfully via Connected Device.
[✅ SUCCESS] Cycle #1176 completed and logged to Supabase cloud!
[*] Sleeping for 10 minutes before next cycle...

[🔄 DAEMON] Executing automated cycle #1177...
[*] Target Account: permanent_bot_user_1177@securemail.com
[*] Network IP Rotated Successfully via Connected Device.
[✅ SUCCESS] Cycle #1177 completed and logged to Supabase cloud!
[*] Sleeping for 10 minutes before next cycle...

[🔄 DAEMON] Executing automated cycle #1178...
[*] Target Account: permanent_bot_user_1178@securemail.com
[*] Network IP Rotated Successfully via Connected Device.
[✅ SUCCESS] Cycle #1178 completed and logged to Supabase cloud!
[*] Sleeping for 10 minutes before next cycle...

[🔄 DAEMON] Executing automated cycle #1179...
[*] Target Account: permanent_bot_user_1179@securemail.com
[*] Network IP Rotated Successfully via Connected Device.
[✅ SUCCESS] Cycle #1179 completed and logged to Supabase cloud!
[*] Sleeping for 10 minutes before next cycle...

[🔄 DAEMON] Executing automated cycle #1180...
[*] Target Account: permanent_bot_user_1180@securemail.com
[*] Network IP Rotated Successfully via Connected Device.
[✅ SUCCESS] Cycle #1180 completed and logged to Supabase cloud!
[*] Sleeping for 10 minutes before next cycle...

[🔄 DAEMON] Executing automated cycle #1181...
[*] Target Account: permanent_bot_user_1181@securemail.com
[*] Network IP Rotated Successfully via Connected Device.
[✅ SUCCESS] Cycle #1181 completed and logged to Supabase cloud!
[*] Sleeping for 10 minutes before next cycle...

[🔄 DAEMON] Executing automated cycle #1182...
[*] Target Account: permanent_bot_user_1182@securemail.com
[*] Network IP Rotated Successfully via Connected Device.
[✅ SUCCESS] Cycle #1182 completed and logged to Supabase cloud!
[*] Sleeping for 10 minutes before next cycle...

[🔄 DAEMON] Executing automated cycle #1183...
[*] Target Account: permanent_bot_user_1183@securemail.com
[*] Network IP Rotated Successfully via Connected Device.
[✅ SUCCESS] Cycle #1183 completed and logged to Supabase cloud!
[*] Sleeping for 10 minutes before next cycle...

[🔄 DAEMON] Executing automated cycle #1184...
[*] Target Account: permanent_bot_user_1184@securemail.com
[*] Network IP Rotated Successfully via Connected Device.
[✅ SUCCESS] Cycle #1184 completed and logged to Supabase cloud!
[*] Sleeping for 10 minutes before next cycle...

[🔄 DAEMON] Executing automated cycle #1185...
[*] Target Account: permanent_bot_user_1185@securemail.com
[*] Network IP Rotated Successfully via Connected Device.
[✅ SUCCESS] Cycle #1185 completed and logged to Supabase cloud!
[*] Sleeping for 10 minutes before next cycle...

[🔄 DAEMON] Executing automated cycle #1186...
[*] Target Account: permanent_bot_user_1186@securemail.com
[*] Network IP Rotated Successfully via Connected Device.
[✅ SUCCESS] Cycle #1186 completed and logged to Supabase cloud!
[*] Sleeping for 10 minutes before next cycle...

[🔄 DAEMON] Executing automated cycle #1187...
[*] Target Account: permanent_bot_user_1187@securemail.com
[*] Network IP Rotated Successfully via Connected Device.
[✅ SUCCESS] Cycle #1187 completed and logged to Supabase cloud!
[*] Sleeping for 10 minutes before next cycle...

[🔄 DAEMON] Executing automated cycle #1188...
[*] Target Account: permanent_bot_user_1188@securemail.com
[*] Network IP Rotated Successfully via Connected Device.
[✅ SUCCESS] Cycle #1188 completed and logged to Supabase cloud!
[*] Sleeping for 10 minutes before next cycle...

[🔄 DAEMON] Executing automated cycle #1189...
[*] Target Account: permanent_bot_user_1189@securemail.com
[*] Network IP Rotated Successfully via Connected Device.
[✅ SUCCESS] Cycle #1189 completed and logged to Supabase cloud!
[*] Sleeping for 10 minutes before next cycle...

[🔄 DAEMON] Executing automated cycle #1190...
[*] Target Account: permanent_bot_user_1190@securemail.com
[*] Network IP Rotated Successfully via Connected Device.
[✅ SUCCESS] Cycle #1190 completed and logged to Supabase cloud!
[*] Sleeping for 10 minutes before next cycle...

[🔄 DAEMON] Executing automated cycle #1191...
[*] Target Account: permanent_bot_user_1191@securemail.com
[*] Network IP Rotated Successfully via Connected Device.
[✅ SUCCESS] Cycle #1191 completed and logged to Supabase cloud!
[*] Sleeping for 10 minutes before next cycle...

[🔄 DAEMON] Executing automated cycle #1192...
[*] Target Account: permanent_bot_user_1192@securemail.com
[*] Network IP Rotated Successfully via Connected Device.
[✅ SUCCESS] Cycle #1192 completed and logged to Supabase cloud!
[*] Sleeping for 10 minutes before next cycle...

[🔄 DAEMON] Executing automated cycle #1193...
[*] Target Account: permanent_bot_user_1193@securemail.com
[*] Network IP Rotated Successfully via Connected Device.
[✅ SUCCESS] Cycle #1193 completed and logged to Supabase cloud!
[*] Sleeping for 10 minutes before next cycle...

[🔄 DAEMON] Executing automated cycle #1194...
[*] Target Account: permanent_bot_user_1194@securemail.com
[*] Network IP Rotated Successfully via Connected Device.
[✅ SUCCESS] Cycle #1194 completed and logged to Supabase cloud!
[*] Sleeping for 10 minutes before next cycle...

[🔄 DAEMON] Executing automated cycle #1195...
[*] Target Account: permanent_bot_user_1195@securemail.com
[*] Network IP Rotated Successfully via Connected Device.
[✅ SUCCESS] Cycle #1195 completed and logged to Supabase cloud!
[*] Sleeping for 10 minutes before next cycle...

[🔄 DAEMON] Executing automated cycle #1196...
[*] Target Account: permanent_bot_user_1196@securemail.com
[*] Network IP Rotated Successfully via Connected Device.
[✅ SUCCESS] Cycle #1196 completed and logged to Supabase cloud!
[*] Sleeping for 10 minutes before next cycle...

[🔄 DAEMON] Executing automated cycle #1197...
[*] Target Account: permanent_bot_user_1197@securemail.com
[*] Network IP Rotated Successfully via Connected Device.
[✅ SUCCESS] Cycle #1197 completed and logged to Supabase cloud!
[*] Sleeping for 10 minutes before next cycle...

[🔄 DAEMON] Executing automated cycle #1198...
[*] Target Account: permanent_bot_user_1198@securemail.com
[*] Network IP Rotated Successfully via Connected Device.
[✅ SUCCESS] Cycle #1198 completed and logged to Supabase cloud!
[*] Sleeping for 10 minutes before next cycle...

[🔄 DAEMON] Executing automated cycle #1199...
[*] Target Account: permanent_bot_user_1199@securemail.com
[*] Network IP Rotated Successfully via Connected Device.
[✅ SUCCESS] Cycle #1199 completed and logged to Supabase cloud!
[*] Sleeping for 10 minutes before next cycle...

[🔄 DAEMON] Executing automated cycle #1200...
[*] Target Account: permanent_bot_user_1200@securemail.com
[*] Network IP Rotated Successfully via Connected Device.
[✅ SUCCESS] Cycle #1200 completed and logged to Supabase cloud!
[*] Sleeping for 10 minutes before next cycle...

[🔄 DAEMON] Executing automated cycle #1201...
[*] Target Account: permanent_bot_user_1201@securemail.com
[*] Network IP Rotated Successfully via Connected Device.
[✅ SUCCESS] Cycle #1201 completed and logged to Supabase cloud!
[*] Sleeping for 10 minutes before next cycle...

[🔄 DAEMON] Executing automated cycle #1202...
[*] Target Account: permanent_bot_user_1202@securemail.com
[*] Network IP Rotated Successfully via Connected Device.
[✅ SUCCESS] Cycle #1202 completed and logged to Supabase cloud!
[*] Sleeping for 10 minutes before next cycle...

[🔄 DAEMON] Executing automated cycle #1203...
[*] Target Account: permanent_bot_user_1203@securemail.com
[*] Network IP Rotated Successfully via Connected Device.
[✅ SUCCESS] Cycle #1203 completed and logged to Supabase cloud!
[*] Sleeping for 10 minutes before next cycle...

[🔄 DAEMON] Executing automated cycle #1204...
[*] Target Account: permanent_bot_user_1204@securemail.com
[*] Network IP Rotated Successfully via Connected Device.
[✅ SUCCESS] Cycle #1204 completed and logged to Supabase cloud!
[*] Sleeping for 10 minutes before next cycle...

[🔄 DAEMON] Executing automated cycle #1205...
[*] Target Account: permanent_bot_user_1205@securemail.com
[*] Network IP Rotated Successfully via Connected Device.
[✅ SUCCESS] Cycle #1205 completed and logged to Supabase cloud!
[*] Sleeping for 10 minutes before next cycle...

[🔄 DAEMON] Executing automated cycle #1206...
[*] Target Account: permanent_bot_user_1206@securemail.com
[*] Network IP Rotated Successfully via Connected Device.
[✅ SUCCESS] Cycle #1206 completed and logged to Supabase cloud!
[*] Sleeping for 10 minutes before next cycle...

[🔄 DAEMON] Executing automated cycle #1207...
[*] Target Account: permanent_bot_user_1207@securemail.com
[*] Network IP Rotated Successfully via Connected Device.
[✅ SUCCESS] Cycle #1207 completed and logged to Supabase cloud!
[*] Sleeping for 10 minutes before next cycle...

[🔄 DAEMON] Executing automated cycle #1208...
[*] Target Account: permanent_bot_user_1208@securemail.com
[*] Network IP Rotated Successfully via Connected Device.
[✅ SUCCESS] Cycle #1208 completed and logged to Supabase cloud!
[*] Sleeping for 10 minutes before next cycle...

[🔄 DAEMON] Executing automated cycle #1209...
[*] Target Account: permanent_bot_user_1209@securemail.com
[*] Network IP Rotated Successfully via Connected Device.
[✅ SUCCESS] Cycle #1209 completed and logged to Supabase cloud!
[*] Sleeping for 10 minutes before next cycle...

[🔄 DAEMON] Executing automated cycle #1210...
[*] Target Account: permanent_bot_user_1210@securemail.com
[*] Network IP Rotated Successfully via Connected Device.
[✅ SUCCESS] Cycle #1210 completed and logged to Supabase cloud!
[*] Sleeping for 10 minutes before next cycle...

[🔄 DAEMON] Executing automated cycle #1211...
[*] Target Account: permanent_bot_user_1211@securemail.com
[*] Network IP Rotated Successfully via Connected Device.
[✅ SUCCESS] Cycle #1211 completed and logged to Supabase cloud!
[*] Sleeping for 10 minutes before next cycle...

[🔄 DAEMON] Executing automated cycle #1212...
[*] Target Account: permanent_bot_user_1212@securemail.com
[*] Network IP Rotated Successfully via Connected Device.
[✅ SUCCESS] Cycle #1212 completed and logged to Supabase cloud!
[*] Sleeping for 10 minutes before next cycle...

[🔄 DAEMON] Executing automated cycle #1213...
[*] Target Account: permanent_bot_user_1213@securemail.com
[*] Network IP Rotated Successfully via Connected Device.
[✅ SUCCESS] Cycle #1213 completed and logged to Supabase cloud!
[*] Sleeping for 10 minutes before next cycle...

[🔄 DAEMON] Executing automated cycle #1214...
[*] Target Account: permanent_bot_user_1214@securemail.com
[*] Network IP Rotated Successfully via Connected Device.
[✅ SUCCESS] Cycle #1214 completed and logged to Supabase cloud!
[*] Sleeping for 10 minutes before next cycle...

[🔄 DAEMON] Executing automated cycle #1215...
[*] Target Account: permanent_bot_user_1215@securemail.com
[*] Network IP Rotated Successfully via Connected Device.
[✅ SUCCESS] Cycle #1215 completed and logged to Supabase cloud!
[*] Sleeping for 10 minutes before next cycle...

[🔄 DAEMON] Executing automated cycle #1216...
[*] Target Account: permanent_bot_user_1216@securemail.com
[*] Network IP Rotated Successfully via Connected Device.
[✅ SUCCESS] Cycle #1216 completed and logged to Supabase cloud!
[*] Sleeping for 10 minutes before next cycle...

[🔄 DAEMON] Executing automated cycle #1217...
[*] Target Account: permanent_bot_user_1217@securemail.com
[*] Network IP Rotated Successfully via Connected Device.
[✅ SUCCESS] Cycle #1217 completed and logged to Supabase cloud!
[*] Sleeping for 10 minutes before next cycle...

[🔄 DAEMON] Executing automated cycle #1218...
[*] Target Account: permanent_bot_user_1218@securemail.com
[*] Network IP Rotated Successfully via Connected Device.
[✅ SUCCESS] Cycle #1218 completed and logged to Supabase cloud!
[*] Sleeping for 10 minutes before next cycle...

[🔄 DAEMON] Executing automated cycle #1219...
[*] Target Account: permanent_bot_user_1219@securemail.com
[*] Network IP Rotated Successfully via Connected Device.
[✅ SUCCESS] Cycle #1219 completed and logged to Supabase cloud!
[*] Sleeping for 10 minutes before next cycle...

[🔄 DAEMON] Executing automated cycle #1220...
[*] Target Account: permanent_bot_user_1220@securemail.com
[*] Network IP Rotated Successfully via Connected Device.
[✅ SUCCESS] Cycle #1220 completed and logged to Supabase cloud!
[*] Sleeping for 10 minutes before next cycle...

[🔄 DAEMON] Executing automated cycle #1221...
[*] Target Account: permanent_bot_user_1221@securemail.com
[*] Network IP Rotated Successfully via Connected Device.
[✅ SUCCESS] Cycle #1221 completed and logged to Supabase cloud!
[*] Sleeping for 10 minutes before next cycle...

[🔄 DAEMON] Executing automated cycle #1222...
[*] Target Account: permanent_bot_user_1222@securemail.com
[*] Network IP Rotated Successfully via Connected Device.
[✅ SUCCESS] Cycle #1222 completed and logged to Supabase cloud!
[*] Sleeping for 10 minutes before next cycle...

[🔄 DAEMON] Executing automated cycle #1223...
[*] Target Account: permanent_bot_user_1223@securemail.com
[*] Network IP Rotated Successfully via Connected Device.
[✅ SUCCESS] Cycle #1223 completed and logged to Supabase cloud!
[*] Sleeping for 10 minutes before next cycle...

[🔄 DAEMON] Executing automated cycle #1224...
[*] Target Account: permanent_bot_user_1224@securemail.com
[*] Network IP Rotated Successfully via Connected Device.
[✅ SUCCESS] Cycle #1224 completed and logged to Supabase cloud!
[*] Sleeping for 10 minutes before next cycle...

[🔄 DAEMON] Executing automated cycle #1225...
[*] Target Account: permanent_bot_user_1225@securemail.com
[*] Network IP Rotated Successfully via Connected Device.
[✅ SUCCESS] Cycle #1225 completed and logged to Supabase cloud!
[*] Sleeping for 10 minutes before next cycle...

[🔄 DAEMON] Executing automated cycle #1226...
[*] Target Account: permanent_bot_user_1226@securemail.com
[*] Network IP Rotated Successfully via Connected Device.
[✅ SUCCESS] Cycle #1226 completed and logged to Supabase cloud!
[*] Sleeping for 10 minutes before next cycle...

[🔄 DAEMON] Executing automated cycle #1227...
[*] Target Account: permanent_bot_user_1227@securemail.com
[*] Network IP Rotated Successfully via Connected Device.
[✅ SUCCESS] Cycle #1227 completed and logged to Supabase cloud!
[*] Sleeping for 10 minutes before next cycle...

[🔄 DAEMON] Executing automated cycle #1228...
[*] Target Account: permanent_bot_user_1228@securemail.com
[*] Network IP Rotated Successfully via Connected Device.
[✅ SUCCESS] Cycle #1228 completed and logged to Supabase cloud!
[*] Sleeping for 10 minutes before next cycle...

[🔄 DAEMON] Executing automated cycle #1229...
[*] Target Account: permanent_bot_user_1229@securemail.com
[*] Network IP Rotated Successfully via Connected Device.
[✅ SUCCESS] Cycle #1229 completed and logged to Supabase cloud!
[*] Sleeping for 10 minutes before next cycle...

[🔄 DAEMON] Executing automated cycle #1230...
[*] Target Account: permanent_bot_user_1230@securemail.com
[*] Network IP Rotated Successfully via Connected Device.
[✅ SUCCESS] Cycle #1230 completed and logged to Supabase cloud!
[*] Sleeping for 10 minutes before next cycle...

[🔄 DAEMON] Executing automated cycle #1231...
[*] Target Account: permanent_bot_user_1231@securemail.com
[*] Network IP Rotated Successfully via Connected Device.
[✅ SUCCESS] Cycle #1231 completed and logged to Supabase cloud!
[*] Sleeping for 10 minutes before next cycle...

[🔄 DAEMON] Executing automated cycle #1232...
[*] Target Account: permanent_bot_user_1232@securemail.com
[*] Network IP Rotated Successfully via Connected Device.
[✅ SUCCESS] Cycle #1232 completed and logged to Supabase cloud!
[*] Sleeping for 10 minutes before next cycle...

[🔄 DAEMON] Executing automated cycle #1233...
[*] Target Account: permanent_bot_user_1233@securemail.com
[*] Network IP Rotated Successfully via Connected Device.
[✅ SUCCESS] Cycle #1233 completed and logged to Supabase cloud!
[*] Sleeping for 10 minutes before next cycle...

[🔄 DAEMON] Executing automated cycle #1234...
[*] Target Account: permanent_bot_user_1234@securemail.com
[*] Network IP Rotated Successfully via Connected Device.
[✅ SUCCESS] Cycle #1234 completed and logged to Supabase cloud!
[*] Sleeping for 10 minutes before next cycle...

[🔄 DAEMON] Executing automated cycle #1235...
[*] Target Account: permanent_bot_user_1235@securemail.com
[*] Network IP Rotated Successfully via Connected Device.
[✅ SUCCESS] Cycle #1235 completed and logged to Supabase cloud!
[*] Sleeping for 10 minutes before next cycle...

[🔄 DAEMON] Executing automated cycle #1236...
[*] Target Account: permanent_bot_user_1236@securemail.com
[*] Network IP Rotated Successfully via Connected Device.
[✅ SUCCESS] Cycle #1236 completed and logged to Supabase cloud!
[*] Sleeping for 10 minutes before next cycle...

[🔄 DAEMON] Executing automated cycle #1237...
[*] Target Account: permanent_bot_user_1237@securemail.com
[*] Network IP Rotated Successfully via Connected Device.
[✅ SUCCESS] Cycle #1237 completed and logged to Supabase cloud!
[*] Sleeping for 10 minutes before next cycle...

[🔄 DAEMON] Executing automated cycle #1238...
[*] Target Account: permanent_bot_user_1238@securemail.com
[*] Network IP Rotated Successfully via Connected Device.
[✅ SUCCESS] Cycle #1238 completed and logged to Supabase cloud!
[*] Sleeping for 10 minutes before next cycle...

[🔄 DAEMON] Executing automated cycle #1239...
[*] Target Account: permanent_bot_user_1239@securemail.com
[*] Network IP Rotated Successfully via Connected Device.
[✅ SUCCESS] Cycle #1239 completed and logged to Supabase cloud!
[*] Sleeping for 10 minutes before next cycle...

[🔄 DAEMON] Executing automated cycle #1240...
[*] Target Account: permanent_bot_user_1240@securemail.com
[*] Network IP Rotated Successfully via Connected Device.
[✅ SUCCESS] Cycle #1240 completed and logged to Supabase cloud!
[*] Sleeping for 10 minutes before next cycle...

[🔄 DAEMON] Executing automated cycle #1241...
[*] Target Account: permanent_bot_user_1241@securemail.com
[*] Network IP Rotated Successfully via Connected Device.
[✅ SUCCESS] Cycle #1241 completed and logged to Supabase cloud!
[*] Sleeping for 10 minutes before next cycle...

[🔄 DAEMON] Executing automated cycle #1242...
[*] Target Account: permanent_bot_user_1242@securemail.com
[*] Network IP Rotated Successfully via Connected Device.
[✅ SUCCESS] Cycle #1242 completed and logged to Supabase cloud!
[*] Sleeping for 10 minutes before next cycle...

[🔄 DAEMON] Executing automated cycle #1243...
[*] Target Account: permanent_bot_user_1243@securemail.com
[*] Network IP Rotated Successfully via Connected Device.
[✅ SUCCESS] Cycle #1243 completed and logged to Supabase cloud!
[*] Sleeping for 10 minutes before next cycle...

[🔄 DAEMON] Executing automated cycle #1244...
[*] Target Account: permanent_bot_user_1244@securemail.com
[*] Network IP Rotated Successfully via Connected Device.
[✅ SUCCESS] Cycle #1244 completed and logged to Supabase cloud!
[*] Sleeping for 10 minutes before next cycle...

[🔄 DAEMON] Executing automated cycle #1245...
[*] Target Account: permanent_bot_user_1245@securemail.com
[*] Network IP Rotated Successfully via Connected Device.
[✅ SUCCESS] Cycle #1245 completed and logged to Supabase cloud!
[*] Sleeping for 10 minutes before next cycle...

[🔄 DAEMON] Executing automated cycle #1246...
[*] Target Account: permanent_bot_user_1246@securemail.com
[*] Network IP Rotated Successfully via Connected Device.
[✅ SUCCESS] Cycle #1246 completed and logged to Supabase cloud!
[*] Sleeping for 10 minutes before next cycle...

[🔄 DAEMON] Executing automated cycle #1247...
[*] Target Account: permanent_bot_user_1247@securemail.com
[*] Network IP Rotated Successfully via Connected Device.
[✅ SUCCESS] Cycle #1247 completed and logged to Supabase cloud!
[*] Sleeping for 10 minutes before next cycle...

[🔄 DAEMON] Executing automated cycle #1248...
[*] Target Account: permanent_bot_user_1248@securemail.com
[*] Network IP Rotated Successfully via Connected Device.
[✅ SUCCESS] Cycle #1248 completed and logged to Supabase cloud!
[*] Sleeping for 10 minutes before next cycle...

[🔄 DAEMON] Executing automated cycle #1249...
[*] Target Account: permanent_bot_user_1249@securemail.com
[*] Network IP Rotated Successfully via Connected Device.
[✅ SUCCESS] Cycle #1249 completed and logged to Supabase cloud!
[*] Sleeping for 10 minutes before next cycle...

[🔄 DAEMON] Executing automated cycle #1250...
[*] Target Account: permanent_bot_user_1250@securemail.com
[*] Network IP Rotated Successfully via Connected Device.
[✅ SUCCESS] Cycle #1250 completed and logged to Supabase cloud!
[*] Sleeping for 10 minutes before next cycle...

[🔄 DAEMON] Executing automated cycle #1251...
[*] Target Account: permanent_bot_user_1251@securemail.com
[*] Network IP Rotated Successfully via Connected Device.
[✅ SUCCESS] Cycle #1251 completed and logged to Supabase cloud!
[*] Sleeping for 10 minutes before next cycle...

[🔄 DAEMON] Executing automated cycle #1252...
[*] Target Account: permanent_bot_user_1252@securemail.com
[*] Network IP Rotated Successfully via Connected Device.
[✅ SUCCESS] Cycle #1252 completed and logged to Supabase cloud!
[*] Sleeping for 10 minutes before next cycle...

[🔄 DAEMON] Executing automated cycle #1253...
[*] Target Account: permanent_bot_user_1253@securemail.com
[*] Network IP Rotated Successfully via Connected Device.
[✅ SUCCESS] Cycle #1253 completed and logged to Supabase cloud!
[*] Sleeping for 10 minutes before next cycle...

[🔄 DAEMON] Executing automated cycle #1254...
[*] Target Account: permanent_bot_user_1254@securemail.com
[*] Network IP Rotated Successfully via Connected Device.
[✅ SUCCESS] Cycle #1254 completed and logged to Supabase cloud!
[*] Sleeping for 10 minutes before next cycle...

[🔄 DAEMON] Executing automated cycle #1255...
[*] Target Account: permanent_bot_user_1255@securemail.com
[*] Network IP Rotated Successfully via Connected Device.
[✅ SUCCESS] Cycle #1255 completed and logged to Supabase cloud!
[*] Sleeping for 10 minutes before next cycle...

[🔄 DAEMON] Executing automated cycle #1256...
[*] Target Account: permanent_bot_user_1256@securemail.com
[*] Network IP Rotated Successfully via Connected Device.
[✅ SUCCESS] Cycle #1256 completed and logged to Supabase cloud!
[*] Sleeping for 10 minutes before next cycle...

[🔄 DAEMON] Executing automated cycle #1257...
[*] Target Account: permanent_bot_user_1257@securemail.com
[*] Network IP Rotated Successfully via Connected Device.
[✅ SUCCESS] Cycle #1257 completed and logged to Supabase cloud!
[*] Sleeping for 10 minutes before next cycle...

[🔄 DAEMON] Executing automated cycle #1258...
[*] Target Account: permanent_bot_user_1258@securemail.com
[*] Network IP Rotated Successfully via Connected Device.
[✅ SUCCESS] Cycle #1258 completed and logged to Supabase cloud!
[*] Sleeping for 10 minutes before next cycle...

[🔄 DAEMON] Executing automated cycle #1259...
[*] Target Account: permanent_bot_user_1259@securemail.com
[*] Network IP Rotated Successfully via Connected Device.
[✅ SUCCESS] Cycle #1259 completed and logged to Supabase cloud!
[*] Sleeping for 10 minutes before next cycle...

[🔄 DAEMON] Executing automated cycle #1260...
[*] Target Account: permanent_bot_user_1260@securemail.com
[*] Network IP Rotated Successfully via Connected Device.
[✅ SUCCESS] Cycle #1260 completed and logged to Supabase cloud!
[*] Sleeping for 10 minutes before next cycle...

[🔄 DAEMON] Executing automated cycle #1261...
[*] Target Account: permanent_bot_user_1261@securemail.com
[*] Network IP Rotated Successfully via Connected Device.
[✅ SUCCESS] Cycle #1261 completed and logged to Supabase cloud!
[*] Sleeping for 10 minutes before next cycle...

[🔄 DAEMON] Executing automated cycle #1262...
[*] Target Account: permanent_bot_user_1262@securemail.com
[*] Network IP Rotated Successfully via Connected Device.
[✅ SUCCESS] Cycle #1262 completed and logged to Supabase cloud!
[*] Sleeping for 10 minutes before next cycle...

[🔄 DAEMON] Executing automated cycle #1263...
[*] Target Account: permanent_bot_user_1263@securemail.com
[*] Network IP Rotated Successfully via Connected Device.
[✅ SUCCESS] Cycle #1263 completed and logged to Supabase cloud!
[*] Sleeping for 10 minutes before next cycle...

[🔄 DAEMON] Executing automated cycle #1264...
[*] Target Account: permanent_bot_user_1264@securemail.com
[*] Network IP Rotated Successfully via Connected Device.
[✅ SUCCESS] Cycle #1264 completed and logged to Supabase cloud!
[*] Sleeping for 10 minutes before next cycle...

[🔄 DAEMON] Executing automated cycle #1265...
[*] Target Account: permanent_bot_user_1265@securemail.com
[*] Network IP Rotated Successfully via Connected Device.
[✅ SUCCESS] Cycle #1265 completed and logged to Supabase cloud!
[*] Sleeping for 10 minutes before next cycle...

[🔄 DAEMON] Executing automated cycle #1266...
[*] Target Account: permanent_bot_user_1266@securemail.com
[*] Network IP Rotated Successfully via Connected Device.
[✅ SUCCESS] Cycle #1266 completed and logged to Supabase cloud!
[*] Sleeping for 10 minutes before next cycle...

[🔄 DAEMON] Executing automated cycle #1267...
[*] Target Account: permanent_bot_user_1267@securemail.com
[*] Network IP Rotated Successfully via Connected Device.
[✅ SUCCESS] Cycle #1267 completed and logged to Supabase cloud!
[*] Sleeping for 10 minutes before next cycle...

[🔄 DAEMON] Executing automated cycle #1268...
[*] Target Account: permanent_bot_user_1268@securemail.com
[*] Network IP Rotated Successfully via Connected Device.
[✅ SUCCESS] Cycle #1268 completed and logged to Supabase cloud!
[*] Sleeping for 10 minutes before next cycle...

[🔄 DAEMON] Executing automated cycle #1269...
[*] Target Account: permanent_bot_user_1269@securemail.com
[*] Network IP Rotated Successfully via Connected Device.
[✅ SUCCESS] Cycle #1269 completed and logged to Supabase cloud!
[*] Sleeping for 10 minutes before next cycle...

[🔄 DAEMON] Executing automated cycle #1270...
[*] Target Account: permanent_bot_user_1270@securemail.com
[*] Network IP Rotated Successfully via Connected Device.
[✅ SUCCESS] Cycle #1270 completed and logged to Supabase cloud!
[*] Sleeping for 10 minutes before next cycle...

[🔄 DAEMON] Executing automated cycle #1271...
[*] Target Account: permanent_bot_user_1271@securemail.com
[*] Network IP Rotated Successfully via Connected Device.
[✅ SUCCESS] Cycle #1271 completed and logged to Supabase cloud!
[*] Sleeping for 10 minutes before next cycle...

[🔄 DAEMON] Executing automated cycle #1272...
[*] Target Account: permanent_bot_user_1272@securemail.com
[*] Network IP Rotated Successfully via Connected Device.
[✅ SUCCESS] Cycle #1272 completed and logged to Supabase cloud!
[*] Sleeping for 10 minutes before next cycle...

[🔄 DAEMON] Executing automated cycle #1273...
[*] Target Account: permanent_bot_user_1273@securemail.com
[*] Network IP Rotated Successfully via Connected Device.
[✅ SUCCESS] Cycle #1273 completed and logged to Supabase cloud!
[*] Sleeping for 10 minutes before next cycle...

[🔄 DAEMON] Executing automated cycle #1274...
[*] Target Account: permanent_bot_user_1274@securemail.com
[*] Network IP Rotated Successfully via Connected Device.
[✅ SUCCESS] Cycle #1274 completed and logged to Supabase cloud!
[*] Sleeping for 10 minutes before next cycle...

[🔄 DAEMON] Executing automated cycle #1275...
[*] Target Account: permanent_bot_user_1275@securemail.com
[*] Network IP Rotated Successfully via Connected Device.
[✅ SUCCESS] Cycle #1275 completed and logged to Supabase cloud!
[*] Sleeping for 10 minutes before next cycle...

[🔄 DAEMON] Executing automated cycle #1276...
[*] Target Account: permanent_bot_user_1276@securemail.com
[*] Network IP Rotated Successfully via Connected Device.
[✅ SUCCESS] Cycle #1276 completed and logged to Supabase cloud!
[*] Sleeping for 10 minutes before next cycle...

[🔄 DAEMON] Executing automated cycle #1277...
[*] Target Account: permanent_bot_user_1277@securemail.com
[*] Network IP Rotated Successfully via Connected Device.
[✅ SUCCESS] Cycle #1277 completed and logged to Supabase cloud!
[*] Sleeping for 10 minutes before next cycle...

[🔄 DAEMON] Executing automated cycle #1278...
[*] Target Account: permanent_bot_user_1278@securemail.com
[*] Network IP Rotated Successfully via Connected Device.
[✅ SUCCESS] Cycle #1278 completed and logged to Supabase cloud!
[*] Sleeping for 10 minutes before next cycle...

[🔄 DAEMON] Executing automated cycle #1279...
[*] Target Account: permanent_bot_user_1279@securemail.com
[*] Network IP Rotated Successfully via Connected Device.
[✅ SUCCESS] Cycle #1279 completed and logged to Supabase cloud!
[*] Sleeping for 10 minutes before next cycle...

[🔄 DAEMON] Executing automated cycle #1280...
[*] Target Account: permanent_bot_user_1280@securemail.com
[*] Network IP Rotated Successfully via Connected Device.
[✅ SUCCESS] Cycle #1280 completed and logged to Supabase cloud!
[*] Sleeping for 10 minutes before next cycle...

[🔄 DAEMON] Executing automated cycle #1281...
[*] Target Account: permanent_bot_user_1281@securemail.com
[*] Network IP Rotated Successfully via Connected Device.
[✅ SUCCESS] Cycle #1281 completed and logged to Supabase cloud!
[*] Sleeping for 10 minutes before next cycle...

[🔄 DAEMON] Executing automated cycle #1282...
[*] Target Account: permanent_bot_user_1282@securemail.com
[*] Network IP Rotated Successfully via Connected Device.
[✅ SUCCESS] Cycle #1282 completed and logged to Supabase cloud!
[*] Sleeping for 10 minutes before next cycle...

[🔄 DAEMON] Executing automated cycle #1283...
[*] Target Account: permanent_bot_user_1283@securemail.com
[*] Network IP Rotated Successfully via Connected Device.
[✅ SUCCESS] Cycle #1283 completed and logged to Supabase cloud!
[*] Sleeping for 10 minutes before next cycle...

[🔄 DAEMON] Executing automated cycle #1284...
[*] Target Account: permanent_bot_user_1284@securemail.com
[*] Network IP Rotated Successfully via Connected Device.
[✅ SUCCESS] Cycle #1284 completed and logged to Supabase cloud!
[*] Sleeping for 10 minutes before next cycle...

[🔄 DAEMON] Executing automated cycle #1285...
[*] Target Account: permanent_bot_user_1285@securemail.com
[*] Network IP Rotated Successfully via Connected Device.
[✅ SUCCESS] Cycle #1285 completed and logged to Supabase cloud!
[*] Sleeping for 10 minutes before next cycle...

[🔄 DAEMON] Executing automated cycle #1286...
[*] Target Account: permanent_bot_user_1286@securemail.com
[*] Network IP Rotated Successfully via Connected Device.
[✅ SUCCESS] Cycle #1286 completed and logged to Supabase cloud!
[*] Sleeping for 10 minutes before next cycle...

[🔄 DAEMON] Executing automated cycle #1287...
[*] Target Account: permanent_bot_user_1287@securemail.com
[*] Network IP Rotated Successfully via Connected Device.
[✅ SUCCESS] Cycle #1287 completed and logged to Supabase cloud!
[*] Sleeping for 10 minutes before next cycle...

[🔄 DAEMON] Executing automated cycle #1288...
[*] Target Account: permanent_bot_user_1288@securemail.com
[*] Network IP Rotated Successfully via Connected Device.
[✅ SUCCESS] Cycle #1288 completed and logged to Supabase cloud!
[*] Sleeping for 10 minutes before next cycle...

[🔄 DAEMON] Executing automated cycle #1289...
[*] Target Account: permanent_bot_user_1289@securemail.com
[*] Network IP Rotated Successfully via Connected Device.
[✅ SUCCESS] Cycle #1289 completed and logged to Supabase cloud!
[*] Sleeping for 10 minutes before next cycle...

[🔄 DAEMON] Executing automated cycle #1290...
[*] Target Account: permanent_bot_user_1290@securemail.com
[*] Network IP Rotated Successfully via Connected Device.
[✅ SUCCESS] Cycle #1290 completed and logged to Supabase cloud!
[*] Sleeping for 10 minutes before next cycle...

[🔄 DAEMON] Executing automated cycle #1291...
[*] Target Account: permanent_bot_user_1291@securemail.com
[*] Network IP Rotated Successfully via Connected Device.
[✅ SUCCESS] Cycle #1291 completed and logged to Supabase cloud!
[*] Sleeping for 10 minutes before next cycle...

[🔄 DAEMON] Executing automated cycle #1292...
[*] Target Account: permanent_bot_user_1292@securemail.com
[*] Network IP Rotated Successfully via Connected Device.
[✅ SUCCESS] Cycle #1292 completed and logged to Supabase cloud!
[*] Sleeping for 10 minutes before next cycle...

[🔄 DAEMON] Executing automated cycle #1293...
[*] Target Account: permanent_bot_user_1293@securemail.com
[*] Network IP Rotated Successfully via Connected Device.
[✅ SUCCESS] Cycle #1293 completed and logged to Supabase cloud!
[*] Sleeping for 10 minutes before next cycle...

[🔄 DAEMON] Executing automated cycle #1294...
[*] Target Account: permanent_bot_user_1294@securemail.com
[*] Network IP Rotated Successfully via Connected Device.
[✅ SUCCESS] Cycle #1294 completed and logged to Supabase cloud!
[*] Sleeping for 10 minutes before next cycle...

[🔄 DAEMON] Executing automated cycle #1295...
[*] Target Account: permanent_bot_user_1295@securemail.com
[*] Network IP Rotated Successfully via Connected Device.
[✅ SUCCESS] Cycle #1295 completed and logged to Supabase cloud!
[*] Sleeping for 10 minutes before next cycle...

[🔄 DAEMON] Executing automated cycle #1296...
[*] Target Account: permanent_bot_user_1296@securemail.com
[*] Network IP Rotated Successfully via Connected Device.
[✅ SUCCESS] Cycle #1296 completed and logged to Supabase cloud!
[*] Sleeping for 10 minutes before next cycle...

[🔄 DAEMON] Executing automated cycle #1297...
[*] Target Account: permanent_bot_user_1297@securemail.com
[*] Network IP Rotated Successfully via Connected Device.
[✅ SUCCESS] Cycle #1297 completed and logged to Supabase cloud!
[*] Sleeping for 10 minutes before next cycle...

[🔄 DAEMON] Executing automated cycle #1298...
[*] Target Account: permanent_bot_user_1298@securemail.com
[*] Network IP Rotated Successfully via Connected Device.
[✅ SUCCESS] Cycle #1298 completed and logged to Supabase cloud!
[*] Sleeping for 10 minutes before next cycle...

[🔄 DAEMON] Executing automated cycle #1299...
[*] Target Account: permanent_bot_user_1299@securemail.com
[*] Network IP Rotated Successfully via Connected Device.
[✅ SUCCESS] Cycle #1299 completed and logged to Supabase cloud!
[*] Sleeping for 10 minutes before next cycle...

[🔄 DAEMON] Executing automated cycle #1300...
[*] Target Account: permanent_bot_user_1300@securemail.com
[*] Network IP Rotated Successfully via Connected Device.
[✅ SUCCESS] Cycle #1300 completed and logged to Supabase cloud!
[*] Sleeping for 10 minutes before next cycle...

[🔄 DAEMON] Executing automated cycle #1301...
[*] Target Account: permanent_bot_user_1301@securemail.com
[*] Network IP Rotated Successfully via Connected Device.
[✅ SUCCESS] Cycle #1301 completed and logged to Supabase cloud!
[*] Sleeping for 10 minutes before next cycle...

[🔄 DAEMON] Executing automated cycle #1302...
[*] Target Account: permanent_bot_user_1302@securemail.com
[*] Network IP Rotated Successfully via Connected Device.
[✅ SUCCESS] Cycle #1302 completed and logged to Supabase cloud!
[*] Sleeping for 10 minutes before next cycle...

[🔄 DAEMON] Executing automated cycle #1303...
[*] Target Account: permanent_bot_user_1303@securemail.com
[*] Network IP Rotated Successfully via Connected Device.
[✅ SUCCESS] Cycle #1303 completed and logged to Supabase cloud!
[*] Sleeping for 10 minutes before next cycle...

[🔄 DAEMON] Executing automated cycle #1304...
[*] Target Account: permanent_bot_user_1304@securemail.com
[*] Network IP Rotated Successfully via Connected Device.
[✅ SUCCESS] Cycle #1304 completed and logged to Supabase cloud!
[*] Sleeping for 10 minutes before next cycle...

[🔄 DAEMON] Executing automated cycle #1305...
[*] Target Account: permanent_bot_user_1305@securemail.com
[*] Network IP Rotated Successfully via Connected Device.
[✅ SUCCESS] Cycle #1305 completed and logged to Supabase cloud!
[*] Sleeping for 10 minutes before next cycle...

[🔄 DAEMON] Executing automated cycle #1306...
[*] Target Account: permanent_bot_user_1306@securemail.com
[*] Network IP Rotated Successfully via Connected Device.
[✅ SUCCESS] Cycle #1306 completed and logged to Supabase cloud!
[*] Sleeping for 10 minutes before next cycle...

[🔄 DAEMON] Executing automated cycle #1307...
[*] Target Account: permanent_bot_user_1307@securemail.com
[*] Network IP Rotated Successfully via Connected Device.
[✅ SUCCESS] Cycle #1307 completed and logged to Supabase cloud!
[*] Sleeping for 10 minutes before next cycle...

[🔄 DAEMON] Executing automated cycle #1308...
[*] Target Account: permanent_bot_user_1308@securemail.com
[*] Network IP Rotated Successfully via Connected Device.
[✅ SUCCESS] Cycle #1308 completed and logged to Supabase cloud!
[*] Sleeping for 10 minutes before next cycle...

[🔄 DAEMON] Executing automated cycle #1309...
[*] Target Account: permanent_bot_user_1309@securemail.com
[*] Network IP Rotated Successfully via Connected Device.
[✅ SUCCESS] Cycle #1309 completed and logged to Supabase cloud!
[*] Sleeping for 10 minutes before next cycle...

[🔄 DAEMON] Executing automated cycle #1310...
[*] Target Account: permanent_bot_user_1310@securemail.com
[*] Network IP Rotated Successfully via Connected Device.
[✅ SUCCESS] Cycle #1310 completed and logged to Supabase cloud!
[*] Sleeping for 10 minutes before next cycle...

[🔄 DAEMON] Executing automated cycle #1311...
[*] Target Account: permanent_bot_user_1311@securemail.com
[*] Network IP Rotated Successfully via Connected Device.
[✅ SUCCESS] Cycle #1311 completed and logged to Supabase cloud!
[*] Sleeping for 10 minutes before next cycle...

[🔄 DAEMON] Executing automated cycle #1312...
[*] Target Account: permanent_bot_user_1312@securemail.com
[*] Network IP Rotated Successfully via Connected Device.
[✅ SUCCESS] Cycle #1312 completed and logged to Supabase cloud!
[*] Sleeping for 10 minutes before next cycle...

[🔄 DAEMON] Executing automated cycle #1313...
[*] Target Account: permanent_bot_user_1313@securemail.com
[*] Network IP Rotated Successfully via Connected Device.
[✅ SUCCESS] Cycle #1313 completed and logged to Supabase cloud!
[*] Sleeping for 10 minutes before next cycle...

[🔄 DAEMON] Executing automated cycle #1314...
[*] Target Account: permanent_bot_user_1314@securemail.com
[*] Network IP Rotated Successfully via Connected Device.
[✅ SUCCESS] Cycle #1314 completed and logged to Supabase cloud!
[*] Sleeping for 10 minutes before next cycle...

[🔄 DAEMON] Executing automated cycle #1315...
[*] Target Account: permanent_bot_user_1315@securemail.com
[*] Network IP Rotated Successfully via Connected Device.
[✅ SUCCESS] Cycle #1315 completed and logged to Supabase cloud!
[*] Sleeping for 10 minutes before next cycle...

[🔄 DAEMON] Executing automated cycle #1316...
[*] Target Account: permanent_bot_user_1316@securemail.com
[*] Network IP Rotated Successfully via Connected Device.
[✅ SUCCESS] Cycle #1316 completed and logged to Supabase cloud!
[*] Sleeping for 10 minutes before next cycle...

[🔄 DAEMON] Executing automated cycle #1317...
[*] Target Account: permanent_bot_user_1317@securemail.com
[*] Network IP Rotated Successfully via Connected Device.
[✅ SUCCESS] Cycle #1317 completed and logged to Supabase cloud!
[*] Sleeping for 10 minutes before next cycle...

[🔄 DAEMON] Executing automated cycle #1318...
[*] Target Account: permanent_bot_user_1318@securemail.com
[*] Network IP Rotated Successfully via Connected Device.
[✅ SUCCESS] Cycle #1318 completed and logged to Supabase cloud!
[*] Sleeping for 10 minutes before next cycle...

[🔄 DAEMON] Executing automated cycle #1319...
[*] Target Account: permanent_bot_user_1319@securemail.com
[*] Network IP Rotated Successfully via Connected Device.
[✅ SUCCESS] Cycle #1319 completed and logged to Supabase cloud!
[*] Sleeping for 10 minutes before next cycle...

[🔄 DAEMON] Executing automated cycle #1320...
[*] Target Account: permanent_bot_user_1320@securemail.com
[*] Network IP Rotated Successfully via Connected Device.
[✅ SUCCESS] Cycle #1320 completed and logged to Supabase cloud!
[*] Sleeping for 10 minutes before next cycle...

[🔄 DAEMON] Executing automated cycle #1321...
[*] Target Account: permanent_bot_user_1321@securemail.com
[*] Network IP Rotated Successfully via Connected Device.
[✅ SUCCESS] Cycle #1321 completed and logged to Supabase cloud!
[*] Sleeping for 10 minutes before next cycle...

[🔄 DAEMON] Executing automated cycle #1322...
[*] Target Account: permanent_bot_user_1322@securemail.com
[*] Network IP Rotated Successfully via Connected Device.
[✅ SUCCESS] Cycle #1322 completed and logged to Supabase cloud!
[*] Sleeping for 10 minutes before next cycle...

[🔄 DAEMON] Executing automated cycle #1323...
[*] Target Account: permanent_bot_user_1323@securemail.com
[*] Network IP Rotated Successfully via Connected Device.
[✅ SUCCESS] Cycle #1323 completed and logged to Supabase cloud!
[*] Sleeping for 10 minutes before next cycle...

[🔄 DAEMON] Executing automated cycle #1324...
[*] Target Account: permanent_bot_user_1324@securemail.com
[*] Network IP Rotated Successfully via Connected Device.
[✅ SUCCESS] Cycle #1324 completed and logged to Supabase cloud!
[*] Sleeping for 10 minutes before next cycle...

[🔄 DAEMON] Executing automated cycle #1325...
[*] Target Account: permanent_bot_user_1325@securemail.com
[*] Network IP Rotated Successfully via Connected Device.
[✅ SUCCESS] Cycle #1325 completed and logged to Supabase cloud!
[*] Sleeping for 10 minutes before next cycle...

[🔄 DAEMON] Executing automated cycle #1326...
[*] Target Account: permanent_bot_user_1326@securemail.com
[*] Network IP Rotated Successfully via Connected Device.
[✅ SUCCESS] Cycle #1326 completed and logged to Supabase cloud!
[*] Sleeping for 10 minutes before next cycle...

[🔄 DAEMON] Executing automated cycle #1327...
[*] Target Account: permanent_bot_user_1327@securemail.com
[*] Network IP Rotated Successfully via Connected Device.
[✅ SUCCESS] Cycle #1327 completed and logged to Supabase cloud!
[*] Sleeping for 10 minutes before next cycle...

[🔄 DAEMON] Executing automated cycle #1328...
[*] Target Account: permanent_bot_user_1328@securemail.com
[*] Network IP Rotated Successfully via Connected Device.
[✅ SUCCESS] Cycle #1328 completed and logged to Supabase cloud!
[*] Sleeping for 10 minutes before next cycle...

[🔄 DAEMON] Executing automated cycle #1329...
[*] Target Account: permanent_bot_user_1329@securemail.com
[*] Network IP Rotated Successfully via Connected Device.
[✅ SUCCESS] Cycle #1329 completed and logged to Supabase cloud!
[*] Sleeping for 10 minutes before next cycle...

[🔄 DAEMON] Executing automated cycle #1330...
[*] Target Account: permanent_bot_user_1330@securemail.com
[*] Network IP Rotated Successfully via Connected Device.
[✅ SUCCESS] Cycle #1330 completed and logged to Supabase cloud!
[*] Sleeping for 10 minutes before next cycle...

[🔄 DAEMON] Executing automated cycle #1331...
[*] Target Account: permanent_bot_user_1331@securemail.com
[*] Network IP Rotated Successfully via Connected Device.
[✅ SUCCESS] Cycle #1331 completed and logged to Supabase cloud!
[*] Sleeping for 10 minutes before next cycle...

[🔄 DAEMON] Executing automated cycle #1332...
[*] Target Account: permanent_bot_user_1332@securemail.com
[*] Network IP Rotated Successfully via Connected Device.
[✅ SUCCESS] Cycle #1332 completed and logged to Supabase cloud!
[*] Sleeping for 10 minutes before next cycle...

[🔄 DAEMON] Executing automated cycle #1333...
[*] Target Account: permanent_bot_user_1333@securemail.com
[*] Network IP Rotated Successfully via Connected Device.
[✅ SUCCESS] Cycle #1333 completed and logged to Supabase cloud!
[*] Sleeping for 10 minutes before next cycle...

[🔄 DAEMON] Executing automated cycle #1334...
[*] Target Account: permanent_bot_user_1334@securemail.com
[*] Network IP Rotated Successfully via Connected Device.
[✅ SUCCESS] Cycle #1334 completed and logged to Supabase cloud!
[*] Sleeping for 10 minutes before next cycle...

[🔄 DAEMON] Executing automated cycle #1335...
[*] Target Account: permanent_bot_user_1335@securemail.com
[*] Network IP Rotated Successfully via Connected Device.
[✅ SUCCESS] Cycle #1335 completed and logged to Supabase cloud!
[*] Sleeping for 10 minutes before next cycle...

[🔄 DAEMON] Executing automated cycle #1336...
[*] Target Account: permanent_bot_user_1336@securemail.com
[*] Network IP Rotated Successfully via Connected Device.
[✅ SUCCESS] Cycle #1336 completed and logged to Supabase cloud!
[*] Sleeping for 10 minutes before next cycle...

[🔄 DAEMON] Executing automated cycle #1337...
[*] Target Account: permanent_bot_user_1337@securemail.com
[*] Network IP Rotated Successfully via Connected Device.
[✅ SUCCESS] Cycle #1337 completed and logged to Supabase cloud!
[*] Sleeping for 10 minutes before next cycle...

[🔄 DAEMON] Executing automated cycle #1338...
[*] Target Account: permanent_bot_user_1338@securemail.com
[*] Network IP Rotated Successfully via Connected Device.
[✅ SUCCESS] Cycle #1338 completed and logged to Supabase cloud!
[*] Sleeping for 10 minutes before next cycle...

[🔄 DAEMON] Executing automated cycle #1339...
[*] Target Account: permanent_bot_user_1339@securemail.com
[*] Network IP Rotated Successfully via Connected Device.
[✅ SUCCESS] Cycle #1339 completed and logged to Supabase cloud!
[*] Sleeping for 10 minutes before next cycle...

[🔄 DAEMON] Executing automated cycle #1340...
[*] Target Account: permanent_bot_user_1340@securemail.com
[*] Network IP Rotated Successfully via Connected Device.
[✅ SUCCESS] Cycle #1340 completed and logged to Supabase cloud!
[*] Sleeping for 10 minutes before next cycle...

[🔄 DAEMON] Executing automated cycle #1341...
[*] Target Account: permanent_bot_user_1341@securemail.com
[*] Network IP Rotated Successfully via Connected Device.
[✅ SUCCESS] Cycle #1341 completed and logged to Supabase cloud!
[*] Sleeping for 10 minutes before next cycle...

[🔄 DAEMON] Executing automated cycle #1342...
[*] Target Account: permanent_bot_user_1342@securemail.com
[*] Network IP Rotated Successfully via Connected Device.
[✅ SUCCESS] Cycle #1342 completed and logged to Supabase cloud!
[*] Sleeping for 10 minutes before next cycle...

[🔄 DAEMON] Executing automated cycle #1343...
[*] Target Account: permanent_bot_user_1343@securemail.com
[*] Network IP Rotated Successfully via Connected Device.
[✅ SUCCESS] Cycle #1343 completed and logged to Supabase cloud!
[*] Sleeping for 10 minutes before next cycle...

[🔄 DAEMON] Executing automated cycle #1344...
[*] Target Account: permanent_bot_user_1344@securemail.com
[*] Network IP Rotated Successfully via Connected Device.
[✅ SUCCESS] Cycle #1344 completed and logged to Supabase cloud!
[*] Sleeping for 10 minutes before next cycle...

[🔄 DAEMON] Executing automated cycle #1345...
[*] Target Account: permanent_bot_user_1345@securemail.com
[*] Network IP Rotated Successfully via Connected Device.
[✅ SUCCESS] Cycle #1345 completed and logged to Supabase cloud!
[*] Sleeping for 10 minutes before next cycle...

[🔄 DAEMON] Executing automated cycle #1346...
[*] Target Account: permanent_bot_user_1346@securemail.com
[*] Network IP Rotated Successfully via Connected Device.
[✅ SUCCESS] Cycle #1346 completed and logged to Supabase cloud!
[*] Sleeping for 10 minutes before next cycle...

[🔄 DAEMON] Executing automated cycle #1347...
[*] Target Account: permanent_bot_user_1347@securemail.com
[*] Network IP Rotated Successfully via Connected Device.
[✅ SUCCESS] Cycle #1347 completed and logged to Supabase cloud!
[*] Sleeping for 10 minutes before next cycle...

[🔄 DAEMON] Executing automated cycle #1348...
[*] Target Account: permanent_bot_user_1348@securemail.com
[*] Network IP Rotated Successfully via Connected Device.
[✅ SUCCESS] Cycle #1348 completed and logged to Supabase cloud!
[*] Sleeping for 10 minutes before next cycle...

[🔄 DAEMON] Executing automated cycle #1349...
[*] Target Account: permanent_bot_user_1349@securemail.com
[*] Network IP Rotated Successfully via Connected Device.
[✅ SUCCESS] Cycle #1349 completed and logged to Supabase cloud!
[*] Sleeping for 10 minutes before next cycle...

[🔄 DAEMON] Executing automated cycle #1350...
[*] Target Account: permanent_bot_user_1350@securemail.com
[*] Network IP Rotated Successfully via Connected Device.
[✅ SUCCESS] Cycle #1350 completed and logged to Supabase cloud!
[*] Sleeping for 10 minutes before next cycle...

[🔄 DAEMON] Executing automated cycle #1351...
[*] Target Account: permanent_bot_user_1351@securemail.com
[*] Network IP Rotated Successfully via Connected Device.
[✅ SUCCESS] Cycle #1351 completed and logged to Supabase cloud!
[*] Sleeping for 10 minutes before next cycle...

[🔄 DAEMON] Executing automated cycle #1352...
[*] Target Account: permanent_bot_user_1352@securemail.com
[*] Network IP Rotated Successfully via Connected Device.
[✅ SUCCESS] Cycle #1352 completed and logged to Supabase cloud!
[*] Sleeping for 10 minutes before next cycle...

[🔄 DAEMON] Executing automated cycle #1353...
[*] Target Account: permanent_bot_user_1353@securemail.com
[*] Network IP Rotated Successfully via Connected Device.
[✅ SUCCESS] Cycle #1353 completed and logged to Supabase cloud!
[*] Sleeping for 10 minutes before next cycle...

[🔄 DAEMON] Executing automated cycle #1354...
[*] Target Account: permanent_bot_user_1354@securemail.com
[*] Network IP Rotated Successfully via Connected Device.
[✅ SUCCESS] Cycle #1354 completed and logged to Supabase cloud!
[*] Sleeping for 10 minutes before next cycle...

[🔄 DAEMON] Executing automated cycle #1355...
[*] Target Account: permanent_bot_user_1355@securemail.com
[*] Network IP Rotated Successfully via Connected Device.
[✅ SUCCESS] Cycle #1355 completed and logged to Supabase cloud!
[*] Sleeping for 10 minutes before next cycle...

[🔄 DAEMON] Executing automated cycle #1356...
[*] Target Account: permanent_bot_user_1356@securemail.com
[*] Network IP Rotated Successfully via Connected Device.
[✅ SUCCESS] Cycle #1356 completed and logged to Supabase cloud!
[*] Sleeping for 10 minutes before next cycle...

[🔄 DAEMON] Executing automated cycle #1357...
[*] Target Account: permanent_bot_user_1357@securemail.com
[*] Network IP Rotated Successfully via Connected Device.
[✅ SUCCESS] Cycle #1357 completed and logged to Supabase cloud!
[*] Sleeping for 10 minutes before next cycle...

[🔄 DAEMON] Executing automated cycle #1358...
[*] Target Account: permanent_bot_user_1358@securemail.com
[*] Network IP Rotated Successfully via Connected Device.
[✅ SUCCESS] Cycle #1358 completed and logged to Supabase cloud!
[*] Sleeping for 10 minutes before next cycle...

[🔄 DAEMON] Executing automated cycle #1359...
[*] Target Account: permanent_bot_user_1359@securemail.com
[*] Network IP Rotated Successfully via Connected Device.
[✅ SUCCESS] Cycle #1359 completed and logged to Supabase cloud!
[*] Sleeping for 10 minutes before next cycle...

[🔄 DAEMON] Executing automated cycle #1360...
[*] Target Account: permanent_bot_user_1360@securemail.com
[*] Network IP Rotated Successfully via Connected Device.
[✅ SUCCESS] Cycle #1360 completed and logged to Supabase cloud!
[*] Sleeping for 10 minutes before next cycle...

[🔄 DAEMON] Executing automated cycle #1361...
[*] Target Account: permanent_bot_user_1361@securemail.com
[*] Network IP Rotated Successfully via Connected Device.
[✅ SUCCESS] Cycle #1361 completed and logged to Supabase cloud!
[*] Sleeping for 10 minutes before next cycle...

[🔄 DAEMON] Executing automated cycle #1362...
[*] Target Account: permanent_bot_user_1362@securemail.com
[*] Network IP Rotated Successfully via Connected Device.
[✅ SUCCESS] Cycle #1362 completed and logged to Supabase cloud!
[*] Sleeping for 10 minutes before next cycle...

[🔄 DAEMON] Executing automated cycle #1363...
[*] Target Account: permanent_bot_user_1363@securemail.com
[*] Network IP Rotated Successfully via Connected Device.
[✅ SUCCESS] Cycle #1363 completed and logged to Supabase cloud!
[*] Sleeping for 10 minutes before next cycle...

[🔄 DAEMON] Executing automated cycle #1364...
[*] Target Account: permanent_bot_user_1364@securemail.com
[*] Network IP Rotated Successfully via Connected Device.
[✅ SUCCESS] Cycle #1364 completed and logged to Supabase cloud!
[*] Sleeping for 10 minutes before next cycle...

[🔄 DAEMON] Executing automated cycle #1365...
[*] Target Account: permanent_bot_user_1365@securemail.com
[*] Network IP Rotated Successfully via Connected Device.
[✅ SUCCESS] Cycle #1365 completed and logged to Supabase cloud!
[*] Sleeping for 10 minutes before next cycle...

[🔄 DAEMON] Executing automated cycle #1366...
[*] Target Account: permanent_bot_user_1366@securemail.com
[*] Network IP Rotated Successfully via Connected Device.
[✅ SUCCESS] Cycle #1366 completed and logged to Supabase cloud!
[*] Sleeping for 10 minutes before next cycle...

[🔄 DAEMON] Executing automated cycle #1367...
[*] Target Account: permanent_bot_user_1367@securemail.com
[*] Network IP Rotated Successfully via Connected Device.
[✅ SUCCESS] Cycle #1367 completed and logged to Supabase cloud!
[*] Sleeping for 10 minutes before next cycle...

[🔄 DAEMON] Executing automated cycle #1368...
[*] Target Account: permanent_bot_user_1368@securemail.com
[*] Network IP Rotated Successfully via Connected Device.
[✅ SUCCESS] Cycle #1368 completed and logged to Supabase cloud!
[*] Sleeping for 10 minutes before next cycle...

[🔄 DAEMON] Executing automated cycle #1369...
[*] Target Account: permanent_bot_user_1369@securemail.com
[*] Network IP Rotated Successfully via Connected Device.
[✅ SUCCESS] Cycle #1369 completed and logged to Supabase cloud!
[*] Sleeping for 10 minutes before next cycle...

[🔄 DAEMON] Executing automated cycle #1370...
[*] Target Account: permanent_bot_user_1370@securemail.com
[*] Network IP Rotated Successfully via Connected Device.
[✅ SUCCESS] Cycle #1370 completed and logged to Supabase cloud!
[*] Sleeping for 10 minutes before next cycle...

[🔄 DAEMON] Executing automated cycle #1371...
[*] Target Account: permanent_bot_user_1371@securemail.com
[*] Network IP Rotated Successfully via Connected Device.
[✅ SUCCESS] Cycle #1371 completed and logged to Supabase cloud!
[*] Sleeping for 10 minutes before next cycle...

[🔄 DAEMON] Executing automated cycle #1372...
[*] Target Account: permanent_bot_user_1372@securemail.com
[*] Network IP Rotated Successfully via Connected Device.
[✅ SUCCESS] Cycle #1372 completed and logged to Supabase cloud!
[*] Sleeping for 10 minutes before next cycle...

[🔄 DAEMON] Executing automated cycle #1373...
[*] Target Account: permanent_bot_user_1373@securemail.com
[*] Network IP Rotated Successfully via Connected Device.
[✅ SUCCESS] Cycle #1373 completed and logged to Supabase cloud!
[*] Sleeping for 10 minutes before next cycle...

[🔄 DAEMON] Executing automated cycle #1374...
[*] Target Account: permanent_bot_user_1374@securemail.com
[*] Network IP Rotated Successfully via Connected Device.
[✅ SUCCESS] Cycle #1374 completed and logged to Supabase cloud!
[*] Sleeping for 10 minutes before next cycle...

[🔄 DAEMON] Executing automated cycle #1375...
[*] Target Account: permanent_bot_user_1375@securemail.com
[*] Network IP Rotated Successfully via Connected Device.
[✅ SUCCESS] Cycle #1375 completed and logged to Supabase cloud!
[*] Sleeping for 10 minutes before next cycle...

[🔄 DAEMON] Executing automated cycle #1376...
[*] Target Account: permanent_bot_user_1376@securemail.com
[*] Network IP Rotated Successfully via Connected Device.
[✅ SUCCESS] Cycle #1376 completed and logged to Supabase cloud!
[*] Sleeping for 10 minutes before next cycle...

[🔄 DAEMON] Executing automated cycle #1377...
[*] Target Account: permanent_bot_user_1377@securemail.com
[*] Network IP Rotated Successfully via Connected Device.
[✅ SUCCESS] Cycle #1377 completed and logged to Supabase cloud!
[*] Sleeping for 10 minutes before next cycle...

[🔄 DAEMON] Executing automated cycle #1378...
[*] Target Account: permanent_bot_user_1378@securemail.com
[*] Network IP Rotated Successfully via Connected Device.
[✅ SUCCESS] Cycle #1378 completed and logged to Supabase cloud!
[*] Sleeping for 10 minutes before next cycle...

[🔄 DAEMON] Executing automated cycle #1379...
[*] Target Account: permanent_bot_user_1379@securemail.com
[*] Network IP Rotated Successfully via Connected Device.
[✅ SUCCESS] Cycle #1379 completed and logged to Supabase cloud!
[*] Sleeping for 10 minutes before next cycle...

[🔄 DAEMON] Executing automated cycle #1380...
[*] Target Account: permanent_bot_user_1380@securemail.com
[*] Network IP Rotated Successfully via Connected Device.
[✅ SUCCESS] Cycle #1380 completed and logged to Supabase cloud!
[*] Sleeping for 10 minutes before next cycle...

[🔄 DAEMON] Executing automated cycle #1381...
[*] Target Account: permanent_bot_user_1381@securemail.com
[*] Network IP Rotated Successfully via Connected Device.
[✅ SUCCESS] Cycle #1381 completed and logged to Supabase cloud!
[*] Sleeping for 10 minutes before next cycle...

[🔄 DAEMON] Executing automated cycle #1382...
[*] Target Account: permanent_bot_user_1382@securemail.com
[*] Network IP Rotated Successfully via Connected Device.
[✅ SUCCESS] Cycle #1382 completed and logged to Supabase cloud!
[*] Sleeping for 10 minutes before next cycle...

[🔄 DAEMON] Executing automated cycle #1383...
[*] Target Account: permanent_bot_user_1383@securemail.com
[*] Network IP Rotated Successfully via Connected Device.
[✅ SUCCESS] Cycle #1383 completed and logged to Supabase cloud!
[*] Sleeping for 10 minutes before next cycle...

[🔄 DAEMON] Executing automated cycle #1384...
[*] Target Account: permanent_bot_user_1384@securemail.com
[*] Network IP Rotated Successfully via Connected Device.
[✅ SUCCESS] Cycle #1384 completed and logged to Supabase cloud!
[*] Sleeping for 10 minutes before next cycle...

[🔄 DAEMON] Executing automated cycle #1385...
[*] Target Account: permanent_bot_user_1385@securemail.com
[*] Network IP Rotated Successfully via Connected Device.
[✅ SUCCESS] Cycle #1385 completed and logged to Supabase cloud!
[*] Sleeping for 10 minutes before next cycle...

[🔄 DAEMON] Executing automated cycle #1386...
[*] Target Account: permanent_bot_user_1386@securemail.com
[*] Network IP Rotated Successfully via Connected Device.
[✅ SUCCESS] Cycle #1386 completed and logged to Supabase cloud!
[*] Sleeping for 10 minutes before next cycle...

[🔄 DAEMON] Executing automated cycle #1387...
[*] Target Account: permanent_bot_user_1387@securemail.com
[*] Network IP Rotated Successfully via Connected Device.
[✅ SUCCESS] Cycle #1387 completed and logged to Supabase cloud!
[*] Sleeping for 10 minutes before next cycle...

[🔄 DAEMON] Executing automated cycle #1388...
[*] Target Account: permanent_bot_user_1388@securemail.com
[*] Network IP Rotated Successfully via Connected Device.
[✅ SUCCESS] Cycle #1388 completed and logged to Supabase cloud!
[*] Sleeping for 10 minutes before next cycle...

[🔄 DAEMON] Executing automated cycle #1389...
[*] Target Account: permanent_bot_user_1389@securemail.com
[*] Network IP Rotated Successfully via Connected Device.
[✅ SUCCESS] Cycle #1389 completed and logged to Supabase cloud!
[*] Sleeping for 10 minutes before next cycle...

[🔄 DAEMON] Executing automated cycle #1390...
[*] Target Account: permanent_bot_user_1390@securemail.com
[*] Network IP Rotated Successfully via Connected Device.
[✅ SUCCESS] Cycle #1390 completed and logged to Supabase cloud!
[*] Sleeping for 10 minutes before next cycle...

[🔄 DAEMON] Executing automated cycle #1391...
[*] Target Account: permanent_bot_user_1391@securemail.com
[*] Network IP Rotated Successfully via Connected Device.
[✅ SUCCESS] Cycle #1391 completed and logged to Supabase cloud!
[*] Sleeping for 10 minutes before next cycle...

[🔄 DAEMON] Executing automated cycle #1392...
[*] Target Account: permanent_bot_user_1392@securemail.com
[*] Network IP Rotated Successfully via Connected Device.
[✅ SUCCESS] Cycle #1392 completed and logged to Supabase cloud!
[*] Sleeping for 10 minutes before next cycle...

[🔄 DAEMON] Executing automated cycle #1393...
[*] Target Account: permanent_bot_user_1393@securemail.com
[*] Network IP Rotated Successfully via Connected Device.
[✅ SUCCESS] Cycle #1393 completed and logged to Supabase cloud!
[*] Sleeping for 10 minutes before next cycle...

[🔄 DAEMON] Executing automated cycle #1394...
[*] Target Account: permanent_bot_user_1394@securemail.com
[*] Network IP Rotated Successfully via Connected Device.
[✅ SUCCESS] Cycle #1394 completed and logged to Supabase cloud!
[*] Sleeping for 10 minutes before next cycle...

[🔄 DAEMON] Executing automated cycle #1395...
[*] Target Account: permanent_bot_user_1395@securemail.com
[*] Network IP Rotated Successfully via Connected Device.
[✅ SUCCESS] Cycle #1395 completed and logged to Supabase cloud!
[*] Sleeping for 10 minutes before next cycle...

[🔄 DAEMON] Executing automated cycle #1396...
[*] Target Account: permanent_bot_user_1396@securemail.com
[*] Network IP Rotated Successfully via Connected Device.
[✅ SUCCESS] Cycle #1396 completed and logged to Supabase cloud!
[*] Sleeping for 10 minutes before next cycle...

[🔄 DAEMON] Executing automated cycle #1397...
[*] Target Account: permanent_bot_user_1397@securemail.com
[*] Network IP Rotated Successfully via Connected Device.
[✅ SUCCESS] Cycle #1397 completed and logged to Supabase cloud!
[*] Sleeping for 10 minutes before next cycle...

[🔄 DAEMON] Executing automated cycle #1398...
[*] Target Account: permanent_bot_user_1398@securemail.com
[*] Network IP Rotated Successfully via Connected Device.
[✅ SUCCESS] Cycle #1398 completed and logged to Supabase cloud!
[*] Sleeping for 10 minutes before next cycle...

[🔄 DAEMON] Executing automated cycle #1399...
[*] Target Account: permanent_bot_user_1399@securemail.com
[*] Network IP Rotated Successfully via Connected Device.
[✅ SUCCESS] Cycle #1399 completed and logged to Supabase cloud!
[*] Sleeping for 10 minutes before next cycle...

[🔄 DAEMON] Executing automated cycle #1400...
[*] Target Account: permanent_bot_user_1400@securemail.com
[*] Network IP Rotated Successfully via Connected Device.
[✅ SUCCESS] Cycle #1400 completed and logged to Supabase cloud!
[*] Sleeping for 10 minutes before next cycle...

[🔄 DAEMON] Executing automated cycle #1401...
[*] Target Account: permanent_bot_user_1401@securemail.com
[*] Network IP Rotated Successfully via Connected Device.
[✅ SUCCESS] Cycle #1401 completed and logged to Supabase cloud!
[*] Sleeping for 10 minutes before next cycle...

[🔄 DAEMON] Executing automated cycle #1402...
[*] Target Account: permanent_bot_user_1402@securemail.com
[*] Network IP Rotated Successfully via Connected Device.
[✅ SUCCESS] Cycle #1402 completed and logged to Supabase cloud!
[*] Sleeping for 10 minutes before next cycle...

[🔄 DAEMON] Executing automated cycle #1403...
[*] Target Account: permanent_bot_user_1403@securemail.com
[*] Network IP Rotated Successfully via Connected Device.
[✅ SUCCESS] Cycle #1403 completed and logged to Supabase cloud!
[*] Sleeping for 10 minutes before next cycle...

[🔄 DAEMON] Executing automated cycle #1404...
[*] Target Account: permanent_bot_user_1404@securemail.com
[*] Network IP Rotated Successfully via Connected Device.
[✅ SUCCESS] Cycle #1404 completed and logged to Supabase cloud!
[*] Sleeping for 10 minutes before next cycle...

[🔄 DAEMON] Executing automated cycle #1405...
[*] Target Account: permanent_bot_user_1405@securemail.com
[*] Network IP Rotated Successfully via Connected Device.
[✅ SUCCESS] Cycle #1405 completed and logged to Supabase cloud!
[*] Sleeping for 10 minutes before next cycle...

[🔄 DAEMON] Executing automated cycle #1406...
[*] Target Account: permanent_bot_user_1406@securemail.com
[*] Network IP Rotated Successfully via Connected Device.
[✅ SUCCESS] Cycle #1406 completed and logged to Supabase cloud!
[*] Sleeping for 10 minutes before next cycle...

[🔄 DAEMON] Executing automated cycle #1407...
[*] Target Account: permanent_bot_user_1407@securemail.com
[*] Network IP Rotated Successfully via Connected Device.
[✅ SUCCESS] Cycle #1407 completed and logged to Supabase cloud!
[*] Sleeping for 10 minutes before next cycle...

[🔄 DAEMON] Executing automated cycle #1408...
[*] Target Account: permanent_bot_user_1408@securemail.com
[*] Network IP Rotated Successfully via Connected Device.
[✅ SUCCESS] Cycle #1408 completed and logged to Supabase cloud!
[*] Sleeping for 10 minutes before next cycle...

[🔄 DAEMON] Executing automated cycle #1409...
[*] Target Account: permanent_bot_user_1409@securemail.com
[*] Network IP Rotated Successfully via Connected Device.
[✅ SUCCESS] Cycle #1409 completed and logged to Supabase cloud!
[*] Sleeping for 10 minutes before next cycle...

[🔄 DAEMON] Executing automated cycle #1410...
[*] Target Account: permanent_bot_user_1410@securemail.com
[*] Network IP Rotated Successfully via Connected Device.
[✅ SUCCESS] Cycle #1410 completed and logged to Supabase cloud!
[*] Sleeping for 10 minutes before next cycle...

[🔄 DAEMON] Executing automated cycle #1411...
[*] Target Account: permanent_bot_user_1411@securemail.com
[*] Network IP Rotated Successfully via Connected Device.
[✅ SUCCESS] Cycle #1411 completed and logged to Supabase cloud!
[*] Sleeping for 10 minutes before next cycle...

[🔄 DAEMON] Executing automated cycle #1412...
[*] Target Account: permanent_bot_user_1412@securemail.com
[*] Network IP Rotated Successfully via Connected Device.
[✅ SUCCESS] Cycle #1412 completed and logged to Supabase cloud!
[*] Sleeping for 10 minutes before next cycle...

[🔄 DAEMON] Executing automated cycle #1413...
[*] Target Account: permanent_bot_user_1413@securemail.com
[*] Network IP Rotated Successfully via Connected Device.
[✅ SUCCESS] Cycle #1413 completed and logged to Supabase cloud!
[*] Sleeping for 10 minutes before next cycle...

[🔄 DAEMON] Executing automated cycle #1414...
[*] Target Account: permanent_bot_user_1414@securemail.com
[*] Network IP Rotated Successfully via Connected Device.
[✅ SUCCESS] Cycle #1414 completed and logged to Supabase cloud!
[*] Sleeping for 10 minutes before next cycle...

[🔄 DAEMON] Executing automated cycle #1415...
[*] Target Account: permanent_bot_user_1415@securemail.com
[*] Network IP Rotated Successfully via Connected Device.
[✅ SUCCESS] Cycle #1415 completed and logged to Supabase cloud!
[*] Sleeping for 10 minutes before next cycle...

[🔄 DAEMON] Executing automated cycle #1416...
[*] Target Account: permanent_bot_user_1416@securemail.com
[*] Network IP Rotated Successfully via Connected Device.
[✅ SUCCESS] Cycle #1416 completed and logged to Supabase cloud!
[*] Sleeping for 10 minutes before next cycle...

[🔄 DAEMON] Executing automated cycle #1417...
[*] Target Account: permanent_bot_user_1417@securemail.com
[*] Network IP Rotated Successfully via Connected Device.
[✅ SUCCESS] Cycle #1417 completed and logged to Supabase cloud!
[*] Sleeping for 10 minutes before next cycle...

[🔄 DAEMON] Executing automated cycle #1418...
[*] Target Account: permanent_bot_user_1418@securemail.com
[*] Network IP Rotated Successfully via Connected Device.
[✅ SUCCESS] Cycle #1418 completed and logged to Supabase cloud!
[*] Sleeping for 10 minutes before next cycle...

[🔄 DAEMON] Executing automated cycle #1419...
[*] Target Account: permanent_bot_user_1419@securemail.com
[*] Network IP Rotated Successfully via Connected Device.
[✅ SUCCESS] Cycle #1419 completed and logged to Supabase cloud!
[*] Sleeping for 10 minutes before next cycle...

[🔄 DAEMON] Executing automated cycle #1420...
[*] Target Account: permanent_bot_user_1420@securemail.com
[*] Network IP Rotated Successfully via Connected Device.
[✅ SUCCESS] Cycle #1420 completed and logged to Supabase cloud!
[*] Sleeping for 10 minutes before next cycle...

[🔄 DAEMON] Executing automated cycle #1421...
[*] Target Account: permanent_bot_user_1421@securemail.com
[*] Network IP Rotated Successfully via Connected Device.
[✅ SUCCESS] Cycle #1421 completed and logged to Supabase cloud!
[*] Sleeping for 10 minutes before next cycle...

[🔄 DAEMON] Executing automated cycle #1422...
[*] Target Account: permanent_bot_user_1422@securemail.com
[*] Network IP Rotated Successfully via Connected Device.
[✅ SUCCESS] Cycle #1422 completed and logged to Supabase cloud!
[*] Sleeping for 10 minutes before next cycle...

[🔄 DAEMON] Executing automated cycle #1423...
[*] Target Account: permanent_bot_user_1423@securemail.com
[*] Network IP Rotated Successfully via Connected Device.
[✅ SUCCESS] Cycle #1423 completed and logged to Supabase cloud!
[*] Sleeping for 10 minutes before next cycle...

[🔄 DAEMON] Executing automated cycle #1424...
[*] Target Account: permanent_bot_user_1424@securemail.com
[*] Network IP Rotated Successfully via Connected Device.
[✅ SUCCESS] Cycle #1424 completed and logged to Supabase cloud!
[*] Sleeping for 10 minutes before next cycle...

[🔄 DAEMON] Executing automated cycle #1425...
[*] Target Account: permanent_bot_user_1425@securemail.com
[*] Network IP Rotated Successfully via Connected Device.
[✅ SUCCESS] Cycle #1425 completed and logged to Supabase cloud!
[*] Sleeping for 10 minutes before next cycle...

[🔄 DAEMON] Executing automated cycle #1426...
[*] Target Account: permanent_bot_user_1426@securemail.com
[*] Network IP Rotated Successfully via Connected Device.
[✅ SUCCESS] Cycle #1426 completed and logged to Supabase cloud!
[*] Sleeping for 10 minutes before next cycle...

[🔄 DAEMON] Executing automated cycle #1427...
[*] Target Account: permanent_bot_user_1427@securemail.com
[*] Network IP Rotated Successfully via Connected Device.
[✅ SUCCESS] Cycle #1427 completed and logged to Supabase cloud!
[*] Sleeping for 10 minutes before next cycle...

[🔄 DAEMON] Executing automated cycle #1428...
[*] Target Account: permanent_bot_user_1428@securemail.com
[*] Network IP Rotated Successfully via Connected Device.
[✅ SUCCESS] Cycle #1428 completed and logged to Supabase cloud!
[*] Sleeping for 10 minutes before next cycle...

[🔄 DAEMON] Executing automated cycle #1429...
[*] Target Account: permanent_bot_user_1429@securemail.com
[*] Network IP Rotated Successfully via Connected Device.
[✅ SUCCESS] Cycle #1429 completed and logged to Supabase cloud!
[*] Sleeping for 10 minutes before next cycle...

[🔄 DAEMON] Executing automated cycle #1430...
[*] Target Account: permanent_bot_user_1430@securemail.com
[*] Network IP Rotated Successfully via Connected Device.
[✅ SUCCESS] Cycle #1430 completed and logged to Supabase cloud!
[*] Sleeping for 10 minutes before next cycle...

[🔄 DAEMON] Executing automated cycle #1431...
[*] Target Account: permanent_bot_user_1431@securemail.com
[*] Network IP Rotated Successfully via Connected Device.
[✅ SUCCESS] Cycle #1431 completed and logged to Supabase cloud!
[*] Sleeping for 10 minutes before next cycle...

[🔄 DAEMON] Executing automated cycle #1432...
[*] Target Account: permanent_bot_user_1432@securemail.com
[*] Network IP Rotated Successfully via Connected Device.
[✅ SUCCESS] Cycle #1432 completed and logged to Supabase cloud!
[*] Sleeping for 10 minutes before next cycle...

[🔄 DAEMON] Executing automated cycle #1433...
[*] Target Account: permanent_bot_user_1433@securemail.com
[*] Network IP Rotated Successfully via Connected Device.
[✅ SUCCESS] Cycle #1433 completed and logged to Supabase cloud!
[*] Sleeping for 10 minutes before next cycle...

[🔄 DAEMON] Executing automated cycle #1434...
[*] Target Account: permanent_bot_user_1434@securemail.com
[*] Network IP Rotated Successfully via Connected Device.
[✅ SUCCESS] Cycle #1434 completed and logged to Supabase cloud!
[*] Sleeping for 10 minutes before next cycle...

[🔄 DAEMON] Executing automated cycle #1435...
[*] Target Account: permanent_bot_user_1435@securemail.com
[*] Network IP Rotated Successfully via Connected Device.
[✅ SUCCESS] Cycle #1435 completed and logged to Supabase cloud!
[*] Sleeping for 10 minutes before next cycle...

[🔄 DAEMON] Executing automated cycle #1436...
[*] Target Account: permanent_bot_user_1436@securemail.com
[*] Network IP Rotated Successfully via Connected Device.
[✅ SUCCESS] Cycle #1436 completed and logged to Supabase cloud!
[*] Sleeping for 10 minutes before next cycle...

[🔄 DAEMON] Executing automated cycle #1437...
[*] Target Account: permanent_bot_user_1437@securemail.com
[*] Network IP Rotated Successfully via Connected Device.
[✅ SUCCESS] Cycle #1437 completed and logged to Supabase cloud!
[*] Sleeping for 10 minutes before next cycle...

[🔄 DAEMON] Executing automated cycle #1438...
[*] Target Account: permanent_bot_user_1438@securemail.com
[*] Network IP Rotated Successfully via Connected Device.
[✅ SUCCESS] Cycle #1438 completed and logged to Supabase cloud!
[*] Sleeping for 10 minutes before next cycle...

[🔄 DAEMON] Executing automated cycle #1439...
[*] Target Account: permanent_bot_user_1439@securemail.com
[*] Network IP Rotated Successfully via Connected Device.
[✅ SUCCESS] Cycle #1439 completed and logged to Supabase cloud!
[*] Sleeping for 10 minutes before next cycle...

[🔄 DAEMON] Executing automated cycle #1440...
[*] Target Account: permanent_bot_user_1440@securemail.com
[*] Network IP Rotated Successfully via Connected Device.
[✅ SUCCESS] Cycle #1440 completed and logged to Supabase cloud!
[*] Sleeping for 10 minutes before next cycle...

[🔄 DAEMON] Executing automated cycle #1441...
[*] Target Account: permanent_bot_user_1441@securemail.com
[*] Network IP Rotated Successfully via Connected Device.
[✅ SUCCESS] Cycle #1441 completed and logged to Supabase cloud!
[*] Sleeping for 10 minutes before next cycle...

[🔄 DAEMON] Executing automated cycle #1442...
[*] Target Account: permanent_bot_user_1442@securemail.com
[*] Network IP Rotated Successfully via Connected Device.
[✅ SUCCESS] Cycle #1442 completed and logged to Supabase cloud!
[*] Sleeping for 10 minutes before next cycle...

[🔄 DAEMON] Executing automated cycle #1443...
[*] Target Account: permanent_bot_user_1443@securemail.com
[*] Network IP Rotated Successfully via Connected Device.
[✅ SUCCESS] Cycle #1443 completed and logged to Supabase cloud!
[*] Sleeping for 10 minutes before next cycle...

[🔄 DAEMON] Executing automated cycle #1444...
[*] Target Account: permanent_bot_user_1444@securemail.com
[*] Network IP Rotated Successfully via Connected Device.
[✅ SUCCESS] Cycle #1444 completed and logged to Supabase cloud!
[*] Sleeping for 10 minutes before next cycle...

[🔄 DAEMON] Executing automated cycle #1445...
[*] Target Account: permanent_bot_user_1445@securemail.com
[*] Network IP Rotated Successfully via Connected Device.
[✅ SUCCESS] Cycle #1445 completed and logged to Supabase cloud!
[*] Sleeping for 10 minutes before next cycle...

[🔄 DAEMON] Executing automated cycle #1446...
[*] Target Account: permanent_bot_user_1446@securemail.com
[*] Network IP Rotated Successfully via Connected Device.
[✅ SUCCESS] Cycle #1446 completed and logged to Supabase cloud!
[*] Sleeping for 10 minutes before next cycle...

[🔄 DAEMON] Executing automated cycle #1447...
[*] Target Account: permanent_bot_user_1447@securemail.com
[*] Network IP Rotated Successfully via Connected Device.
[✅ SUCCESS] Cycle #1447 completed and logged to Supabase cloud!
[*] Sleeping for 10 minutes before next cycle...

[🔄 DAEMON] Executing automated cycle #1448...
[*] Target Account: permanent_bot_user_1448@securemail.com
[*] Network IP Rotated Successfully via Connected Device.
[✅ SUCCESS] Cycle #1448 completed and logged to Supabase cloud!
[*] Sleeping for 10 minutes before next cycle...

[🔄 DAEMON] Executing automated cycle #1449...
[*] Target Account: permanent_bot_user_1449@securemail.com
[*] Network IP Rotated Successfully via Connected Device.
[✅ SUCCESS] Cycle #1449 completed and logged to Supabase cloud!
[*] Sleeping for 10 minutes before next cycle...

[🔄 DAEMON] Executing automated cycle #1450...
[*] Target Account: permanent_bot_user_1450@securemail.com
[*] Network IP Rotated Successfully via Connected Device.
[✅ SUCCESS] Cycle #1450 completed and logged to Supabase cloud!
[*] Sleeping for 10 minutes before next cycle...

[🔄 DAEMON] Executing automated cycle #1451...
[*] Target Account: permanent_bot_user_1451@securemail.com
[*] Network IP Rotated Successfully via Connected Device.
[✅ SUCCESS] Cycle #1451 completed and logged to Supabase cloud!
[*] Sleeping for 10 minutes before next cycle...

[🔄 DAEMON] Executing automated cycle #1452...
[*] Target Account: permanent_bot_user_1452@securemail.com
[*] Network IP Rotated Successfully via Connected Device.
[✅ SUCCESS] Cycle #1452 completed and logged to Supabase cloud!
[*] Sleeping for 10 minutes before next cycle...

[🔄 DAEMON] Executing automated cycle #1453...
[*] Target Account: permanent_bot_user_1453@securemail.com
[*] Network IP Rotated Successfully via Connected Device.
[✅ SUCCESS] Cycle #1453 completed and logged to Supabase cloud!
[*] Sleeping for 10 minutes before next cycle...

[🔄 DAEMON] Executing automated cycle #1454...
[*] Target Account: permanent_bot_user_1454@securemail.com
[*] Network IP Rotated Successfully via Connected Device.
[✅ SUCCESS] Cycle #1454 completed and logged to Supabase cloud!
[*] Sleeping for 10 minutes before next cycle...

[🔄 DAEMON] Executing automated cycle #1455...
[*] Target Account: permanent_bot_user_1455@securemail.com
[*] Network IP Rotated Successfully via Connected Device.
[✅ SUCCESS] Cycle #1455 completed and logged to Supabase cloud!
[*] Sleeping for 10 minutes before next cycle...

[🔄 DAEMON] Executing automated cycle #1456...
[*] Target Account: permanent_bot_user_1456@securemail.com
[*] Network IP Rotated Successfully via Connected Device.
[✅ SUCCESS] Cycle #1456 completed and logged to Supabase cloud!
[*] Sleeping for 10 minutes before next cycle...

[🔄 DAEMON] Executing automated cycle #1457...
[*] Target Account: permanent_bot_user_1457@securemail.com
[*] Network IP Rotated Successfully via Connected Device.
[✅ SUCCESS] Cycle #1457 completed and logged to Supabase cloud!
[*] Sleeping for 10 minutes before next cycle...

[🔄 DAEMON] Executing automated cycle #1458...
[*] Target Account: permanent_bot_user_1458@securemail.com
[*] Network IP Rotated Successfully via Connected Device.
[✅ SUCCESS] Cycle #1458 completed and logged to Supabase cloud!
[*] Sleeping for 10 minutes before next cycle...

[🔄 DAEMON] Executing automated cycle #1459...
[*] Target Account: permanent_bot_user_1459@securemail.com
[*] Network IP Rotated Successfully via Connected Device.
[✅ SUCCESS] Cycle #1459 completed and logged to Supabase cloud!
[*] Sleeping for 10 minutes before next cycle...

[🔄 DAEMON] Executing automated cycle #1460...
[*] Target Account: permanent_bot_user_1460@securemail.com
[*] Network IP Rotated Successfully via Connected Device.
[✅ SUCCESS] Cycle #1460 completed and logged to Supabase cloud!
[*] Sleeping for 10 minutes before next cycle...

[🔄 DAEMON] Executing automated cycle #1461...
[*] Target Account: permanent_bot_user_1461@securemail.com
[*] Network IP Rotated Successfully via Connected Device.
[✅ SUCCESS] Cycle #1461 completed and logged to Supabase cloud!
[*] Sleeping for 10 minutes before next cycle...

[🔄 DAEMON] Executing automated cycle #1462...
[*] Target Account: permanent_bot_user_1462@securemail.com
[*] Network IP Rotated Successfully via Connected Device.
[✅ SUCCESS] Cycle #1462 completed and logged to Supabase cloud!
[*] Sleeping for 10 minutes before next cycle...

[🔄 DAEMON] Executing automated cycle #1463...
[*] Target Account: permanent_bot_user_1463@securemail.com
[*] Network IP Rotated Successfully via Connected Device.
[✅ SUCCESS] Cycle #1463 completed and logged to Supabase cloud!
[*] Sleeping for 10 minutes before next cycle...

[🔄 DAEMON] Executing automated cycle #1464...
[*] Target Account: permanent_bot_user_1464@securemail.com
[*] Network IP Rotated Successfully via Connected Device.
[✅ SUCCESS] Cycle #1464 completed and logged to Supabase cloud!
[*] Sleeping for 10 minutes before next cycle...

[🔄 DAEMON] Executing automated cycle #1465...
[*] Target Account: permanent_bot_user_1465@securemail.com
[*] Network IP Rotated Successfully via Connected Device.
[✅ SUCCESS] Cycle #1465 completed and logged to Supabase cloud!
[*] Sleeping for 10 minutes before next cycle...

[🔄 DAEMON] Executing automated cycle #1466...
[*] Target Account: permanent_bot_user_1466@securemail.com
[*] Network IP Rotated Successfully via Connected Device.
[✅ SUCCESS] Cycle #1466 completed and logged to Supabase cloud!
[*] Sleeping for 10 minutes before next cycle...

[🔄 DAEMON] Executing automated cycle #1467...
[*] Target Account: permanent_bot_user_1467@securemail.com
[*] Network IP Rotated Successfully via Connected Device.
[✅ SUCCESS] Cycle #1467 completed and logged to Supabase cloud!
[*] Sleeping for 10 minutes before next cycle...

[🔄 DAEMON] Executing automated cycle #1468...
[*] Target Account: permanent_bot_user_1468@securemail.com
[*] Network IP Rotated Successfully via Connected Device.
[✅ SUCCESS] Cycle #1468 completed and logged to Supabase cloud!
[*] Sleeping for 10 minutes before next cycle...

[🔄 DAEMON] Executing automated cycle #1469...
[*] Target Account: permanent_bot_user_1469@securemail.com
[*] Network IP Rotated Successfully via Connected Device.
[✅ SUCCESS] Cycle #1469 completed and logged to Supabase cloud!
[*] Sleeping for 10 minutes before next cycle...

[🔄 DAEMON] Executing automated cycle #1470...
[*] Target Account: permanent_bot_user_1470@securemail.com
[*] Network IP Rotated Successfully via Connected Device.
[✅ SUCCESS] Cycle #1470 completed and logged to Supabase cloud!
[*] Sleeping for 10 minutes before next cycle...

[🔄 DAEMON] Executing automated cycle #1471...
[*] Target Account: permanent_bot_user_1471@securemail.com
[*] Network IP Rotated Successfully via Connected Device.
[✅ SUCCESS] Cycle #1471 completed and logged to Supabase cloud!
[*] Sleeping for 10 minutes before next cycle...

[🔄 DAEMON] Executing automated cycle #1472...
[*] Target Account: permanent_bot_user_1472@securemail.com
[*] Network IP Rotated Successfully via Connected Device.
[✅ SUCCESS] Cycle #1472 completed and logged to Supabase cloud!
[*] Sleeping for 10 minutes before next cycle...

[🔄 DAEMON] Executing automated cycle #1473...
[*] Target Account: permanent_bot_user_1473@securemail.com
[*] Network IP Rotated Successfully via Connected Device.
[✅ SUCCESS] Cycle #1473 completed and logged to Supabase cloud!
[*] Sleeping for 10 minutes before next cycle...

[🔄 DAEMON] Executing automated cycle #1474...
[*] Target Account: permanent_bot_user_1474@securemail.com
[*] Network IP Rotated Successfully via Connected Device.
[✅ SUCCESS] Cycle #1474 completed and logged to Supabase cloud!
[*] Sleeping for 10 minutes before next cycle...

[🔄 DAEMON] Executing automated cycle #1475...
[*] Target Account: permanent_bot_user_1475@securemail.com
[*] Network IP Rotated Successfully via Connected Device.
[✅ SUCCESS] Cycle #1475 completed and logged to Supabase cloud!
[*] Sleeping for 10 minutes before next cycle...

[🔄 DAEMON] Executing automated cycle #1476...
[*] Target Account: permanent_bot_user_1476@securemail.com
[*] Network IP Rotated Successfully via Connected Device.
[✅ SUCCESS] Cycle #1476 completed and logged to Supabase cloud!
[*] Sleeping for 10 minutes before next cycle...

[🔄 DAEMON] Executing automated cycle #1477...
[*] Target Account: permanent_bot_user_1477@securemail.com
[*] Network IP Rotated Successfully via Connected Device.
[✅ SUCCESS] Cycle #1477 completed and logged to Supabase cloud!
[*] Sleeping for 10 minutes before next cycle...

[🔄 DAEMON] Executing automated cycle #1478...
[*] Target Account: permanent_bot_user_1478@securemail.com
[*] Network IP Rotated Successfully via Connected Device.
[✅ SUCCESS] Cycle #1478 completed and logged to Supabase cloud!
[*] Sleeping for 10 minutes before next cycle...

[🔄 DAEMON] Executing automated cycle #1479...
[*] Target Account: permanent_bot_user_1479@securemail.com
[*] Network IP Rotated Successfully via Connected Device.
[✅ SUCCESS] Cycle #1479 completed and logged to Supabase cloud!
[*] Sleeping for 10 minutes before next cycle...

[🔄 DAEMON] Executing automated cycle #1480...
[*] Target Account: permanent_bot_user_1480@securemail.com
[*] Network IP Rotated Successfully via Connected Device.
[✅ SUCCESS] Cycle #1480 completed and logged to Supabase cloud!
[*] Sleeping for 10 minutes before next cycle...

[🔄 DAEMON] Executing automated cycle #1481...
[*] Target Account: permanent_bot_user_1481@securemail.com
[*] Network IP Rotated Successfully via Connected Device.
[✅ SUCCESS] Cycle #1481 completed and logged to Supabase cloud!
[*] Sleeping for 10 minutes before next cycle...

[🔄 DAEMON] Executing automated cycle #1482...
[*] Target Account: permanent_bot_user_1482@securemail.com
[*] Network IP Rotated Successfully via Connected Device.
[✅ SUCCESS] Cycle #1482 completed and logged to Supabase cloud!
[*] Sleeping for 10 minutes before next cycle...

[🔄 DAEMON] Executing automated cycle #1483...
[*] Target Account: permanent_bot_user_1483@securemail.com
[*] Network IP Rotated Successfully via Connected Device.
[✅ SUCCESS] Cycle #1483 completed and logged to Supabase cloud!
[*] Sleeping for 10 minutes before next cycle...

[🔄 DAEMON] Executing automated cycle #1484...
[*] Target Account: permanent_bot_user_1484@securemail.com
[*] Network IP Rotated Successfully via Connected Device.
[✅ SUCCESS] Cycle #1484 completed and logged to Supabase cloud!
[*] Sleeping for 10 minutes before next cycle...

[🔄 DAEMON] Executing automated cycle #1485...
[*] Target Account: permanent_bot_user_1485@securemail.com
[*] Network IP Rotated Successfully via Connected Device.
[✅ SUCCESS] Cycle #1485 completed and logged to Supabase cloud!
[*] Sleeping for 10 minutes before next cycle...

[🔄 DAEMON] Executing automated cycle #1486...
[*] Target Account: permanent_bot_user_1486@securemail.com
[*] Network IP Rotated Successfully via Connected Device.
[✅ SUCCESS] Cycle #1486 completed and logged to Supabase cloud!
[*] Sleeping for 10 minutes before next cycle...

[🔄 DAEMON] Executing automated cycle #1487...
[*] Target Account: permanent_bot_user_1487@securemail.com
[*] Network IP Rotated Successfully via Connected Device.
[✅ SUCCESS] Cycle #1487 completed and logged to Supabase cloud!
[*] Sleeping for 10 minutes before next cycle...

[🔄 DAEMON] Executing automated cycle #1488...
[*] Target Account: permanent_bot_user_1488@securemail.com
[*] Network IP Rotated Successfully via Connected Device.
[✅ SUCCESS] Cycle #1488 completed and logged to Supabase cloud!
[*] Sleeping for 10 minutes before next cycle...

[🔄 DAEMON] Executing automated cycle #1489...
[*] Target Account: permanent_bot_user_1489@securemail.com
[*] Network IP Rotated Successfully via Connected Device.
[✅ SUCCESS] Cycle #1489 completed and logged to Supabase cloud!
[*] Sleeping for 10 minutes before next cycle...

[🔄 DAEMON] Executing automated cycle #1490...
[*] Target Account: permanent_bot_user_1490@securemail.com
[*] Network IP Rotated Successfully via Connected Device.
[✅ SUCCESS] Cycle #1490 completed and logged to Supabase cloud!
[*] Sleeping for 10 minutes before next cycle...

[🔄 DAEMON] Executing automated cycle #1491...
[*] Target Account: permanent_bot_user_1491@securemail.com
[*] Network IP Rotated Successfully via Connected Device.
[✅ SUCCESS] Cycle #1491 completed and logged to Supabase cloud!
[*] Sleeping for 10 minutes before next cycle...

[🔄 DAEMON] Executing automated cycle #1492...
[*] Target Account: permanent_bot_user_1492@securemail.com
[*] Network IP Rotated Successfully via Connected Device.
[✅ SUCCESS] Cycle #1492 completed and logged to Supabase cloud!
[*] Sleeping for 10 minutes before next cycle...

[🔄 DAEMON] Executing automated cycle #1493...
[*] Target Account: permanent_bot_user_1493@securemail.com
[*] Network IP Rotated Successfully via Connected Device.
[✅ SUCCESS] Cycle #1493 completed and logged to Supabase cloud!
[*] Sleeping for 10 minutes before next cycle...

[🔄 DAEMON] Executing automated cycle #1494...
[*] Target Account: permanent_bot_user_1494@securemail.com
[*] Network IP Rotated Successfully via Connected Device.
[✅ SUCCESS] Cycle #1494 completed and logged to Supabase cloud!
[*] Sleeping for 10 minutes before next cycle...

[🔄 DAEMON] Executing automated cycle #1495...
[*] Target Account: permanent_bot_user_1495@securemail.com
[*] Network IP Rotated Successfully via Connected Device.
[✅ SUCCESS] Cycle #1495 completed and logged to Supabase cloud!
[*] Sleeping for 10 minutes before next cycle...

[🔄 DAEMON] Executing automated cycle #1496...
[*] Target Account: permanent_bot_user_1496@securemail.com
[*] Network IP Rotated Successfully via Connected Device.
[✅ SUCCESS] Cycle #1496 completed and logged to Supabase cloud!
[*] Sleeping for 10 minutes before next cycle...

[🔄 DAEMON] Executing automated cycle #1497...
[*] Target Account: permanent_bot_user_1497@securemail.com
[*] Network IP Rotated Successfully via Connected Device.
[✅ SUCCESS] Cycle #1497 completed and logged to Supabase cloud!
[*] Sleeping for 10 minutes before next cycle...

[🔄 DAEMON] Executing automated cycle #1498...
[*] Target Account: permanent_bot_user_1498@securemail.com
[*] Network IP Rotated Successfully via Connected Device.
[✅ SUCCESS] Cycle #1498 completed and logged to Supabase cloud!
[*] Sleeping for 10 minutes before next cycle...

[🔄 DAEMON] Executing automated cycle #1499...
[*] Target Account: permanent_bot_user_1499@securemail.com
[*] Network IP Rotated Successfully via Connected Device.
[✅ SUCCESS] Cycle #1499 completed and logged to Supabase cloud!
[*] Sleeping for 10 minutes before next cycle...

[🔄 DAEMON] Executing automated cycle #1500...
[*] Target Account: permanent_bot_user_1500@securemail.com
[*] Network IP Rotated Successfully via Connected Device.
[✅ SUCCESS] Cycle #1500 completed and logged to Supabase cloud!
[*] Sleeping for 10 minutes before next cycle...

[🔄 DAEMON] Executing automated cycle #1501...
[*] Target Account: permanent_bot_user_1501@securemail.com
[*] Network IP Rotated Successfully via Connected Device.
[✅ SUCCESS] Cycle #1501 completed and logged to Supabase cloud!
[*] Sleeping for 10 minutes before next cycle...

[🔄 DAEMON] Executing automated cycle #1502...
[*] Target Account: permanent_bot_user_1502@securemail.com
[*] Network IP Rotated Successfully via Connected Device.
[✅ SUCCESS] Cycle #1502 completed and logged to Supabase cloud!
[*] Sleeping for 10 minutes before next cycle...

[🔄 DAEMON] Executing automated cycle #1503...
[*] Target Account: permanent_bot_user_1503@securemail.com
[*] Network IP Rotated Successfully via Connected Device.
[✅ SUCCESS] Cycle #1503 completed and logged to Supabase cloud!
[*] Sleeping for 10 minutes before next cycle...

[🔄 DAEMON] Executing automated cycle #1504...
[*] Target Account: permanent_bot_user_1504@securemail.com
[*] Network IP Rotated Successfully via Connected Device.
[✅ SUCCESS] Cycle #1504 completed and logged to Supabase cloud!
[*] Sleeping for 10 minutes before next cycle...

[🔄 DAEMON] Executing automated cycle #1505...
[*] Target Account: permanent_bot_user_1505@securemail.com
[*] Network IP Rotated Successfully via Connected Device.
[✅ SUCCESS] Cycle #1505 completed and logged to Supabase cloud!
[*] Sleeping for 10 minutes before next cycle...

[🔄 DAEMON] Executing automated cycle #1506...
[*] Target Account: permanent_bot_user_1506@securemail.com
[*] Network IP Rotated Successfully via Connected Device.
[✅ SUCCESS] Cycle #1506 completed and logged to Supabase cloud!
[*] Sleeping for 10 minutes before next cycle...

[🔄 DAEMON] Executing automated cycle #1507...
[*] Target Account: permanent_bot_user_1507@securemail.com
[*] Network IP Rotated Successfully via Connected Device.
[✅ SUCCESS] Cycle #1507 completed and logged to Supabase cloud!
[*] Sleeping for 10 minutes before next cycle...

[🔄 DAEMON] Executing automated cycle #1508...
[*] Target Account: permanent_bot_user_1508@securemail.com
[*] Network IP Rotated Successfully via Connected Device.
[✅ SUCCESS] Cycle #1508 completed and logged to Supabase cloud!
[*] Sleeping for 10 minutes before next cycle...

[🔄 DAEMON] Executing automated cycle #1509...
[*] Target Account: permanent_bot_user_1509@securemail.com
[*] Network IP Rotated Successfully via Connected Device.
[✅ SUCCESS] Cycle #1509 completed and logged to Supabase cloud!
[*] Sleeping for 10 minutes before next cycle...

[🔄 DAEMON] Executing automated cycle #1510...
[*] Target Account: permanent_bot_user_1510@securemail.com
[*] Network IP Rotated Successfully via Connected Device.
[✅ SUCCESS] Cycle #1510 completed and logged to Supabase cloud!
[*] Sleeping for 10 minutes before next cycle...

[🔄 DAEMON] Executing automated cycle #1511...
[*] Target Account: permanent_bot_user_1511@securemail.com
[*] Network IP Rotated Successfully via Connected Device.
[✅ SUCCESS] Cycle #1511 completed and logged to Supabase cloud!
[*] Sleeping for 10 minutes before next cycle...

[🔄 DAEMON] Executing automated cycle #1512...
[*] Target Account: permanent_bot_user_1512@securemail.com
[*] Network IP Rotated Successfully via Connected Device.
[✅ SUCCESS] Cycle #1512 completed and logged to Supabase cloud!
[*] Sleeping for 10 minutes before next cycle...

[🔄 DAEMON] Executing automated cycle #1513...
[*] Target Account: permanent_bot_user_1513@securemail.com
[*] Network IP Rotated Successfully via Connected Device.
[✅ SUCCESS] Cycle #1513 completed and logged to Supabase cloud!
[*] Sleeping for 10 minutes before next cycle...

[🔄 DAEMON] Executing automated cycle #1514...
[*] Target Account: permanent_bot_user_1514@securemail.com
[*] Network IP Rotated Successfully via Connected Device.
[✅ SUCCESS] Cycle #1514 completed and logged to Supabase cloud!
[*] Sleeping for 10 minutes before next cycle...

[🔄 DAEMON] Executing automated cycle #1515...
[*] Target Account: permanent_bot_user_1515@securemail.com
[*] Network IP Rotated Successfully via Connected Device.
[✅ SUCCESS] Cycle #1515 completed and logged to Supabase cloud!
[*] Sleeping for 10 minutes before next cycle...

[🔄 DAEMON] Executing automated cycle #1516...
[*] Target Account: permanent_bot_user_1516@securemail.com
[*] Network IP Rotated Successfully via Connected Device.
[✅ SUCCESS] Cycle #1516 completed and logged to Supabase cloud!
[*] Sleeping for 10 minutes before next cycle...

[🔄 DAEMON] Executing automated cycle #1517...
[*] Target Account: permanent_bot_user_1517@securemail.com
[*] Network IP Rotated Successfully via Connected Device.
[✅ SUCCESS] Cycle #1517 completed and logged to Supabase cloud!
[*] Sleeping for 10 minutes before next cycle...

[🔄 DAEMON] Executing automated cycle #1518...
[*] Target Account: permanent_bot_user_1518@securemail.com
[*] Network IP Rotated Successfully via Connected Device.
[✅ SUCCESS] Cycle #1518 completed and logged to Supabase cloud!
[*] Sleeping for 10 minutes before next cycle...

[🔄 DAEMON] Executing automated cycle #1519...
[*] Target Account: permanent_bot_user_1519@securemail.com
[*] Network IP Rotated Successfully via Connected Device.
[✅ SUCCESS] Cycle #1519 completed and logged to Supabase cloud!
[*] Sleeping for 10 minutes before next cycle...

[🔄 DAEMON] Executing automated cycle #1520...
[*] Target Account: permanent_bot_user_1520@securemail.com
[*] Network IP Rotated Successfully via Connected Device.
[✅ SUCCESS] Cycle #1520 completed and logged to Supabase cloud!
[*] Sleeping for 10 minutes before next cycle...

[🔄 DAEMON] Executing automated cycle #1521...
[*] Target Account: permanent_bot_user_1521@securemail.com
[*] Network IP Rotated Successfully via Connected Device.
[✅ SUCCESS] Cycle #1521 completed and logged to Supabase cloud!
[*] Sleeping for 10 minutes before next cycle...

[🔄 DAEMON] Executing automated cycle #1522...
[*] Target Account: permanent_bot_user_1522@securemail.com
[*] Network IP Rotated Successfully via Connected Device.
[✅ SUCCESS] Cycle #1522 completed and logged to Supabase cloud!
[*] Sleeping for 10 minutes before next cycle...

[🔄 DAEMON] Executing automated cycle #1523...
[*] Target Account: permanent_bot_user_1523@securemail.com
[*] Network IP Rotated Successfully via Connected Device.
[✅ SUCCESS] Cycle #1523 completed and logged to Supabase cloud!
[*] Sleeping for 10 minutes before next cycle...

[🔄 DAEMON] Executing automated cycle #1524...
[*] Target Account: permanent_bot_user_1524@securemail.com
[*] Network IP Rotated Successfully via Connected Device.
[✅ SUCCESS] Cycle #1524 completed and logged to Supabase cloud!
[*] Sleeping for 10 minutes before next cycle...

[🔄 DAEMON] Executing automated cycle #1525...
[*] Target Account: permanent_bot_user_1525@securemail.com
[*] Network IP Rotated Successfully via Connected Device.
[✅ SUCCESS] Cycle #1525 completed and logged to Supabase cloud!
[*] Sleeping for 10 minutes before next cycle...

[🔄 DAEMON] Executing automated cycle #1526...
[*] Target Account: permanent_bot_user_1526@securemail.com
[*] Network IP Rotated Successfully via Connected Device.
[✅ SUCCESS] Cycle #1526 completed and logged to Supabase cloud!
[*] Sleeping for 10 minutes before next cycle...

[🔄 DAEMON] Executing automated cycle #1527...
[*] Target Account: permanent_bot_user_1527@securemail.com
[*] Network IP Rotated Successfully via Connected Device.
[✅ SUCCESS] Cycle #1527 completed and logged to Supabase cloud!
[*] Sleeping for 10 minutes before next cycle...

[🔄 DAEMON] Executing automated cycle #1528...
[*] Target Account: permanent_bot_user_1528@securemail.com
[*] Network IP Rotated Successfully via Connected Device.
[✅ SUCCESS] Cycle #1528 completed and logged to Supabase cloud!
[*] Sleeping for 10 minutes before next cycle...

[🔄 DAEMON] Executing automated cycle #1529...
[*] Target Account: permanent_bot_user_1529@securemail.com
[*] Network IP Rotated Successfully via Connected Device.
[✅ SUCCESS] Cycle #1529 completed and logged to Supabase cloud!
[*] Sleeping for 10 minutes before next cycle...

[🔄 DAEMON] Executing automated cycle #1530...
[*] Target Account: permanent_bot_user_1530@securemail.com
[*] Network IP Rotated Successfully via Connected Device.
[✅ SUCCESS] Cycle #1530 completed and logged to Supabase cloud!
[*] Sleeping for 10 minutes before next cycle...

[🔄 DAEMON] Executing automated cycle #1531...
[*] Target Account: permanent_bot_user_1531@securemail.com
[*] Network IP Rotated Successfully via Connected Device.
[✅ SUCCESS] Cycle #1531 completed and logged to Supabase cloud!
[*] Sleeping for 10 minutes before next cycle...

[🔄 DAEMON] Executing automated cycle #1532...
[*] Target Account: permanent_bot_user_1532@securemail.com
[*] Network IP Rotated Successfully via Connected Device.
[✅ SUCCESS] Cycle #1532 completed and logged to Supabase cloud!
[*] Sleeping for 10 minutes before next cycle...

[🔄 DAEMON] Executing automated cycle #1533...
[*] Target Account: permanent_bot_user_1533@securemail.com
[*] Network IP Rotated Successfully via Connected Device.
[✅ SUCCESS] Cycle #1533 completed and logged to Supabase cloud!
[*] Sleeping for 10 minutes before next cycle...

[🔄 DAEMON] Executing automated cycle #1534...
[*] Target Account: permanent_bot_user_1534@securemail.com
[*] Network IP Rotated Successfully via Connected Device.
[✅ SUCCESS] Cycle #1534 completed and logged to Supabase cloud!
[*] Sleeping for 10 minutes before next cycle...

[🔄 DAEMON] Executing automated cycle #1535...
[*] Target Account: permanent_bot_user_1535@securemail.com
[*] Network IP Rotated Successfully via Connected Device.
[✅ SUCCESS] Cycle #1535 completed and logged to Supabase cloud!
[*] Sleeping for 10 minutes before next cycle...

[🔄 DAEMON] Executing automated cycle #1536...
[*] Target Account: permanent_bot_user_1536@securemail.com
[*] Network IP Rotated Successfully via Connected Device.
[✅ SUCCESS] Cycle #1536 completed and logged to Supabase cloud!
[*] Sleeping for 10 minutes before next cycle...

[🔄 DAEMON] Executing automated cycle #1537...
[*] Target Account: permanent_bot_user_1537@securemail.com
[*] Network IP Rotated Successfully via Connected Device.
[✅ SUCCESS] Cycle #1537 completed and logged to Supabase cloud!
[*] Sleeping for 10 minutes before next cycle...

[🔄 DAEMON] Executing automated cycle #1538...
[*] Target Account: permanent_bot_user_1538@securemail.com
[*] Network IP Rotated Successfully via Connected Device.
[✅ SUCCESS] Cycle #1538 completed and logged to Supabase cloud!
[*] Sleeping for 10 minutes before next cycle...

[🔄 DAEMON] Executing automated cycle #1539...
[*] Target Account: permanent_bot_user_1539@securemail.com
[*] Network IP Rotated Successfully via Connected Device.
[✅ SUCCESS] Cycle #1539 completed and logged to Supabase cloud!
[*] Sleeping for 10 minutes before next cycle...

[🔄 DAEMON] Executing automated cycle #1540...
[*] Target Account: permanent_bot_user_1540@securemail.com
[*] Network IP Rotated Successfully via Connected Device.
[✅ SUCCESS] Cycle #1540 completed and logged to Supabase cloud!
[*] Sleeping for 10 minutes before next cycle...

[🔄 DAEMON] Executing automated cycle #1541...
[*] Target Account: permanent_bot_user_1541@securemail.com
[*] Network IP Rotated Successfully via Connected Device.
[✅ SUCCESS] Cycle #1541 completed and logged to Supabase cloud!
[*] Sleeping for 10 minutes before next cycle...

[🔄 DAEMON] Executing automated cycle #1542...
[*] Target Account: permanent_bot_user_1542@securemail.com
[*] Network IP Rotated Successfully via Connected Device.
[✅ SUCCESS] Cycle #1542 completed and logged to Supabase cloud!
[*] Sleeping for 10 minutes before next cycle...

[🔄 DAEMON] Executing automated cycle #1543...
[*] Target Account: permanent_bot_user_1543@securemail.com
[*] Network IP Rotated Successfully via Connected Device.
[✅ SUCCESS] Cycle #1543 completed and logged to Supabase cloud!
[*] Sleeping for 10 minutes before next cycle...

[🔄 DAEMON] Executing automated cycle #1544...
[*] Target Account: permanent_bot_user_1544@securemail.com
[*] Network IP Rotated Successfully via Connected Device.
[✅ SUCCESS] Cycle #1544 completed and logged to Supabase cloud!
[*] Sleeping for 10 minutes before next cycle...

[🔄 DAEMON] Executing automated cycle #1545...
[*] Target Account: permanent_bot_user_1545@securemail.com
[*] Network IP Rotated Successfully via Connected Device.
[✅ SUCCESS] Cycle #1545 completed and logged to Supabase cloud!
[*] Sleeping for 10 minutes before next cycle...

[🔄 DAEMON] Executing automated cycle #1546...
[*] Target Account: permanent_bot_user_1546@securemail.com
[*] Network IP Rotated Successfully via Connected Device.
[✅ SUCCESS] Cycle #1546 completed and logged to Supabase cloud!
[*] Sleeping for 10 minutes before next cycle...

[🔄 DAEMON] Executing automated cycle #1547...
[*] Target Account: permanent_bot_user_1547@securemail.com
[*] Network IP Rotated Successfully via Connected Device.
[✅ SUCCESS] Cycle #1547 completed and logged to Supabase cloud!
[*] Sleeping for 10 minutes before next cycle...

[🔄 DAEMON] Executing automated cycle #1548...
[*] Target Account: permanent_bot_user_1548@securemail.com
[*] Network IP Rotated Successfully via Connected Device.
[✅ SUCCESS] Cycle #1548 completed and logged to Supabase cloud!
[*] Sleeping for 10 minutes before next cycle...

[🔄 DAEMON] Executing automated cycle #1549...
[*] Target Account: permanent_bot_user_1549@securemail.com
[*] Network IP Rotated Successfully via Connected Device.
[✅ SUCCESS] Cycle #1549 completed and logged to Supabase cloud!
[*] Sleeping for 10 minutes before next cycle...

[🔄 DAEMON] Executing automated cycle #1550...
[*] Target Account: permanent_bot_user_1550@securemail.com
[*] Network IP Rotated Successfully via Connected Device.
[✅ SUCCESS] Cycle #1550 completed and logged to Supabase cloud!
[*] Sleeping for 10 minutes before next cycle...

[🔄 DAEMON] Executing automated cycle #1551...
[*] Target Account: permanent_bot_user_1551@securemail.com
[*] Network IP Rotated Successfully via Connected Device.
[✅ SUCCESS] Cycle #1551 completed and logged to Supabase cloud!
[*] Sleeping for 10 minutes before next cycle...

[🔄 DAEMON] Executing automated cycle #1552...
[*] Target Account: permanent_bot_user_1552@securemail.com
[*] Network IP Rotated Successfully via Connected Device.
[✅ SUCCESS] Cycle #1552 completed and logged to Supabase cloud!
[*] Sleeping for 10 minutes before next cycle...

[🔄 DAEMON] Executing automated cycle #1553...
[*] Target Account: permanent_bot_user_1553@securemail.com
[*] Network IP Rotated Successfully via Connected Device.
[✅ SUCCESS] Cycle #1553 completed and logged to Supabase cloud!
[*] Sleeping for 10 minutes before next cycle...

[🔄 DAEMON] Executing automated cycle #1554...
[*] Target Account: permanent_bot_user_1554@securemail.com
[*] Network IP Rotated Successfully via Connected Device.
[✅ SUCCESS] Cycle #1554 completed and logged to Supabase cloud!
[*] Sleeping for 10 minutes before next cycle...

[🔄 DAEMON] Executing automated cycle #1555...
[*] Target Account: permanent_bot_user_1555@securemail.com
[*] Network IP Rotated Successfully via Connected Device.
[✅ SUCCESS] Cycle #1555 completed and logged to Supabase cloud!
[*] Sleeping for 10 minutes before next cycle...

[🔄 DAEMON] Executing automated cycle #1556...
[*] Target Account: permanent_bot_user_1556@securemail.com
[*] Network IP Rotated Successfully via Connected Device.
[✅ SUCCESS] Cycle #1556 completed and logged to Supabase cloud!
[*] Sleeping for 10 minutes before next cycle...

[🔄 DAEMON] Executing automated cycle #1557...
[*] Target Account: permanent_bot_user_1557@securemail.com
[*] Network IP Rotated Successfully via Connected Device.
[✅ SUCCESS] Cycle #1557 completed and logged to Supabase cloud!
[*] Sleeping for 10 minutes before next cycle...

[🔄 DAEMON] Executing automated cycle #1558...
[*] Target Account: permanent_bot_user_1558@securemail.com
[*] Network IP Rotated Successfully via Connected Device.
[✅ SUCCESS] Cycle #1558 completed and logged to Supabase cloud!
[*] Sleeping for 10 minutes before next cycle...

[🔄 DAEMON] Executing automated cycle #1559...
[*] Target Account: permanent_bot_user_1559@securemail.com
[*] Network IP Rotated Successfully via Connected Device.
[✅ SUCCESS] Cycle #1559 completed and logged to Supabase cloud!
[*] Sleeping for 10 minutes before next cycle...

[🔄 DAEMON] Executing automated cycle #1560...
[*] Target Account: permanent_bot_user_1560@securemail.com
[*] Network IP Rotated Successfully via Connected Device.
[✅ SUCCESS] Cycle #1560 completed and logged to Supabase cloud!
[*] Sleeping for 10 minutes before next cycle...

[🔄 DAEMON] Executing automated cycle #1561...
[*] Target Account: permanent_bot_user_1561@securemail.com
[*] Network IP Rotated Successfully via Connected Device.
[✅ SUCCESS] Cycle #1561 completed and logged to Supabase cloud!
[*] Sleeping for 10 minutes before next cycle...

[🔄 DAEMON] Executing automated cycle #1562...
[*] Target Account: permanent_bot_user_1562@securemail.com
[*] Network IP Rotated Successfully via Connected Device.
[✅ SUCCESS] Cycle #1562 completed and logged to Supabase cloud!
[*] Sleeping for 10 minutes before next cycle...

[🔄 DAEMON] Executing automated cycle #1563...
[*] Target Account: permanent_bot_user_1563@securemail.com
[*] Network IP Rotated Successfully via Connected Device.
[✅ SUCCESS] Cycle #1563 completed and logged to Supabase cloud!
[*] Sleeping for 10 minutes before next cycle...

[🔄 DAEMON] Executing automated cycle #1564...
[*] Target Account: permanent_bot_user_1564@securemail.com
[*] Network IP Rotated Successfully via Connected Device.
[✅ SUCCESS] Cycle #1564 completed and logged to Supabase cloud!
[*] Sleeping for 10 minutes before next cycle...

[🔄 DAEMON] Executing automated cycle #1565...
[*] Target Account: permanent_bot_user_1565@securemail.com
[*] Network IP Rotated Successfully via Connected Device.
[✅ SUCCESS] Cycle #1565 completed and logged to Supabase cloud!
[*] Sleeping for 10 minutes before next cycle...

[🔄 DAEMON] Executing automated cycle #1566...
[*] Target Account: permanent_bot_user_1566@securemail.com
[*] Network IP Rotated Successfully via Connected Device.
[✅ SUCCESS] Cycle #1566 completed and logged to Supabase cloud!
[*] Sleeping for 10 minutes before next cycle...

[🔄 DAEMON] Executing automated cycle #1567...
[*] Target Account: permanent_bot_user_1567@securemail.com
[*] Network IP Rotated Successfully via Connected Device.
[✅ SUCCESS] Cycle #1567 completed and logged to Supabase cloud!
[*] Sleeping for 10 minutes before next cycle...

[🔄 DAEMON] Executing automated cycle #1568...
[*] Target Account: permanent_bot_user_1568@securemail.com
[*] Network IP Rotated Successfully via Connected Device.
[✅ SUCCESS] Cycle #1568 completed and logged to Supabase cloud!
[*] Sleeping for 10 minutes before next cycle...

[🔄 DAEMON] Executing automated cycle #1569...
[*] Target Account: permanent_bot_user_1569@securemail.com
[*] Network IP Rotated Successfully via Connected Device.
[✅ SUCCESS] Cycle #1569 completed and logged to Supabase cloud!
[*] Sleeping for 10 minutes before next cycle...

[🔄 DAEMON] Executing automated cycle #1570...
[*] Target Account: permanent_bot_user_1570@securemail.com
[*] Network IP Rotated Successfully via Connected Device.
[✅ SUCCESS] Cycle #1570 completed and logged to Supabase cloud!
[*] Sleeping for 10 minutes before next cycle...

[🔄 DAEMON] Executing automated cycle #1571...
[*] Target Account: permanent_bot_user_1571@securemail.com
[*] Network IP Rotated Successfully via Connected Device.
[✅ SUCCESS] Cycle #1571 completed and logged to Supabase cloud!
[*] Sleeping for 10 minutes before next cycle...

[🔄 DAEMON] Executing automated cycle #1572...
[*] Target Account: permanent_bot_user_1572@securemail.com
[*] Network IP Rotated Successfully via Connected Device.
[✅ SUCCESS] Cycle #1572 completed and logged to Supabase cloud!
[*] Sleeping for 10 minutes before next cycle...

[🔄 DAEMON] Executing automated cycle #1573...
[*] Target Account: permanent_bot_user_1573@securemail.com
[*] Network IP Rotated Successfully via Connected Device.
[✅ SUCCESS] Cycle #1573 completed and logged to Supabase cloud!
[*] Sleeping for 10 minutes before next cycle...

[🔄 DAEMON] Executing automated cycle #1574...
[*] Target Account: permanent_bot_user_1574@securemail.com
[*] Network IP Rotated Successfully via Connected Device.
[✅ SUCCESS] Cycle #1574 completed and logged to Supabase cloud!
[*] Sleeping for 10 minutes before next cycle...

[🔄 DAEMON] Executing automated cycle #1575...
[*] Target Account: permanent_bot_user_1575@securemail.com
[*] Network IP Rotated Successfully via Connected Device.
[✅ SUCCESS] Cycle #1575 completed and logged to Supabase cloud!
[*] Sleeping for 10 minutes before next cycle...

[🔄 DAEMON] Executing automated cycle #1576...
[*] Target Account: permanent_bot_user_1576@securemail.com
[*] Network IP Rotated Successfully via Connected Device.
[✅ SUCCESS] Cycle #1576 completed and logged to Supabase cloud!
[*] Sleeping for 10 minutes before next cycle...

[🔄 DAEMON] Executing automated cycle #1577...
[*] Target Account: permanent_bot_user_1577@securemail.com
[*] Network IP Rotated Successfully via Connected Device.
[✅ SUCCESS] Cycle #1577 completed and logged to Supabase cloud!
[*] Sleeping for 10 minutes before next cycle...

[🔄 DAEMON] Executing automated cycle #1578...
[*] Target Account: permanent_bot_user_1578@securemail.com
[*] Network IP Rotated Successfully via Connected Device.
[✅ SUCCESS] Cycle #1578 completed and logged to Supabase cloud!
[*] Sleeping for 10 minutes before next cycle...

[🔄 DAEMON] Executing automated cycle #1579...
[*] Target Account: permanent_bot_user_1579@securemail.com
[*] Network IP Rotated Successfully via Connected Device.
[✅ SUCCESS] Cycle #1579 completed and logged to Supabase cloud!
[*] Sleeping for 10 minutes before next cycle...

[🔄 DAEMON] Executing automated cycle #1580...
[*] Target Account: permanent_bot_user_1580@securemail.com
[*] Network IP Rotated Successfully via Connected Device.
[✅ SUCCESS] Cycle #1580 completed and logged to Supabase cloud!
[*] Sleeping for 10 minutes before next cycle...

[🔄 DAEMON] Executing automated cycle #1581...
[*] Target Account: permanent_bot_user_1581@securemail.com
[*] Network IP Rotated Successfully via Connected Device.
[✅ SUCCESS] Cycle #1581 completed and logged to Supabase cloud!
[*] Sleeping for 10 minutes before next cycle...

[🔄 DAEMON] Executing automated cycle #1582...
[*] Target Account: permanent_bot_user_1582@securemail.com
[*] Network IP Rotated Successfully via Connected Device.
[✅ SUCCESS] Cycle #1582 completed and logged to Supabase cloud!
[*] Sleeping for 10 minutes before next cycle...

[🔄 DAEMON] Executing automated cycle #1583...
[*] Target Account: permanent_bot_user_1583@securemail.com
[*] Network IP Rotated Successfully via Connected Device.
[✅ SUCCESS] Cycle #1583 completed and logged to Supabase cloud!
[*] Sleeping for 10 minutes before next cycle...

[🔄 DAEMON] Executing automated cycle #1584...
[*] Target Account: permanent_bot_user_1584@securemail.com
[*] Network IP Rotated Successfully via Connected Device.
[✅ SUCCESS] Cycle #1584 completed and logged to Supabase cloud!
[*] Sleeping for 10 minutes before next cycle...

[🔄 DAEMON] Executing automated cycle #1585...
[*] Target Account: permanent_bot_user_1585@securemail.com
[*] Network IP Rotated Successfully via Connected Device.
[✅ SUCCESS] Cycle #1585 completed and logged to Supabase cloud!
[*] Sleeping for 10 minutes before next cycle...

[🔄 DAEMON] Executing automated cycle #1586...
[*] Target Account: permanent_bot_user_1586@securemail.com
[*] Network IP Rotated Successfully via Connected Device.
[✅ SUCCESS] Cycle #1586 completed and logged to Supabase cloud!
[*] Sleeping for 10 minutes before next cycle...

[🔄 DAEMON] Executing automated cycle #1587...
[*] Target Account: permanent_bot_user_1587@securemail.com
[*] Network IP Rotated Successfully via Connected Device.
[✅ SUCCESS] Cycle #1587 completed and logged to Supabase cloud!
[*] Sleeping for 10 minutes before next cycle...

[🔄 DAEMON] Executing automated cycle #1588...
[*] Target Account: permanent_bot_user_1588@securemail.com
[*] Network IP Rotated Successfully via Connected Device.
[✅ SUCCESS] Cycle #1588 completed and logged to Supabase cloud!
[*] Sleeping for 10 minutes before next cycle...

[🔄 DAEMON] Executing automated cycle #1589...
[*] Target Account: permanent_bot_user_1589@securemail.com
[*] Network IP Rotated Successfully via Connected Device.
[✅ SUCCESS] Cycle #1589 completed and logged to Supabase cloud!
[*] Sleeping for 10 minutes before next cycle...

[🔄 DAEMON] Executing automated cycle #1590...
[*] Target Account: permanent_bot_user_1590@securemail.com
[*] Network IP Rotated Successfully via Connected Device.
[✅ SUCCESS] Cycle #1590 completed and logged to Supabase cloud!
[*] Sleeping for 10 minutes before next cycle...

[🔄 DAEMON] Executing automated cycle #1591...
[*] Target Account: permanent_bot_user_1591@securemail.com
[*] Network IP Rotated Successfully via Connected Device.
[✅ SUCCESS] Cycle #1591 completed and logged to Supabase cloud!
[*] Sleeping for 10 minutes before next cycle...

[🔄 DAEMON] Executing automated cycle #1592...
[*] Target Account: permanent_bot_user_1592@securemail.com
[*] Network IP Rotated Successfully via Connected Device.
[✅ SUCCESS] Cycle #1592 completed and logged to Supabase cloud!
[*] Sleeping for 10 minutes before next cycle...

[🔄 DAEMON] Executing automated cycle #1593...
[*] Target Account: permanent_bot_user_1593@securemail.com
[*] Network IP Rotated Successfully via Connected Device.
[✅ SUCCESS] Cycle #1593 completed and logged to Supabase cloud!
[*] Sleeping for 10 minutes before next cycle...

[🔄 DAEMON] Executing automated cycle #1594...
[*] Target Account: permanent_bot_user_1594@securemail.com
[*] Network IP Rotated Successfully via Connected Device.
[✅ SUCCESS] Cycle #1594 completed and logged to Supabase cloud!
[*] Sleeping for 10 minutes before next cycle...

[🔄 DAEMON] Executing automated cycle #1595...
[*] Target Account: permanent_bot_user_1595@securemail.com
[*] Network IP Rotated Successfully via Connected Device.
[✅ SUCCESS] Cycle #1595 completed and logged to Supabase cloud!
[*] Sleeping for 10 minutes before next cycle...

[🔄 DAEMON] Executing automated cycle #1596...
[*] Target Account: permanent_bot_user_1596@securemail.com
[*] Network IP Rotated Successfully via Connected Device.
[✅ SUCCESS] Cycle #1596 completed and logged to Supabase cloud!
[*] Sleeping for 10 minutes before next cycle...

[🔄 DAEMON] Executing automated cycle #1597...
[*] Target Account: permanent_bot_user_1597@securemail.com
[*] Network IP Rotated Successfully via Connected Device.
[✅ SUCCESS] Cycle #1597 completed and logged to Supabase cloud!
[*] Sleeping for 10 minutes before next cycle...

[🔄 DAEMON] Executing automated cycle #1598...
[*] Target Account: permanent_bot_user_1598@securemail.com
[*] Network IP Rotated Successfully via Connected Device.
[✅ SUCCESS] Cycle #1598 completed and logged to Supabase cloud!
[*] Sleeping for 10 minutes before next cycle...

[🔄 DAEMON] Executing automated cycle #1599...
[*] Target Account: permanent_bot_user_1599@securemail.com
[*] Network IP Rotated Successfully via Connected Device.
[✅ SUCCESS] Cycle #1599 completed and logged to Supabase cloud!
[*] Sleeping for 10 minutes before next cycle...

[🔄 DAEMON] Executing automated cycle #1600...
[*] Target Account: permanent_bot_user_1600@securemail.com
[*] Network IP Rotated Successfully via Connected Device.
[✅ SUCCESS] Cycle #1600 completed and logged to Supabase cloud!
[*] Sleeping for 10 minutes before next cycle...

[🔄 DAEMON] Executing automated cycle #1601...
[*] Target Account: permanent_bot_user_1601@securemail.com
[*] Network IP Rotated Successfully via Connected Device.
[✅ SUCCESS] Cycle #1601 completed and logged to Supabase cloud!
[*] Sleeping for 10 minutes before next cycle...

[🔄 DAEMON] Executing automated cycle #1602...
[*] Target Account: permanent_bot_user_1602@securemail.com
[*] Network IP Rotated Successfully via Connected Device.
[✅ SUCCESS] Cycle #1602 completed and logged to Supabase cloud!
[*] Sleeping for 10 minutes before next cycle...

[🔄 DAEMON] Executing automated cycle #1603...
[*] Target Account: permanent_bot_user_1603@securemail.com
[*] Network IP Rotated Successfully via Connected Device.
[✅ SUCCESS] Cycle #1603 completed and logged to Supabase cloud!
[*] Sleeping for 10 minutes before next cycle...

[🔄 DAEMON] Executing automated cycle #1604...
[*] Target Account: permanent_bot_user_1604@securemail.com
[*] Network IP Rotated Successfully via Connected Device.
[✅ SUCCESS] Cycle #1604 completed and logged to Supabase cloud!
[*] Sleeping for 10 minutes before next cycle...

[🔄 DAEMON] Executing automated cycle #1605...
[*] Target Account: permanent_bot_user_1605@securemail.com
[*] Network IP Rotated Successfully via Connected Device.
[✅ SUCCESS] Cycle #1605 completed and logged to Supabase cloud!
[*] Sleeping for 10 minutes before next cycle...

[🔄 DAEMON] Executing automated cycle #1606...
[*] Target Account: permanent_bot_user_1606@securemail.com
[*] Network IP Rotated Successfully via Connected Device.
[✅ SUCCESS] Cycle #1606 completed and logged to Supabase cloud!
[*] Sleeping for 10 minutes before next cycle...

[🔄 DAEMON] Executing automated cycle #1607...
[*] Target Account: permanent_bot_user_1607@securemail.com
[*] Network IP Rotated Successfully via Connected Device.
[✅ SUCCESS] Cycle #1607 completed and logged to Supabase cloud!
[*] Sleeping for 10 minutes before next cycle...

[🔄 DAEMON] Executing automated cycle #1608...
[*] Target Account: permanent_bot_user_1608@securemail.com
[*] Network IP Rotated Successfully via Connected Device.
[✅ SUCCESS] Cycle #1608 completed and logged to Supabase cloud!
[*] Sleeping for 10 minutes before next cycle...

[🔄 DAEMON] Executing automated cycle #1609...
[*] Target Account: permanent_bot_user_1609@securemail.com
[*] Network IP Rotated Successfully via Connected Device.
[✅ SUCCESS] Cycle #1609 completed and logged to Supabase cloud!
[*] Sleeping for 10 minutes before next cycle...

[🔄 DAEMON] Executing automated cycle #1610...
[*] Target Account: permanent_bot_user_1610@securemail.com
[*] Network IP Rotated Successfully via Connected Device.
[✅ SUCCESS] Cycle #1610 completed and logged to Supabase cloud!
[*] Sleeping for 10 minutes before next cycle...

[🔄 DAEMON] Executing automated cycle #1611...
[*] Target Account: permanent_bot_user_1611@securemail.com
[*] Network IP Rotated Successfully via Connected Device.
[✅ SUCCESS] Cycle #1611 completed and logged to Supabase cloud!
[*] Sleeping for 10 minutes before next cycle...

[🔄 DAEMON] Executing automated cycle #1612...
[*] Target Account: permanent_bot_user_1612@securemail.com
[*] Network IP Rotated Successfully via Connected Device.
[✅ SUCCESS] Cycle #1612 completed and logged to Supabase cloud!
[*] Sleeping for 10 minutes before next cycle...

[🔄 DAEMON] Executing automated cycle #1613...
[*] Target Account: permanent_bot_user_1613@securemail.com
[*] Network IP Rotated Successfully via Connected Device.
[✅ SUCCESS] Cycle #1613 completed and logged to Supabase cloud!
[*] Sleeping for 10 minutes before next cycle...

[🔄 DAEMON] Executing automated cycle #1614...
[*] Target Account: permanent_bot_user_1614@securemail.com
[*] Network IP Rotated Successfully via Connected Device.
[✅ SUCCESS] Cycle #1614 completed and logged to Supabase cloud!
[*] Sleeping for 10 minutes before next cycle...

[🔄 DAEMON] Executing automated cycle #1615...
[*] Target Account: permanent_bot_user_1615@securemail.com
[*] Network IP Rotated Successfully via Connected Device.
[✅ SUCCESS] Cycle #1615 completed and logged to Supabase cloud!
[*] Sleeping for 10 minutes before next cycle...

[🔄 DAEMON] Executing automated cycle #1616...
[*] Target Account: permanent_bot_user_1616@securemail.com
[*] Network IP Rotated Successfully via Connected Device.
[✅ SUCCESS] Cycle #1616 completed and logged to Supabase cloud!
[*] Sleeping for 10 minutes before next cycle...

[🔄 DAEMON] Executing automated cycle #1617...
[*] Target Account: permanent_bot_user_1617@securemail.com
[*] Network IP Rotated Successfully via Connected Device.
[✅ SUCCESS] Cycle #1617 completed and logged to Supabase cloud!
[*] Sleeping for 10 minutes before next cycle...

[🔄 DAEMON] Executing automated cycle #1618...
[*] Target Account: permanent_bot_user_1618@securemail.com
[*] Network IP Rotated Successfully via Connected Device.
[✅ SUCCESS] Cycle #1618 completed and logged to Supabase cloud!
[*] Sleeping for 10 minutes before next cycle...

[🔄 DAEMON] Executing automated cycle #1619...
[*] Target Account: permanent_bot_user_1619@securemail.com
[*] Network IP Rotated Successfully via Connected Device.
[✅ SUCCESS] Cycle #1619 completed and logged to Supabase cloud!
[*] Sleeping for 10 minutes before next cycle...

[🔄 DAEMON] Executing automated cycle #1620...
[*] Target Account: permanent_bot_user_1620@securemail.com
[*] Network IP Rotated Successfully via Connected Device.
[✅ SUCCESS] Cycle #1620 completed and logged to Supabase cloud!
[*] Sleeping for 10 minutes before next cycle...

[🔄 DAEMON] Executing automated cycle #1621...
[*] Target Account: permanent_bot_user_1621@securemail.com
[*] Network IP Rotated Successfully via Connected Device.
[✅ SUCCESS] Cycle #1621 completed and logged to Supabase cloud!
[*] Sleeping for 10 minutes before next cycle...

[🔄 DAEMON] Executing automated cycle #1622...
[*] Target Account: permanent_bot_user_1622@securemail.com
[*] Network IP Rotated Successfully via Connected Device.
[✅ SUCCESS] Cycle #1622 completed and logged to Supabase cloud!
[*] Sleeping for 10 minutes before next cycle...

[🔄 DAEMON] Executing automated cycle #1623...
[*] Target Account: permanent_bot_user_1623@securemail.com
[*] Network IP Rotated Successfully via Connected Device.
[✅ SUCCESS] Cycle #1623 completed and logged to Supabase cloud!
[*] Sleeping for 10 minutes before next cycle...

[🔄 DAEMON] Executing automated cycle #1624...
[*] Target Account: permanent_bot_user_1624@securemail.com
[*] Network IP Rotated Successfully via Connected Device.
[✅ SUCCESS] Cycle #1624 completed and logged to Supabase cloud!
[*] Sleeping for 10 minutes before next cycle...

[🔄 DAEMON] Executing automated cycle #1625...
[*] Target Account: permanent_bot_user_1625@securemail.com
[*] Network IP Rotated Successfully via Connected Device.
[✅ SUCCESS] Cycle #1625 completed and logged to Supabase cloud!
[*] Sleeping for 10 minutes before next cycle...

[🔄 DAEMON] Executing automated cycle #1626...
[*] Target Account: permanent_bot_user_1626@securemail.com
[*] Network IP Rotated Successfully via Connected Device.
[✅ SUCCESS] Cycle #1626 completed and logged to Supabase cloud!
[*] Sleeping for 10 minutes before next cycle...

[🔄 DAEMON] Executing automated cycle #1627...
[*] Target Account: permanent_bot_user_1627@securemail.com
[*] Network IP Rotated Successfully via Connected Device.
[✅ SUCCESS] Cycle #1627 completed and logged to Supabase cloud!
[*] Sleeping for 10 minutes before next cycle...

[🔄 DAEMON] Executing automated cycle #1628...
[*] Target Account: permanent_bot_user_1628@securemail.com
[*] Network IP Rotated Successfully via Connected Device.
[✅ SUCCESS] Cycle #1628 completed and logged to Supabase cloud!
[*] Sleeping for 10 minutes before next cycle...

[🔄 DAEMON] Executing automated cycle #1629...
[*] Target Account: permanent_bot_user_1629@securemail.com
[*] Network IP Rotated Successfully via Connected Device.
[✅ SUCCESS] Cycle #1629 completed and logged to Supabase cloud!
[*] Sleeping for 10 minutes before next cycle...

[🔄 DAEMON] Executing automated cycle #1630...
[*] Target Account: permanent_bot_user_1630@securemail.com
[*] Network IP Rotated Successfully via Connected Device.
[✅ SUCCESS] Cycle #1630 completed and logged to Supabase cloud!
[*] Sleeping for 10 minutes before next cycle...

[🔄 DAEMON] Executing automated cycle #1631...
[*] Target Account: permanent_bot_user_1631@securemail.com
[*] Network IP Rotated Successfully via Connected Device.
[✅ SUCCESS] Cycle #1631 completed and logged to Supabase cloud!
[*] Sleeping for 10 minutes before next cycle...

[🔄 DAEMON] Executing automated cycle #1632...
[*] Target Account: permanent_bot_user_1632@securemail.com
[*] Network IP Rotated Successfully via Connected Device.
[✅ SUCCESS] Cycle #1632 completed and logged to Supabase cloud!
[*] Sleeping for 10 minutes before next cycle...

[🔄 DAEMON] Executing automated cycle #1633...
[*] Target Account: permanent_bot_user_1633@securemail.com
[*] Network IP Rotated Successfully via Connected Device.
[✅ SUCCESS] Cycle #1633 completed and logged to Supabase cloud!
[*] Sleeping for 10 minutes before next cycle...

[🔄 DAEMON] Executing automated cycle #1634...
[*] Target Account: permanent_bot_user_1634@securemail.com
[*] Network IP Rotated Successfully via Connected Device.
[✅ SUCCESS] Cycle #1634 completed and logged to Supabase cloud!
[*] Sleeping for 10 minutes before next cycle...

[🔄 DAEMON] Executing automated cycle #1635...
[*] Target Account: permanent_bot_user_1635@securemail.com
[*] Network IP Rotated Successfully via Connected Device.
[✅ SUCCESS] Cycle #1635 completed and logged to Supabase cloud!
[*] Sleeping for 10 minutes before next cycle...

[🔄 DAEMON] Executing automated cycle #1636...
[*] Target Account: permanent_bot_user_1636@securemail.com
[*] Network IP Rotated Successfully via Connected Device.
[✅ SUCCESS] Cycle #1636 completed and logged to Supabase cloud!
[*] Sleeping for 10 minutes before next cycle...

[🔄 DAEMON] Executing automated cycle #1637...
[*] Target Account: permanent_bot_user_1637@securemail.com
[*] Network IP Rotated Successfully via Connected Device.
[✅ SUCCESS] Cycle #1637 completed and logged to Supabase cloud!
[*] Sleeping for 10 minutes before next cycle...

[🔄 DAEMON] Executing automated cycle #1638...
[*] Target Account: permanent_bot_user_1638@securemail.com
[*] Network IP Rotated Successfully via Connected Device.
[✅ SUCCESS] Cycle #1638 completed and logged to Supabase cloud!
[*] Sleeping for 10 minutes before next cycle...

[🔄 DAEMON] Executing automated cycle #1639...
[*] Target Account: permanent_bot_user_1639@securemail.com
[*] Network IP Rotated Successfully via Connected Device.
[✅ SUCCESS] Cycle #1639 completed and logged to Supabase cloud!
[*] Sleeping for 10 minutes before next cycle...

[🔄 DAEMON] Executing automated cycle #1640...
[*] Target Account: permanent_bot_user_1640@securemail.com
[*] Network IP Rotated Successfully via Connected Device.
[✅ SUCCESS] Cycle #1640 completed and logged to Supabase cloud!
[*] Sleeping for 10 minutes before next cycle...

[🔄 DAEMON] Executing automated cycle #1641...
[*] Target Account: permanent_bot_user_1641@securemail.com
[*] Network IP Rotated Successfully via Connected Device.
[✅ SUCCESS] Cycle #1641 completed and logged to Supabase cloud!
[*] Sleeping for 10 minutes before next cycle...

[🔄 DAEMON] Executing automated cycle #1642...
[*] Target Account: permanent_bot_user_1642@securemail.com
[*] Network IP Rotated Successfully via Connected Device.
[✅ SUCCESS] Cycle #1642 completed and logged to Supabase cloud!
[*] Sleeping for 10 minutes before next cycle...

[🔄 DAEMON] Executing automated cycle #1643...
[*] Target Account: permanent_bot_user_1643@securemail.com
[*] Network IP Rotated Successfully via Connected Device.
[✅ SUCCESS] Cycle #1643 completed and logged to Supabase cloud!
[*] Sleeping for 10 minutes before next cycle...

[🔄 DAEMON] Executing automated cycle #1644...
[*] Target Account: permanent_bot_user_1644@securemail.com
[*] Network IP Rotated Successfully via Connected Device.
[✅ SUCCESS] Cycle #1644 completed and logged to Supabase cloud!
[*] Sleeping for 10 minutes before next cycle...

[🔄 DAEMON] Executing automated cycle #1645...
[*] Target Account: permanent_bot_user_1645@securemail.com
[*] Network IP Rotated Successfully via Connected Device.
[✅ SUCCESS] Cycle #1645 completed and logged to Supabase cloud!
[*] Sleeping for 10 minutes before next cycle...

[🔄 DAEMON] Executing automated cycle #1646...
[*] Target Account: permanent_bot_user_1646@securemail.com
[*] Network IP Rotated Successfully via Connected Device.
[✅ SUCCESS] Cycle #1646 completed and logged to Supabase cloud!
[*] Sleeping for 10 minutes before next cycle...

[🔄 DAEMON] Executing automated cycle #1647...
[*] Target Account: permanent_bot_user_1647@securemail.com
[*] Network IP Rotated Successfully via Connected Device.
[✅ SUCCESS] Cycle #1647 completed and logged to Supabase cloud!
[*] Sleeping for 10 minutes before next cycle...

[🔄 DAEMON] Executing automated cycle #1648...
[*] Target Account: permanent_bot_user_1648@securemail.com
[*] Network IP Rotated Successfully via Connected Device.
[✅ SUCCESS] Cycle #1648 completed and logged to Supabase cloud!
[*] Sleeping for 10 minutes before next cycle...

[🔄 DAEMON] Executing automated cycle #1649...
[*] Target Account: permanent_bot_user_1649@securemail.com
[*] Network IP Rotated Successfully via Connected Device.
[✅ SUCCESS] Cycle #1649 completed and logged to Supabase cloud!
[*] Sleeping for 10 minutes before next cycle...

[🔄 DAEMON] Executing automated cycle #1650...
[*] Target Account: permanent_bot_user_1650@securemail.com
[*] Network IP Rotated Successfully via Connected Device.
[✅ SUCCESS] Cycle #1650 completed and logged to Supabase cloud!
[*] Sleeping for 10 minutes before next cycle...

[🔄 DAEMON] Executing automated cycle #1651...
[*] Target Account: permanent_bot_user_1651@securemail.com
[*] Network IP Rotated Successfully via Connected Device.
[✅ SUCCESS] Cycle #1651 completed and logged to Supabase cloud!
[*] Sleeping for 10 minutes before next cycle...

[🔄 DAEMON] Executing automated cycle #1652...
[*] Target Account: permanent_bot_user_1652@securemail.com
[*] Network IP Rotated Successfully via Connected Device.
[✅ SUCCESS] Cycle #1652 completed and logged to Supabase cloud!
[*] Sleeping for 10 minutes before next cycle...

[🔄 DAEMON] Executing automated cycle #1653...
[*] Target Account: permanent_bot_user_1653@securemail.com
[*] Network IP Rotated Successfully via Connected Device.
[✅ SUCCESS] Cycle #1653 completed and logged to Supabase cloud!
[*] Sleeping for 10 minutes before next cycle...

[🔄 DAEMON] Executing automated cycle #1654...
[*] Target Account: permanent_bot_user_1654@securemail.com
[*] Network IP Rotated Successfully via Connected Device.
[✅ SUCCESS] Cycle #1654 completed and logged to Supabase cloud!
[*] Sleeping for 10 minutes before next cycle...

[🔄 DAEMON] Executing automated cycle #1655...
[*] Target Account: permanent_bot_user_1655@securemail.com
[*] Network IP Rotated Successfully via Connected Device.
[✅ SUCCESS] Cycle #1655 completed and logged to Supabase cloud!
[*] Sleeping for 10 minutes before next cycle...

[🔄 DAEMON] Executing automated cycle #1656...
[*] Target Account: permanent_bot_user_1656@securemail.com
[*] Network IP Rotated Successfully via Connected Device.
[✅ SUCCESS] Cycle #1656 completed and logged to Supabase cloud!
[*] Sleeping for 10 minutes before next cycle...

[🔄 DAEMON] Executing automated cycle #1657...
[*] Target Account: permanent_bot_user_1657@securemail.com
[*] Network IP Rotated Successfully via Connected Device.
[✅ SUCCESS] Cycle #1657 completed and logged to Supabase cloud!
[*] Sleeping for 10 minutes before next cycle...

[🔄 DAEMON] Executing automated cycle #1658...
[*] Target Account: permanent_bot_user_1658@securemail.com
[*] Network IP Rotated Successfully via Connected Device.
[✅ SUCCESS] Cycle #1658 completed and logged to Supabase cloud!
[*] Sleeping for 10 minutes before next cycle...

[🔄 DAEMON] Executing automated cycle #1659...
[*] Target Account: permanent_bot_user_1659@securemail.com
[*] Network IP Rotated Successfully via Connected Device.
[✅ SUCCESS] Cycle #1659 completed and logged to Supabase cloud!
[*] Sleeping for 10 minutes before next cycle...

[🔄 DAEMON] Executing automated cycle #1660...
[*] Target Account: permanent_bot_user_1660@securemail.com
[*] Network IP Rotated Successfully via Connected Device.
[✅ SUCCESS] Cycle #1660 completed and logged to Supabase cloud!
[*] Sleeping for 10 minutes before next cycle...

[🔄 DAEMON] Executing automated cycle #1661...
[*] Target Account: permanent_bot_user_1661@securemail.com
[*] Network IP Rotated Successfully via Connected Device.
[✅ SUCCESS] Cycle #1661 completed and logged to Supabase cloud!
[*] Sleeping for 10 minutes before next cycle...

[🔄 DAEMON] Executing automated cycle #1662...
[*] Target Account: permanent_bot_user_1662@securemail.com
[*] Network IP Rotated Successfully via Connected Device.
[✅ SUCCESS] Cycle #1662 completed and logged to Supabase cloud!
[*] Sleeping for 10 minutes before next cycle...

[🔄 DAEMON] Executing automated cycle #1663...
[*] Target Account: permanent_bot_user_1663@securemail.com
[*] Network IP Rotated Successfully via Connected Device.
[✅ SUCCESS] Cycle #1663 completed and logged to Supabase cloud!
[*] Sleeping for 10 minutes before next cycle...

[🔄 DAEMON] Executing automated cycle #1664...
[*] Target Account: permanent_bot_user_1664@securemail.com
[*] Network IP Rotated Successfully via Connected Device.
[✅ SUCCESS] Cycle #1664 completed and logged to Supabase cloud!
[*] Sleeping for 10 minutes before next cycle...

[🔄 DAEMON] Executing automated cycle #1665...
[*] Target Account: permanent_bot_user_1665@securemail.com
[*] Network IP Rotated Successfully via Connected Device.
[✅ SUCCESS] Cycle #1665 completed and logged to Supabase cloud!
[*] Sleeping for 10 minutes before next cycle...

[🔄 DAEMON] Executing automated cycle #1666...
[*] Target Account: permanent_bot_user_1666@securemail.com
[*] Network IP Rotated Successfully via Connected Device.
[✅ SUCCESS] Cycle #1666 completed and logged to Supabase cloud!
[*] Sleeping for 10 minutes before next cycle...

[🔄 DAEMON] Executing automated cycle #1667...
[*] Target Account: permanent_bot_user_1667@securemail.com
[*] Network IP Rotated Successfully via Connected Device.
[✅ SUCCESS] Cycle #1667 completed and logged to Supabase cloud!
[*] Sleeping for 10 minutes before next cycle...

[🔄 DAEMON] Executing automated cycle #1668...
[*] Target Account: permanent_bot_user_1668@securemail.com
[*] Network IP Rotated Successfully via Connected Device.
[✅ SUCCESS] Cycle #1668 completed and logged to Supabase cloud!
[*] Sleeping for 10 minutes before next cycle...

[🔄 DAEMON] Executing automated cycle #1669...
[*] Target Account: permanent_bot_user_1669@securemail.com
[*] Network IP Rotated Successfully via Connected Device.
[✅ SUCCESS] Cycle #1669 completed and logged to Supabase cloud!
[*] Sleeping for 10 minutes before next cycle...

[🔄 DAEMON] Executing automated cycle #1670...
[*] Target Account: permanent_bot_user_1670@securemail.com
[*] Network IP Rotated Successfully via Connected Device.
[✅ SUCCESS] Cycle #1670 completed and logged to Supabase cloud!
[*] Sleeping for 10 minutes before next cycle...

[🔄 DAEMON] Executing automated cycle #1671...
[*] Target Account: permanent_bot_user_1671@securemail.com
[*] Network IP Rotated Successfully via Connected Device.
[✅ SUCCESS] Cycle #1671 completed and logged to Supabase cloud!
[*] Sleeping for 10 minutes before next cycle...

[🔄 DAEMON] Executing automated cycle #1672...
[*] Target Account: permanent_bot_user_1672@securemail.com
[*] Network IP Rotated Successfully via Connected Device.
[✅ SUCCESS] Cycle #1672 completed and logged to Supabase cloud!
[*] Sleeping for 10 minutes before next cycle...

[🔄 DAEMON] Executing automated cycle #1673...
[*] Target Account: permanent_bot_user_1673@securemail.com
[*] Network IP Rotated Successfully via Connected Device.
[✅ SUCCESS] Cycle #1673 completed and logged to Supabase cloud!
[*] Sleeping for 10 minutes before next cycle...

[🔄 DAEMON] Executing automated cycle #1674...
[*] Target Account: permanent_bot_user_1674@securemail.com
[*] Network IP Rotated Successfully via Connected Device.
[✅ SUCCESS] Cycle #1674 completed and logged to Supabase cloud!
[*] Sleeping for 10 minutes before next cycle...

[🔄 DAEMON] Executing automated cycle #1675...
[*] Target Account: permanent_bot_user_1675@securemail.com
[*] Network IP Rotated Successfully via Connected Device.
[✅ SUCCESS] Cycle #1675 completed and logged to Supabase cloud!
[*] Sleeping for 10 minutes before next cycle...

[🔄 DAEMON] Executing automated cycle #1676...
[*] Target Account: permanent_bot_user_1676@securemail.com
[*] Network IP Rotated Successfully via Connected Device.
[✅ SUCCESS] Cycle #1676 completed and logged to Supabase cloud!
[*] Sleeping for 10 minutes before next cycle...

[🔄 DAEMON] Executing automated cycle #1677...
[*] Target Account: permanent_bot_user_1677@securemail.com
[*] Network IP Rotated Successfully via Connected Device.
[✅ SUCCESS] Cycle #1677 completed and logged to Supabase cloud!
[*] Sleeping for 10 minutes before next cycle...

[🔄 DAEMON] Executing automated cycle #1678...
[*] Target Account: permanent_bot_user_1678@securemail.com
[*] Network IP Rotated Successfully via Connected Device.
[✅ SUCCESS] Cycle #1678 completed and logged to Supabase cloud!
[*] Sleeping for 10 minutes before next cycle...

[🔄 DAEMON] Executing automated cycle #1679...
[*] Target Account: permanent_bot_user_1679@securemail.com
[*] Network IP Rotated Successfully via Connected Device.
[✅ SUCCESS] Cycle #1679 completed and logged to Supabase cloud!
[*] Sleeping for 10 minutes before next cycle...

[🔄 DAEMON] Executing automated cycle #1680...
[*] Target Account: permanent_bot_user_1680@securemail.com
[*] Network IP Rotated Successfully via Connected Device.
[✅ SUCCESS] Cycle #1680 completed and logged to Supabase cloud!
[*] Sleeping for 10 minutes before next cycle...

[🔄 DAEMON] Executing automated cycle #1681...
[*] Target Account: permanent_bot_user_1681@securemail.com
[*] Network IP Rotated Successfully via Connected Device.
[✅ SUCCESS] Cycle #1681 completed and logged to Supabase cloud!
[*] Sleeping for 10 minutes before next cycle...

[🔄 DAEMON] Executing automated cycle #1682...
[*] Target Account: permanent_bot_user_1682@securemail.com
[*] Network IP Rotated Successfully via Connected Device.
[✅ SUCCESS] Cycle #1682 completed and logged to Supabase cloud!
[*] Sleeping for 10 minutes before next cycle...

[🔄 DAEMON] Executing automated cycle #1683...
[*] Target Account: permanent_bot_user_1683@securemail.com
[*] Network IP Rotated Successfully via Connected Device.
[✅ SUCCESS] Cycle #1683 completed and logged to Supabase cloud!
[*] Sleeping for 10 minutes before next cycle...

[🔄 DAEMON] Executing automated cycle #1684...
[*] Target Account: permanent_bot_user_1684@securemail.com
[*] Network IP Rotated Successfully via Connected Device.
[✅ SUCCESS] Cycle #1684 completed and logged to Supabase cloud!
[*] Sleeping for 10 minutes before next cycle...

[🔄 DAEMON] Executing automated cycle #1685...
[*] Target Account: permanent_bot_user_1685@securemail.com
[*] Network IP Rotated Successfully via Connected Device.
[✅ SUCCESS] Cycle #1685 completed and logged to Supabase cloud!
[*] Sleeping for 10 minutes before next cycle...

[🔄 DAEMON] Executing automated cycle #1686...
[*] Target Account: permanent_bot_user_1686@securemail.com
[*] Network IP Rotated Successfully via Connected Device.
[✅ SUCCESS] Cycle #1686 completed and logged to Supabase cloud!
[*] Sleeping for 10 minutes before next cycle...

[🔄 DAEMON] Executing automated cycle #1687...
[*] Target Account: permanent_bot_user_1687@securemail.com
[*] Network IP Rotated Successfully via Connected Device.
[✅ SUCCESS] Cycle #1687 completed and logged to Supabase cloud!
[*] Sleeping for 10 minutes before next cycle...

[🔄 DAEMON] Executing automated cycle #1688...
[*] Target Account: permanent_bot_user_1688@securemail.com
[*] Network IP Rotated Successfully via Connected Device.
[✅ SUCCESS] Cycle #1688 completed and logged to Supabase cloud!
[*] Sleeping for 10 minutes before next cycle...

[🔄 DAEMON] Executing automated cycle #1689...
[*] Target Account: permanent_bot_user_1689@securemail.com
[*] Network IP Rotated Successfully via Connected Device.
[✅ SUCCESS] Cycle #1689 completed and logged to Supabase cloud!
[*] Sleeping for 10 minutes before next cycle...

[🔄 DAEMON] Executing automated cycle #1690...
[*] Target Account: permanent_bot_user_1690@securemail.com
[*] Network IP Rotated Successfully via Connected Device.
[✅ SUCCESS] Cycle #1690 completed and logged to Supabase cloud!
[*] Sleeping for 10 minutes before next cycle...

[🔄 DAEMON] Executing automated cycle #1691...
[*] Target Account: permanent_bot_user_1691@securemail.com
[*] Network IP Rotated Successfully via Connected Device.
[✅ SUCCESS] Cycle #1691 completed and logged to Supabase cloud!
[*] Sleeping for 10 minutes before next cycle...

[🔄 DAEMON] Executing automated cycle #1692...
[*] Target Account: permanent_bot_user_1692@securemail.com
[*] Network IP Rotated Successfully via Connected Device.
[✅ SUCCESS] Cycle #1692 completed and logged to Supabase cloud!
[*] Sleeping for 10 minutes before next cycle...

[🔄 DAEMON] Executing automated cycle #1693...
[*] Target Account: permanent_bot_user_1693@securemail.com
[*] Network IP Rotated Successfully via Connected Device.
[✅ SUCCESS] Cycle #1693 completed and logged to Supabase cloud!
[*] Sleeping for 10 minutes before next cycle...

[🔄 DAEMON] Executing automated cycle #1694...
[*] Target Account: permanent_bot_user_1694@securemail.com
[*] Network IP Rotated Successfully via Connected Device.
[✅ SUCCESS] Cycle #1694 completed and logged to Supabase cloud!
[*] Sleeping for 10 minutes before next cycle...

[🔄 DAEMON] Executing automated cycle #1695...
[*] Target Account: permanent_bot_user_1695@securemail.com
[*] Network IP Rotated Successfully via Connected Device.
[✅ SUCCESS] Cycle #1695 completed and logged to Supabase cloud!
[*] Sleeping for 10 minutes before next cycle...

[🔄 DAEMON] Executing automated cycle #1696...
[*] Target Account: permanent_bot_user_1696@securemail.com
[*] Network IP Rotated Successfully via Connected Device.
[✅ SUCCESS] Cycle #1696 completed and logged to Supabase cloud!
[*] Sleeping for 10 minutes before next cycle...

[🔄 DAEMON] Executing automated cycle #1697...
[*] Target Account: permanent_bot_user_1697@securemail.com
[*] Network IP Rotated Successfully via Connected Device.
[✅ SUCCESS] Cycle #1697 completed and logged to Supabase cloud!
[*] Sleeping for 10 minutes before next cycle...

[🔄 DAEMON] Executing automated cycle #1698...
[*] Target Account: permanent_bot_user_1698@securemail.com
[*] Network IP Rotated Successfully via Connected Device.
[✅ SUCCESS] Cycle #1698 completed and logged to Supabase cloud!
[*] Sleeping for 10 minutes before next cycle...

[🔄 DAEMON] Executing automated cycle #1699...
[*] Target Account: permanent_bot_user_1699@securemail.com
[*] Network IP Rotated Successfully via Connected Device.
[✅ SUCCESS] Cycle #1699 completed and logged to Supabase cloud!
[*] Sleeping for 10 minutes before next cycle...

[🔄 DAEMON] Executing automated cycle #1700...
[*] Target Account: permanent_bot_user_1700@securemail.com
[*] Network IP Rotated Successfully via Connected Device.
[✅ SUCCESS] Cycle #1700 completed and logged to Supabase cloud!
[*] Sleeping for 10 minutes before next cycle...

[🔄 DAEMON] Executing automated cycle #1701...
[*] Target Account: permanent_bot_user_1701@securemail.com
[*] Network IP Rotated Successfully via Connected Device.
[✅ SUCCESS] Cycle #1701 completed and logged to Supabase cloud!
[*] Sleeping for 10 minutes before next cycle...

[🔄 DAEMON] Executing automated cycle #1702...
[*] Target Account: permanent_bot_user_1702@securemail.com
[*] Network IP Rotated Successfully via Connected Device.
[✅ SUCCESS] Cycle #1702 completed and logged to Supabase cloud!
[*] Sleeping for 10 minutes before next cycle...

[🔄 DAEMON] Executing automated cycle #1703...
[*] Target Account: permanent_bot_user_1703@securemail.com
[*] Network IP Rotated Successfully via Connected Device.
[✅ SUCCESS] Cycle #1703 completed and logged to Supabase cloud!
[*] Sleeping for 10 minutes before next cycle...

[🔄 DAEMON] Executing automated cycle #1704...
[*] Target Account: permanent_bot_user_1704@securemail.com
[*] Network IP Rotated Successfully via Connected Device.
[✅ SUCCESS] Cycle #1704 completed and logged to Supabase cloud!
[*] Sleeping for 10 minutes before next cycle...

[🔄 DAEMON] Executing automated cycle #1705...
[*] Target Account: permanent_bot_user_1705@securemail.com
[*] Network IP Rotated Successfully via Connected Device.
[✅ SUCCESS] Cycle #1705 completed and logged to Supabase cloud!
[*] Sleeping for 10 minutes before next cycle...

[🔄 DAEMON] Executing automated cycle #1706...
[*] Target Account: permanent_bot_user_1706@securemail.com
[*] Network IP Rotated Successfully via Connected Device.
[✅ SUCCESS] Cycle #1706 completed and logged to Supabase cloud!
[*] Sleeping for 10 minutes before next cycle...

[🔄 DAEMON] Executing automated cycle #1707...
[*] Target Account: permanent_bot_user_1707@securemail.com
[*] Network IP Rotated Successfully via Connected Device.
[✅ SUCCESS] Cycle #1707 completed and logged to Supabase cloud!
[*] Sleeping for 10 minutes before next cycle...

[🔄 DAEMON] Executing automated cycle #1708...
[*] Target Account: permanent_bot_user_1708@securemail.com
[*] Network IP Rotated Successfully via Connected Device.
[✅ SUCCESS] Cycle #1708 completed and logged to Supabase cloud!
[*] Sleeping for 10 minutes before next cycle...

[🔄 DAEMON] Executing automated cycle #1709...
[*] Target Account: permanent_bot_user_1709@securemail.com
[*] Network IP Rotated Successfully via Connected Device.
[✅ SUCCESS] Cycle #1709 completed and logged to Supabase cloud!
[*] Sleeping for 10 minutes before next cycle...

[🔄 DAEMON] Executing automated cycle #1710...
[*] Target Account: permanent_bot_user_1710@securemail.com
[*] Network IP Rotated Successfully via Connected Device.
[✅ SUCCESS] Cycle #1710 completed and logged to Supabase cloud!
[*] Sleeping for 10 minutes before next cycle...

[🔄 DAEMON] Executing automated cycle #1711...
[*] Target Account: permanent_bot_user_1711@securemail.com
[*] Network IP Rotated Successfully via Connected Device.
[✅ SUCCESS] Cycle #1711 completed and logged to Supabase cloud!
[*] Sleeping for 10 minutes before next cycle...

[🔄 DAEMON] Executing automated cycle #1712...
[*] Target Account: permanent_bot_user_1712@securemail.com
[*] Network IP Rotated Successfully via Connected Device.
[✅ SUCCESS] Cycle #1712 completed and logged to Supabase cloud!
[*] Sleeping for 10 minutes before next cycle...

[🔄 DAEMON] Executing automated cycle #1713...
[*] Target Account: permanent_bot_user_1713@securemail.com
[*] Network IP Rotated Successfully via Connected Device.
[✅ SUCCESS] Cycle #1713 completed and logged to Supabase cloud!
[*] Sleeping for 10 minutes before next cycle...

[🔄 DAEMON] Executing automated cycle #1714...
[*] Target Account: permanent_bot_user_1714@securemail.com
[*] Network IP Rotated Successfully via Connected Device.
[✅ SUCCESS] Cycle #1714 completed and logged to Supabase cloud!
[*] Sleeping for 10 minutes before next cycle...

[🔄 DAEMON] Executing automated cycle #1715...
[*] Target Account: permanent_bot_user_1715@securemail.com
[*] Network IP Rotated Successfully via Connected Device.
[✅ SUCCESS] Cycle #1715 completed and logged to Supabase cloud!
[*] Sleeping for 10 minutes before next cycle...

[🔄 DAEMON] Executing automated cycle #1716...
[*] Target Account: permanent_bot_user_1716@securemail.com
[*] Network IP Rotated Successfully via Connected Device.
[✅ SUCCESS] Cycle #1716 completed and logged to Supabase cloud!
[*] Sleeping for 10 minutes before next cycle...

[🔄 DAEMON] Executing automated cycle #1717...
[*] Target Account: permanent_bot_user_1717@securemail.com
[*] Network IP Rotated Successfully via Connected Device.
[✅ SUCCESS] Cycle #1717 completed and logged to Supabase cloud!
[*] Sleeping for 10 minutes before next cycle...

[🔄 DAEMON] Executing automated cycle #1718...
[*] Target Account: permanent_bot_user_1718@securemail.com
[*] Network IP Rotated Successfully via Connected Device.
[✅ SUCCESS] Cycle #1718 completed and logged to Supabase cloud!
[*] Sleeping for 10 minutes before next cycle...

[🔄 DAEMON] Executing automated cycle #1719...
[*] Target Account: permanent_bot_user_1719@securemail.com
[*] Network IP Rotated Successfully via Connected Device.
[✅ SUCCESS] Cycle #1719 completed and logged to Supabase cloud!
[*] Sleeping for 10 minutes before next cycle...

[🔄 DAEMON] Executing automated cycle #1720...
[*] Target Account: permanent_bot_user_1720@securemail.com
[*] Network IP Rotated Successfully via Connected Device.
[✅ SUCCESS] Cycle #1720 completed and logged to Supabase cloud!
[*] Sleeping for 10 minutes before next cycle...

[🔄 DAEMON] Executing automated cycle #1721...
[*] Target Account: permanent_bot_user_1721@securemail.com
[*] Network IP Rotated Successfully via Connected Device.
[✅ SUCCESS] Cycle #1721 completed and logged to Supabase cloud!
[*] Sleeping for 10 minutes before next cycle...

[🔄 DAEMON] Executing automated cycle #1722...
[*] Target Account: permanent_bot_user_1722@securemail.com
[*] Network IP Rotated Successfully via Connected Device.
[✅ SUCCESS] Cycle #1722 completed and logged to Supabase cloud!
[*] Sleeping for 10 minutes before next cycle...

[🔄 DAEMON] Executing automated cycle #1723...
[*] Target Account: permanent_bot_user_1723@securemail.com
[*] Network IP Rotated Successfully via Connected Device.
[✅ SUCCESS] Cycle #1723 completed and logged to Supabase cloud!
[*] Sleeping for 10 minutes before next cycle...

[🔄 DAEMON] Executing automated cycle #1724...
[*] Target Account: permanent_bot_user_1724@securemail.com
[*] Network IP Rotated Successfully via Connected Device.
[✅ SUCCESS] Cycle #1724 completed and logged to Supabase cloud!
[*] Sleeping for 10 minutes before next cycle...

[🔄 DAEMON] Executing automated cycle #1725...
[*] Target Account: permanent_bot_user_1725@securemail.com
[*] Network IP Rotated Successfully via Connected Device.
[✅ SUCCESS] Cycle #1725 completed and logged to Supabase cloud!
[*] Sleeping for 10 minutes before next cycle...

[🔄 DAEMON] Executing automated cycle #1726...
[*] Target Account: permanent_bot_user_1726@securemail.com
[*] Network IP Rotated Successfully via Connected Device.
[✅ SUCCESS] Cycle #1726 completed and logged to Supabase cloud!
[*] Sleeping for 10 minutes before next cycle...

[🔄 DAEMON] Executing automated cycle #1727...
[*] Target Account: permanent_bot_user_1727@securemail.com
[*] Network IP Rotated Successfully via Connected Device.
[✅ SUCCESS] Cycle #1727 completed and logged to Supabase cloud!
[*] Sleeping for 10 minutes before next cycle...

[🔄 DAEMON] Executing automated cycle #1728...
[*] Target Account: permanent_bot_user_1728@securemail.com
[*] Network IP Rotated Successfully via Connected Device.
[✅ SUCCESS] Cycle #1728 completed and logged to Supabase cloud!
[*] Sleeping for 10 minutes before next cycle...

[🔄 DAEMON] Executing automated cycle #1729...
[*] Target Account: permanent_bot_user_1729@securemail.com
[*] Network IP Rotated Successfully via Connected Device.
[✅ SUCCESS] Cycle #1729 completed and logged to Supabase cloud!
[*] Sleeping for 10 minutes before next cycle...

[🔄 DAEMON] Executing automated cycle #1730...
[*] Target Account: permanent_bot_user_1730@securemail.com
[*] Network IP Rotated Successfully via Connected Device.
[✅ SUCCESS] Cycle #1730 completed and logged to Supabase cloud!
[*] Sleeping for 10 minutes before next cycle...

[🔄 DAEMON] Executing automated cycle #1731...
[*] Target Account: permanent_bot_user_1731@securemail.com
[*] Network IP Rotated Successfully via Connected Device.
[✅ SUCCESS] Cycle #1731 completed and logged to Supabase cloud!
[*] Sleeping for 10 minutes before next cycle...

[🔄 DAEMON] Executing automated cycle #1732...
[*] Target Account: permanent_bot_user_1732@securemail.com
[*] Network IP Rotated Successfully via Connected Device.
[✅ SUCCESS] Cycle #1732 completed and logged to Supabase cloud!
[*] Sleeping for 10 minutes before next cycle...

[🔄 DAEMON] Executing automated cycle #1733...
[*] Target Account: permanent_bot_user_1733@securemail.com
[*] Network IP Rotated Successfully via Connected Device.
[✅ SUCCESS] Cycle #1733 completed and logged to Supabase cloud!
[*] Sleeping for 10 minutes before next cycle...

[🔄 DAEMON] Executing automated cycle #1734...
[*] Target Account: permanent_bot_user_1734@securemail.com
[*] Network IP Rotated Successfully via Connected Device.
[✅ SUCCESS] Cycle #1734 completed and logged to Supabase cloud!
[*] Sleeping for 10 minutes before next cycle...

[🔄 DAEMON] Executing automated cycle #1735...
[*] Target Account: permanent_bot_user_1735@securemail.com
[*] Network IP Rotated Successfully via Connected Device.
[✅ SUCCESS] Cycle #1735 completed and logged to Supabase cloud!
[*] Sleeping for 10 minutes before next cycle...

[🔄 DAEMON] Executing automated cycle #1736...
[*] Target Account: permanent_bot_user_1736@securemail.com
[*] Network IP Rotated Successfully via Connected Device.
[✅ SUCCESS] Cycle #1736 completed and logged to Supabase cloud!
[*] Sleeping for 10 minutes before next cycle...

[🔄 DAEMON] Executing automated cycle #1737...
[*] Target Account: permanent_bot_user_1737@securemail.com
[*] Network IP Rotated Successfully via Connected Device.
[✅ SUCCESS] Cycle #1737 completed and logged to Supabase cloud!
[*] Sleeping for 10 minutes before next cycle...

[🔄 DAEMON] Executing automated cycle #1738...
[*] Target Account: permanent_bot_user_1738@securemail.com
[*] Network IP Rotated Successfully via Connected Device.
[✅ SUCCESS] Cycle #1738 completed and logged to Supabase cloud!
[*] Sleeping for 10 minutes before next cycle...

[🔄 DAEMON] Executing automated cycle #1739...
[*] Target Account: permanent_bot_user_1739@securemail.com
[*] Network IP Rotated Successfully via Connected Device.
[✅ SUCCESS] Cycle #1739 completed and logged to Supabase cloud!
[*] Sleeping for 10 minutes before next cycle...

[🔄 DAEMON] Executing automated cycle #1740...
[*] Target Account: permanent_bot_user_1740@securemail.com
[*] Network IP Rotated Successfully via Connected Device.
[✅ SUCCESS] Cycle #1740 completed and logged to Supabase cloud!
[*] Sleeping for 10 minutes before next cycle...

[🔄 DAEMON] Executing automated cycle #1741...
[*] Target Account: permanent_bot_user_1741@securemail.com
[*] Network IP Rotated Successfully via Connected Device.
[✅ SUCCESS] Cycle #1741 completed and logged to Supabase cloud!
[*] Sleeping for 10 minutes before next cycle...

[🔄 DAEMON] Executing automated cycle #1742...
[*] Target Account: permanent_bot_user_1742@securemail.com
[*] Network IP Rotated Successfully via Connected Device.
[✅ SUCCESS] Cycle #1742 completed and logged to Supabase cloud!
[*] Sleeping for 10 minutes before next cycle...

[🔄 DAEMON] Executing automated cycle #1743...
[*] Target Account: permanent_bot_user_1743@securemail.com
[*] Network IP Rotated Successfully via Connected Device.
[✅ SUCCESS] Cycle #1743 completed and logged to Supabase cloud!
[*] Sleeping for 10 minutes before next cycle...

[🔄 DAEMON] Executing automated cycle #1744...
[*] Target Account: permanent_bot_user_1744@securemail.com
[*] Network IP Rotated Successfully via Connected Device.
[✅ SUCCESS] Cycle #1744 completed and logged to Supabase cloud!
[*] Sleeping for 10 minutes before next cycle...

[🔄 DAEMON] Executing automated cycle #1745...
[*] Target Account: permanent_bot_user_1745@securemail.com
[*] Network IP Rotated Successfully via Connected Device.
[✅ SUCCESS] Cycle #1745 completed and logged to Supabase cloud!
[*] Sleeping for 10 minutes before next cycle...

[🔄 DAEMON] Executing automated cycle #1746...
[*] Target Account: permanent_bot_user_1746@securemail.com
[*] Network IP Rotated Successfully via Connected Device.
[✅ SUCCESS] Cycle #1746 completed and logged to Supabase cloud!
[*] Sleeping for 10 minutes before next cycle...

[🔄 DAEMON] Executing automated cycle #1747...
[*] Target Account: permanent_bot_user_1747@securemail.com
[*] Network IP Rotated Successfully via Connected Device.
[✅ SUCCESS] Cycle #1747 completed and logged to Supabase cloud!
[*] Sleeping for 10 minutes before next cycle...

[🔄 DAEMON] Executing automated cycle #1748...
[*] Target Account: permanent_bot_user_1748@securemail.com
[*] Network IP Rotated Successfully via Connected Device.
[✅ SUCCESS] Cycle #1748 completed and logged to Supabase cloud!
[*] Sleeping for 10 minutes before next cycle...

[🔄 DAEMON] Executing automated cycle #1749...
[*] Target Account: permanent_bot_user_1749@securemail.com
[*] Network IP Rotated Successfully via Connected Device.
[✅ SUCCESS] Cycle #1749 completed and logged to Supabase cloud!
[*] Sleeping for 10 minutes before next cycle...

[🔄 DAEMON] Executing automated cycle #1750...
[*] Target Account: permanent_bot_user_1750@securemail.com
[*] Network IP Rotated Successfully via Connected Device.
[✅ SUCCESS] Cycle #1750 completed and logged to Supabase cloud!
[*] Sleeping for 10 minutes before next cycle...

[🔄 DAEMON] Executing automated cycle #1751...
[*] Target Account: permanent_bot_user_1751@securemail.com
[*] Network IP Rotated Successfully via Connected Device.
[✅ SUCCESS] Cycle #1751 completed and logged to Supabase cloud!
[*] Sleeping for 10 minutes before next cycle...

[🔄 DAEMON] Executing automated cycle #1752...
[*] Target Account: permanent_bot_user_1752@securemail.com
[*] Network IP Rotated Successfully via Connected Device.
[✅ SUCCESS] Cycle #1752 completed and logged to Supabase cloud!
[*] Sleeping for 10 minutes before next cycle...

[🔄 DAEMON] Executing automated cycle #1753...
[*] Target Account: permanent_bot_user_1753@securemail.com
[*] Network IP Rotated Successfully via Connected Device.
[✅ SUCCESS] Cycle #1753 completed and logged to Supabase cloud!
[*] Sleeping for 10 minutes before next cycle...

[🔄 DAEMON] Executing automated cycle #1754...
[*] Target Account: permanent_bot_user_1754@securemail.com
[*] Network IP Rotated Successfully via Connected Device.
[✅ SUCCESS] Cycle #1754 completed and logged to Supabase cloud!
[*] Sleeping for 10 minutes before next cycle...

[🔄 DAEMON] Executing automated cycle #1755...
[*] Target Account: permanent_bot_user_1755@securemail.com
[*] Network IP Rotated Successfully via Connected Device.
[✅ SUCCESS] Cycle #1755 completed and logged to Supabase cloud!
[*] Sleeping for 10 minutes before next cycle...

[🔄 DAEMON] Executing automated cycle #1756...
[*] Target Account: permanent_bot_user_1756@securemail.com
[*] Network IP Rotated Successfully via Connected Device.
[✅ SUCCESS] Cycle #1756 completed and logged to Supabase cloud!
[*] Sleeping for 10 minutes before next cycle...

[🔄 DAEMON] Executing automated cycle #1757...
[*] Target Account: permanent_bot_user_1757@securemail.com
[*] Network IP Rotated Successfully via Connected Device.
[✅ SUCCESS] Cycle #1757 completed and logged to Supabase cloud!
[*] Sleeping for 10 minutes before next cycle...

[🔄 DAEMON] Executing automated cycle #1758...
[*] Target Account: permanent_bot_user_1758@securemail.com
[*] Network IP Rotated Successfully via Connected Device.
[✅ SUCCESS] Cycle #1758 completed and logged to Supabase cloud!
[*] Sleeping for 10 minutes before next cycle...

[🔄 DAEMON] Executing automated cycle #1759...
[*] Target Account: permanent_bot_user_1759@securemail.com
[*] Network IP Rotated Successfully via Connected Device.
[✅ SUCCESS] Cycle #1759 completed and logged to Supabase cloud!
[*] Sleeping for 10 minutes before next cycle...

[🔄 DAEMON] Executing automated cycle #1760...
[*] Target Account: permanent_bot_user_1760@securemail.com
[*] Network IP Rotated Successfully via Connected Device.
[✅ SUCCESS] Cycle #1760 completed and logged to Supabase cloud!
[*] Sleeping for 10 minutes before next cycle...

[🔄 DAEMON] Executing automated cycle #1761...
[*] Target Account: permanent_bot_user_1761@securemail.com
[*] Network IP Rotated Successfully via Connected Device.
[✅ SUCCESS] Cycle #1761 completed and logged to Supabase cloud!
[*] Sleeping for 10 minutes before next cycle...

[🔄 DAEMON] Executing automated cycle #1762...
[*] Target Account: permanent_bot_user_1762@securemail.com
[*] Network IP Rotated Successfully via Connected Device.
[✅ SUCCESS] Cycle #1762 completed and logged to Supabase cloud!
[*] Sleeping for 10 minutes before next cycle...