2026-07-25 13:05:15,500 - INFO - HTTP Request: POST https://fhtverdbtmwjvgxlkmkz.supabase.co/rest/v1/execution_logs "HTTP/2 404 Not Found"
2026-07-25 13:05:15,502 - ERROR - Cloud sync error: {'message': "Could not find the table 'public.execution_logs' in the schema cache", 'code': 'PGRST205', 'hint': None, 'details': None}
2026-07-25 13:06:02,491 - INFO - HTTP Request: POST https://fhtverdbtmwjvgxlkmkz.supabase.co/rest/v1/execution_logs "HTTP/2 404 Not Found"
2026-07-25 13:06:02,494 - ERROR - Cloud sync error: {'message': "Could not find the table 'public.execution_logs' in the schema cache", 'code': 'PGRST205', 'hint': None, 'details': None}
2026-07-25 13:06:49,699 - INFO - HTTP Request: POST https://fhtverdbtmwjvgxlkmkz.supabase.co/rest/v1/execution_logs "HTTP/2 404 Not Found"
2026-07-25 13:06:49,700 - ERROR - Cloud sync error: {'message': "Could not find the table 'public.execution_logs' in the schema cache", 'code': 'PGRST205', 'hint': None, 'details': None}
2026-07-25 13:07:36,694 - INFO - HTTP Request: POST https://fhtverdbtmwjvgxlkmkz.supabase.co/rest/v1/execution_logs "HTTP/2 404 Not Found"
2026-07-25 13:07:36,695 - ERROR - Cloud sync error: {'message': "Could not find the table 'public.execution_logs' in the schema cache", 'code': 'PGRST205', 'hint': None, 'details': None}
2026-07-25 13:08:23,773 - INFO - HTTP Request: POST https://fhtverdbtmwjvgxlkmkz.supabase.co/rest/v1/execution_logs "HTTP/2 404 Not Found"
2026-07-25 13:08:23,775 - ERROR - Cloud sync error: {'message': "Could not find the table 'public.execution_logs' in the schema cache", 'code': 'PGRST205', 'hint': None, 'details': None}
2026-07-25 13:09:10,398 - INFO - HTTP Request: POST https://fhtverdbtmwjvgxlkmkz.supabase.co/rest/v1/execution_logs "HTTP/2 404 Not Found"
2026-07-25 13:09:10,400 - ERROR - Cloud sync error: {'message': "Could not find the table 'public.execution_logs' in the schema cache", 'code': 'PGRST205', 'hint': None, 'details': None}
2026-07-25 13:09:57,454 - INFO - HTTP Request: POST https://fhtverdbtmwjvgxlkmkz.supabase.co/rest/v1/execution_logs "HTTP/2 404 Not Found"
2026-07-25 13:09:57,455 - ERROR - Cloud sync error: {'message': "Could not find the table 'public.execution_logs' in the schema cache", 'code': 'PGRST205', 'hint': None, 'details': None}
2026-07-25 13:10:44,213 - INFO - HTTP Request: POST https://fhtverdbtmwjvgxlkmkz.supabase.co/rest/v1/execution_logs "HTTP/2 404 Not Found"
2026-07-25 13:10:44,213 - ERROR - Cloud sync error: {'message': "Could not find the table 'public.execution_logs' in the schema cache", 'code': 'PGRST205', 'hint': None, 'details': None}
2026-07-25 13:16:25,681 - INFO - HTTP Request: POST https://fhtverdbtmwjvgxlkmkz.supabase.co/rest/v1/execution_logs "HTTP/2 201 Created"
2026-07-25 13:17:41,891 - INFO - HTTP Request: POST https://fhtverdbtmwjvgxlkmkz.supabase.co/rest/v1/execution_logs "HTTP/2 201 Created"
2026-07-25 13:18:20,866 - INFO - HTTP Request: POST https://fhtverdbtmwjvgxlkmkz.supabase.co/rest/v1/execution_logs "HTTP/2 201 Created"
2026-07-25 13:18:59,919 - INFO - HTTP Request: POST https://fhtverdbtmwjvgxlkmkz.supabase.co/rest/v1/execution_logs "HTTP/2 201 Created"
2026-07-25 13:19:38,767 - INFO - HTTP Request: POST https://fhtverdbtmwjvgxlkmkz.supabase.co/rest/v1/execution_logs "HTTP/2 201 Created"
2026-07-25 13:20:17,972 - INFO - HTTP Request: POST https://fhtverdbtmwjvgxlkmkz.supabase.co/rest/v1/execution_logs "HTTP/2 201 Created"
2026-07-25 13:20:56,888 - INFO - HTTP Request: POST https://fhtverdbtmwjvgxlkmkz.supabase.co/rest/v1/execution_logs "HTTP/2 201 Created"
2026-07-25 13:21:35,849 - INFO - HTTP Request: POST https://fhtverdbtmwjvgxlkmkz.supabase.co/rest/v1/execution_logs "HTTP/2 201 Created"
2026-07-25 13:22:15,229 - INFO - HTTP Request: POST https://fhtverdbtmwjvgxlkmkz.supabase.co/rest/v1/execution_logs "HTTP/2 201 Created"
2026-07-25 13:22:54,449 - INFO - HTTP Request: POST https://fhtverdbtmwjvgxlkmkz.supabase.co/rest/v1/execution_logs "HTTP/2 201 Created"
2026-07-25 13:23:33,533 - INFO - HTTP Request: POST https://fhtverdbtmwjvgxlkmkz.supabase.co/rest/v1/execution_logs "HTTP/2 201 Created"
2026-07-25 13:24:12,569 - INFO - HTTP Request: POST https://fhtverdbtmwjvgxlkmkz.supabase.co/rest/v1/execution_logs "HTTP/2 201 Created"
2026-07-25 13:24:51,628 - INFO - HTTP Request: POST https://fhtverdbtmwjvgxlkmkz.supabase.co/rest/v1/execution_logs "HTTP/2 201 Created"
2026-07-25 13:25:30,497 - INFO - HTTP Request: POST https://fhtverdbtmwjvgxlkmkz.supabase.co/rest/v1/execution_logs "HTTP/2 201 Created"
2026-07-25 13:26:09,385 - INFO - HTTP Request: POST https://fhtverdbtmwjvgxlkmkz.supabase.co/rest/v1/execution_logs "HTTP/2 201 Created"
2026-07-25 13:26:48,205 - INFO - HTTP Request: POST https://fhtverdbtmwjvgxlkmkz.supabase.co/rest/v1/execution_logs "HTTP/2 201 Created"
2026-07-25 13:27:26,923 - INFO - HTTP Request: POST https://fhtverdbtmwjvgxlkmkz.supabase.co/rest/v1/execution_logs "HTTP/2 201 Created"
2026-07-25 13:28:05,792 - INFO - HTTP Request: POST https://fhtverdbtmwjvgxlkmkz.supabase.co/rest/v1/execution_logs "HTTP/2 201 Created"
2026-07-25 13:28:44,569 - INFO - HTTP Request: POST https://fhtverdbtmwjvgxlkmkz.supabase.co/rest/v1/execution_logs "HTTP/2 201 Created"
2026-07-25 13:29:23,252 - INFO - HTTP Request: POST https://fhtverdbtmwjvgxlkmkz.supabase.co/rest/v1/execution_logs "HTTP/2 201 Created"
2026-07-25 13:30:02,251 - INFO - HTTP Request: POST https://fhtverdbtmwjvgxlkmkz.supabase.co/rest/v1/execution_logs "HTTP/2 201 Created"
2026-07-25 13:30:41,755 - INFO - HTTP Request: POST https://fhtverdbtmwjvgxlkmkz.supabase.co/rest/v1/execution_logs "HTTP/2 201 Created"
2026-07-25 13:31:21,302 - INFO - HTTP Request: POST https://fhtverdbtmwjvgxlkmkz.supabase.co/rest/v1/execution_logs "HTTP/2 201 Created"
2026-07-25 13:32:00,625 - INFO - HTTP Request: POST https://fhtverdbtmwjvgxlkmkz.supabase.co/rest/v1/execution_logs "HTTP/2 201 Created"
2026-07-25 13:32:39,418 - INFO - HTTP Request: POST https://fhtverdbtmwjvgxlkmkz.supabase.co/rest/v1/execution_logs "HTTP/2 201 Created"
2026-07-25 13:33:18,357 - INFO - HTTP Request: POST https://fhtverdbtmwjvgxlkmkz.supabase.co/rest/v1/execution_logs "HTTP/2 201 Created"
2026-07-25 13:33:58,835 - ERROR - Cloud sync error: [Errno 8] nodename nor servname provided, or not known
2026-07-25 13:34:37,221 - ERROR - Cloud sync error: [Errno 8] nodename nor servname provided, or not known
2026-07-25 13:35:15,574 - ERROR - Cloud sync error: [Errno 8] nodename nor servname provided, or not known
2026-07-25 13:35:59,575 - INFO - HTTP Request: POST https://fhtverdbtmwjvgxlkmkz.supabase.co/rest/v1/execution_logs "HTTP/2 201 Created"
2026-07-25 13:36:42,563 - INFO - HTTP Request: POST https://fhtverdbtmwjvgxlkmkz.supabase.co/rest/v1/execution_logs "HTTP/2 201 Created"
2026-07-25 13:37:23,544 - INFO - HTTP Request: POST https://fhtverdbtmwjvgxlkmkz.supabase.co/rest/v1/execution_logs "HTTP/2 201 Created"
2026-07-25 13:38:07,478 - INFO - HTTP Request: POST https://fhtverdbtmwjvgxlkmkz.supabase.co/rest/v1/execution_logs "HTTP/2 201 Created"
2026-07-25 13:38:46,215 - INFO - HTTP Request: POST https://fhtverdbtmwjvgxlkmkz.supabase.co/rest/v1/execution_logs "HTTP/2 201 Created"
2026-07-25 13:39:25,205 - INFO - HTTP Request: POST https://fhtverdbtmwjvgxlkmkz.supabase.co/rest/v1/execution_logs "HTTP/2 201 Created"
2026-07-25 13:40:04,910 - INFO - HTTP Request: POST https://fhtverdbtmwjvgxlkmkz.supabase.co/rest/v1/execution_logs "HTTP/2 201 Created"
2026-07-25 13:41:01,075 - INFO - HTTP Request: POST https://fhtverdbtmwjvgxlkmkz.supabase.co/rest/v1/execution_logs "HTTP/2 201 Created"
2026-07-25 13:41:40,266 - INFO - HTTP Request: POST https://fhtverdbtmwjvgxlkmkz.supabase.co/rest/v1/execution_logs "HTTP/2 201 Created"
2026-07-25 13:42:19,206 - INFO - HTTP Request: POST https://fhtverdbtmwjvgxlkmkz.supabase.co/rest/v1/execution_logs "HTTP/2 201 Created"
2026-07-25 13:42:58,089 - INFO - HTTP Request: POST https://fhtverdbtmwjvgxlkmkz.supabase.co/rest/v1/execution_logs "HTTP/2 201 Created"
2026-07-25 13:43:37,017 - INFO - HTTP Request: POST https://fhtverdbtmwjvgxlkmkz.supabase.co/rest/v1/execution_logs "HTTP/2 201 Created"
2026-07-25 13:44:15,795 - INFO - HTTP Request: POST https://fhtverdbtmwjvgxlkmkz.supabase.co/rest/v1/execution_logs "HTTP/2 201 Created"
2026-07-25 13:44:54,467 - INFO - HTTP Request: POST https://fhtverdbtmwjvgxlkmkz.supabase.co/rest/v1/execution_logs "HTTP/2 201 Created"
2026-07-25 13:45:33,374 - INFO - HTTP Request: POST https://fhtverdbtmwjvgxlkmkz.supabase.co/rest/v1/execution_logs "HTTP/2 201 Created"
2026-07-25 13:46:12,235 - INFO - HTTP Request: POST https://fhtverdbtmwjvgxlkmkz.supabase.co/rest/v1/execution_logs "HTTP/2 201 Created"
2026-07-25 13:46:51,032 - INFO - HTTP Request: POST https://fhtverdbtmwjvgxlkmkz.supabase.co/rest/v1/execution_logs "HTTP/2 201 Created"
2026-07-25 13:47:30,085 - INFO - HTTP Request: POST https://fhtverdbtmwjvgxlkmkz.supabase.co/rest/v1/execution_logs "HTTP/2 201 Created"
2026-07-25 13:48:08,687 - INFO - HTTP Request: POST https://fhtverdbtmwjvgxlkmkz.supabase.co/rest/v1/execution_logs "HTTP/2 201 Created"
2026-07-25 13:48:47,344 - INFO - HTTP Request: POST https://fhtverdbtmwjvgxlkmkz.supabase.co/rest/v1/execution_logs "HTTP/2 201 Created"
2026-07-25 13:49:26,241 - INFO - HTTP Request: POST https://fhtverdbtmwjvgxlkmkz.supabase.co/rest/v1/execution_logs "HTTP/2 201 Created"
2026-07-25 13:50:04,920 - INFO - HTTP Request: POST https://fhtverdbtmwjvgxlkmkz.supabase.co/rest/v1/execution_logs "HTTP/2 201 Created"
2026-07-25 13:50:43,660 - INFO - HTTP Request: POST https://fhtverdbtmwjvgxlkmkz.supabase.co/rest/v1/execution_logs "HTTP/2 201 Created"
2026-07-25 13:51:22,476 - INFO - HTTP Request: POST https://fhtverdbtmwjvgxlkmkz.supabase.co/rest/v1/execution_logs "HTTP/2 201 Created"
2026-07-25 13:52:01,328 - INFO - HTTP Request: POST https://fhtverdbtmwjvgxlkmkz.supabase.co/rest/v1/execution_logs "HTTP/2 201 Created"
2026-07-25 13:52:40,205 - INFO - HTTP Request: POST https://fhtverdbtmwjvgxlkmkz.supabase.co/rest/v1/execution_logs "HTTP/2 201 Created"
2026-07-25 13:53:19,048 - INFO - HTTP Request: POST https://fhtverdbtmwjvgxlkmkz.supabase.co/rest/v1/execution_logs "HTTP/2 201 Created"
2026-07-25 13:53:57,949 - INFO - HTTP Request: POST https://fhtverdbtmwjvgxlkmkz.supabase.co/rest/v1/execution_logs "HTTP/2 201 Created"
2026-07-25 13:54:36,666 - INFO - HTTP Request: POST https://fhtverdbtmwjvgxlkmkz.supabase.co/rest/v1/execution_logs "HTTP/2 201 Created"
2026-07-25 13:55:15,481 - INFO - HTTP Request: POST https://fhtverdbtmwjvgxlkmkz.supabase.co/rest/v1/execution_logs "HTTP/2 201 Created"
2026-07-25 13:55:54,063 - INFO - HTTP Request: POST https://fhtverdbtmwjvgxlkmkz.supabase.co/rest/v1/execution_logs "HTTP/2 201 Created"
2026-07-25 13:56:32,874 - INFO - HTTP Request: POST https://fhtverdbtmwjvgxlkmkz.supabase.co/rest/v1/execution_logs "HTTP/2 201 Created"
2026-07-25 13:57:11,625 - INFO - HTTP Request: POST https://fhtverdbtmwjvgxlkmkz.supabase.co/rest/v1/execution_logs "HTTP/2 201 Created"
2026-07-25 13:57:50,474 - INFO - HTTP Request: POST https://fhtverdbtmwjvgxlkmkz.supabase.co/rest/v1/execution_logs "HTTP/2 201 Created"
2026-07-25 13:58:29,232 - INFO - HTTP Request: POST https://fhtverdbtmwjvgxlkmkz.supabase.co/rest/v1/execution_logs "HTTP/2 201 Created"
2026-07-25 13:59:07,875 - INFO - HTTP Request: POST https://fhtverdbtmwjvgxlkmkz.supabase.co/rest/v1/execution_logs "HTTP/2 201 Created"
2026-07-25 13:59:46,564 - INFO - HTTP Request: POST https://fhtverdbtmwjvgxlkmkz.supabase.co/rest/v1/execution_logs "HTTP/2 201 Created"
2026-07-25 14:00:25,655 - INFO - HTTP Request: POST https://fhtverdbtmwjvgxlkmkz.supabase.co/rest/v1/execution_logs "HTTP/2 201 Created"
2026-07-25 14:01:04,419 - INFO - HTTP Request: POST https://fhtverdbtmwjvgxlkmkz.supabase.co/rest/v1/execution_logs "HTTP/2 201 Created"
2026-07-25 14:01:43,121 - INFO - HTTP Request: POST https://fhtverdbtmwjvgxlkmkz.supabase.co/rest/v1/execution_logs "HTTP/2 201 Created"
2026-07-25 14:02:21,706 - INFO - HTTP Request: POST https://fhtverdbtmwjvgxlkmkz.supabase.co/rest/v1/execution_logs "HTTP/2 201 Created"
2026-07-25 14:03:00,595 - INFO - HTTP Request: POST https://fhtverdbtmwjvgxlkmkz.supabase.co/rest/v1/execution_logs "HTTP/2 201 Created"
2026-07-25 14:03:39,258 - INFO - HTTP Request: POST https://fhtverdbtmwjvgxlkmkz.supabase.co/rest/v1/execution_logs "HTTP/2 201 Created"
2026-07-25 14:04:17,837 - INFO - HTTP Request: POST https://fhtverdbtmwjvgxlkmkz.supabase.co/rest/v1/execution_logs "HTTP/2 201 Created"
2026-07-25 14:04:56,835 - INFO - HTTP Request: POST https://fhtverdbtmwjvgxlkmkz.supabase.co/rest/v1/execution_logs "HTTP/2 201 Created"
2026-07-25 14:05:35,825 - INFO - HTTP Request: POST https://fhtverdbtmwjvgxlkmkz.supabase.co/rest/v1/execution_logs "HTTP/2 201 Created"
2026-07-25 14:06:14,669 - INFO - HTTP Request: POST https://fhtverdbtmwjvgxlkmkz.supabase.co/rest/v1/execution_logs "HTTP/2 201 Created"
2026-07-25 14:06:53,532 - INFO - HTTP Request: POST https://fhtverdbtmwjvgxlkmkz.supabase.co/rest/v1/execution_logs "HTTP/2 201 Created"
2026-07-25 14:07:32,348 - INFO - HTTP Request: POST https://fhtverdbtmwjvgxlkmkz.supabase.co/rest/v1/execution_logs "HTTP/2 201 Created"
2026-07-25 14:08:11,056 - INFO - HTTP Request: POST https://fhtverdbtmwjvgxlkmkz.supabase.co/rest/v1/execution_logs "HTTP/2 201 Created"
2026-07-25 14:08:50,032 - INFO - HTTP Request: POST https://fhtverdbtmwjvgxlkmkz.supabase.co/rest/v1/execution_logs "HTTP/2 201 Created"
2026-07-25 14:09:29,401 - INFO - HTTP Request: POST https://fhtverdbtmwjvgxlkmkz.supabase.co/rest/v1/execution_logs "HTTP/2 201 Created"
2026-07-25 14:10:08,167 - INFO - HTTP Request: POST https://fhtverdbtmwjvgxlkmkz.supabase.co/rest/v1/execution_logs "HTTP/2 201 Created"
2026-07-25 14:10:47,070 - INFO - HTTP Request: POST https://fhtverdbtmwjvgxlkmkz.supabase.co/rest/v1/execution_logs "HTTP/2 201 Created"
2026-07-25 14:11:25,873 - INFO - HTTP Request: POST https://fhtverdbtmwjvgxlkmkz.supabase.co/rest/v1/execution_logs "HTTP/2 201 Created"
2026-07-25 14:12:04,438 - INFO - HTTP Request: POST https://fhtverdbtmwjvgxlkmkz.supabase.co/rest/v1/execution_logs "HTTP/2 201 Created"
2026-07-25 14:12:43,117 - INFO - HTTP Request: POST https://fhtverdbtmwjvgxlkmkz.supabase.co/rest/v1/execution_logs "HTTP/2 201 Created"
2026-07-25 14:13:21,786 - INFO - HTTP Request: POST https://fhtverdbtmwjvgxlkmkz.supabase.co/rest/v1/execution_logs "HTTP/2 201 Created"
2026-07-25 14:14:00,605 - INFO - HTTP Request: POST https://fhtverdbtmwjvgxlkmkz.supabase.co/rest/v1/execution_logs "HTTP/2 201 Created"
2026-07-25 14:14:39,289 - INFO - HTTP Request: POST https://fhtverdbtmwjvgxlkmkz.supabase.co/rest/v1/execution_logs "HTTP/2 201 Created"
2026-07-25 14:15:18,175 - INFO - HTTP Request: POST https://fhtverdbtmwjvgxlkmkz.supabase.co/rest/v1/execution_logs "HTTP/2 201 Created"
2026-07-25 14:15:57,189 - INFO - HTTP Request: POST https://fhtverdbtmwjvgxlkmkz.supabase.co/rest/v1/execution_logs "HTTP/2 201 Created"
2026-07-25 14:16:35,909 - INFO - HTTP Request: POST https://fhtverdbtmwjvgxlkmkz.supabase.co/rest/v1/execution_logs "HTTP/2 201 Created"
2026-07-25 14:17:14,824 - INFO - HTTP Request: POST https://fhtverdbtmwjvgxlkmkz.supabase.co/rest/v1/execution_logs "HTTP/2 201 Created"
2026-07-25 14:17:53,598 - INFO - HTTP Request: POST https://fhtverdbtmwjvgxlkmkz.supabase.co/rest/v1/execution_logs "HTTP/2 201 Created"
2026-07-25 14:18:32,330 - INFO - HTTP Request: POST https://fhtverdbtmwjvgxlkmkz.supabase.co/rest/v1/execution_logs "HTTP/2 201 Created"
2026-07-25 14:19:11,104 - INFO - HTTP Request: POST https://fhtverdbtmwjvgxlkmkz.supabase.co/rest/v1/execution_logs "HTTP/2 201 Created"
2026-07-25 14:19:49,747 - INFO - HTTP Request: POST https://fhtverdbtmwjvgxlkmkz.supabase.co/rest/v1/execution_logs "HTTP/2 201 Created"
2026-07-25 14:20:28,516 - INFO - HTTP Request: POST https://fhtverdbtmwjvgxlkmkz.supabase.co/rest/v1/execution_logs "HTTP/2 201 Created"
2026-07-25 14:21:07,322 - INFO - HTTP Request: POST https://fhtverdbtmwjvgxlkmkz.supabase.co/rest/v1/execution_logs "HTTP/2 201 Created"
2026-07-25 14:21:45,866 - INFO - HTTP Request: POST https://fhtverdbtmwjvgxlkmkz.supabase.co/rest/v1/execution_logs "HTTP/2 201 Created"
2026-07-25 14:22:24,881 - INFO - HTTP Request: POST https://fhtverdbtmwjvgxlkmkz.supabase.co/rest/v1/execution_logs "HTTP/2 201 Created"
2026-07-25 14:23:03,689 - INFO - HTTP Request: POST https://fhtverdbtmwjvgxlkmkz.supabase.co/rest/v1/execution_logs "HTTP/2 201 Created"
2026-07-25 14:23:42,303 - INFO - HTTP Request: POST https://fhtverdbtmwjvgxlkmkz.supabase.co/rest/v1/execution_logs "HTTP/2 201 Created"
2026-07-25 14:24:21,026 - INFO - HTTP Request: POST https://fhtverdbtmwjvgxlkmkz.supabase.co/rest/v1/execution_logs "HTTP/2 201 Created"
2026-07-25 14:24:59,606 - INFO - HTTP Request: POST https://fhtverdbtmwjvgxlkmkz.supabase.co/rest/v1/execution_logs "HTTP/2 201 Created"
2026-07-25 14:25:38,217 - INFO - HTTP Request: POST https://fhtverdbtmwjvgxlkmkz.supabase.co/rest/v1/execution_logs "HTTP/2 201 Created"
2026-07-25 14:26:17,227 - INFO - HTTP Request: POST https://fhtverdbtmwjvgxlkmkz.supabase.co/rest/v1/execution_logs "HTTP/2 201 Created"
2026-07-25 14:26:55,972 - INFO - HTTP Request: POST https://fhtverdbtmwjvgxlkmkz.supabase.co/rest/v1/execution_logs "HTTP/2 201 Created"
2026-07-25 14:27:34,519 - INFO - HTTP Request: POST https://fhtverdbtmwjvgxlkmkz.supabase.co/rest/v1/execution_logs "HTTP/2 201 Created"
2026-07-25 14:28:13,066 - INFO - HTTP Request: POST https://fhtverdbtmwjvgxlkmkz.supabase.co/rest/v1/execution_logs "HTTP/2 201 Created"
2026-07-25 14:28:52,035 - INFO - HTTP Request: POST https://fhtverdbtmwjvgxlkmkz.supabase.co/rest/v1/execution_logs "HTTP/2 201 Created"
2026-07-25 14:29:30,786 - INFO - HTTP Request: POST https://fhtverdbtmwjvgxlkmkz.supabase.co/rest/v1/execution_logs "HTTP/2 201 Created"
2026-07-25 14:30:09,589 - INFO - HTTP Request: POST https://fhtverdbtmwjvgxlkmkz.supabase.co/rest/v1/execution_logs "HTTP/2 201 Created"
2026-07-25 14:30:48,121 - INFO - HTTP Request: POST https://fhtverdbtmwjvgxlkmkz.supabase.co/rest/v1/execution_logs "HTTP/2 201 Created"
2026-07-25 14:31:26,699 - INFO - HTTP Request: POST https://fhtverdbtmwjvgxlkmkz.supabase.co/rest/v1/execution_logs "HTTP/2 201 Created"
2026-07-25 14:32:05,240 - INFO - HTTP Request: POST https://fhtverdbtmwjvgxlkmkz.supabase.co/rest/v1/execution_logs "HTTP/2 201 Created"
2026-07-25 14:32:44,055 - INFO - HTTP Request: POST https://fhtverdbtmwjvgxlkmkz.supabase.co/rest/v1/execution_logs "HTTP/2 201 Created"
2026-07-25 14:33:22,619 - INFO - HTTP Request: POST https://fhtverdbtmwjvgxlkmkz.supabase.co/rest/v1/execution_logs "HTTP/2 201 Created"
2026-07-25 14:34:01,258 - INFO - HTTP Request: POST https://fhtverdbtmwjvgxlkmkz.supabase.co/rest/v1/execution_logs "HTTP/2 201 Created"
2026-07-25 14:34:40,001 - INFO - HTTP Request: POST https://fhtverdbtmwjvgxlkmkz.supabase.co/rest/v1/execution_logs "HTTP/2 201 Created"
2026-07-25 14:35:18,849 - INFO - HTTP Request: POST https://fhtverdbtmwjvgxlkmkz.supabase.co/rest/v1/execution_logs "HTTP/2 201 Created"
2026-07-25 14:35:57,610 - INFO - HTTP Request: POST https://fhtverdbtmwjvgxlkmkz.supabase.co/rest/v1/execution_logs "HTTP/2 201 Created"
2026-07-25 14:36:36,546 - INFO - HTTP Request: POST https://fhtverdbtmwjvgxlkmkz.supabase.co/rest/v1/execution_logs "HTTP/2 201 Created"
2026-07-25 14:37:15,054 - INFO - HTTP Request: POST https://fhtverdbtmwjvgxlkmkz.supabase.co/rest/v1/execution_logs "HTTP/2 201 Created"
2026-07-25 14:37:53,959 - INFO - HTTP Request: POST https://fhtverdbtmwjvgxlkmkz.supabase.co/rest/v1/execution_logs "HTTP/2 201 Created"
2026-07-25 14:38:32,590 - INFO - HTTP Request: POST https://fhtverdbtmwjvgxlkmkz.supabase.co/rest/v1/execution_logs "HTTP/2 201 Created"
2026-07-25 14:39:11,629 - INFO - HTTP Request: POST https://fhtverdbtmwjvgxlkmkz.supabase.co/rest/v1/execution_logs "HTTP/2 201 Created"
2026-07-25 14:39:50,492 - INFO - HTTP Request: POST https://fhtverdbtmwjvgxlkmkz.supabase.co/rest/v1/execution_logs "HTTP/2 201 Created"
2026-07-25 14:40:29,683 - INFO - HTTP Request: POST https://fhtverdbtmwjvgxlkmkz.supabase.co/rest/v1/execution_logs "HTTP/2 201 Created"
2026-07-25 14:41:08,323 - INFO - HTTP Request: POST https://fhtverdbtmwjvgxlkmkz.supabase.co/rest/v1/execution_logs "HTTP/2 201 Created"
2026-07-25 14:41:47,037 - INFO - HTTP Request: POST https://fhtverdbtmwjvgxlkmkz.supabase.co/rest/v1/execution_logs "HTTP/2 201 Created"
2026-07-25 14:42:26,143 - INFO - HTTP Request: POST https://fhtverdbtmwjvgxlkmkz.supabase.co/rest/v1/execution_logs "HTTP/2 201 Created"
2026-07-25 14:43:04,940 - INFO - HTTP Request: POST https://fhtverdbtmwjvgxlkmkz.supabase.co/rest/v1/execution_logs "HTTP/2 201 Created"
2026-07-25 14:43:43,878 - INFO - HTTP Request: POST https://fhtverdbtmwjvgxlkmkz.supabase.co/rest/v1/execution_logs "HTTP/2 201 Created"
2026-07-25 14:44:22,837 - INFO - HTTP Request: POST https://fhtverdbtmwjvgxlkmkz.supabase.co/rest/v1/execution_logs "HTTP/2 201 Created"
2026-07-25 14:45:01,534 - INFO - HTTP Request: POST https://fhtverdbtmwjvgxlkmkz.supabase.co/rest/v1/execution_logs "HTTP/2 201 Created"
2026-07-25 14:45:40,399 - INFO - HTTP Request: POST https://fhtverdbtmwjvgxlkmkz.supabase.co/rest/v1/execution_logs "HTTP/2 201 Created"
2026-07-25 14:46:19,325 - INFO - HTTP Request: POST https://fhtverdbtmwjvgxlkmkz.supabase.co/rest/v1/execution_logs "HTTP/2 201 Created"
2026-07-25 14:46:58,322 - INFO - HTTP Request: POST https://fhtverdbtmwjvgxlkmkz.supabase.co/rest/v1/execution_logs "HTTP/2 201 Created"
2026-07-25 14:47:37,305 - INFO - HTTP Request: POST https://fhtverdbtmwjvgxlkmkz.supabase.co/rest/v1/execution_logs "HTTP/2 201 Created"
2026-07-25 14:48:16,460 - INFO - HTTP Request: POST https://fhtverdbtmwjvgxlkmkz.supabase.co/rest/v1/execution_logs "HTTP/2 201 Created"
2026-07-25 14:48:55,295 - INFO - HTTP Request: POST https://fhtverdbtmwjvgxlkmkz.supabase.co/rest/v1/execution_logs "HTTP/2 201 Created"
2026-07-25 14:49:34,187 - INFO - HTTP Request: POST https://fhtverdbtmwjvgxlkmkz.supabase.co/rest/v1/execution_logs "HTTP/2 201 Created"
2026-07-25 14:50:12,965 - INFO - HTTP Request: POST https://fhtverdbtmwjvgxlkmkz.supabase.co/rest/v1/execution_logs "HTTP/2 201 Created"
2026-07-25 14:50:51,964 - INFO - HTTP Request: POST https://fhtverdbtmwjvgxlkmkz.supabase.co/rest/v1/execution_logs "HTTP/2 201 Created"
2026-07-25 14:51:30,768 - INFO - HTTP Request: POST https://fhtverdbtmwjvgxlkmkz.supabase.co/rest/v1/execution_logs "HTTP/2 201 Created"
2026-07-25 14:52:09,755 - INFO - HTTP Request: POST https://fhtverdbtmwjvgxlkmkz.supabase.co/rest/v1/execution_logs "HTTP/2 201 Created"
2026-07-25 14:52:48,712 - INFO - HTTP Request: POST https://fhtverdbtmwjvgxlkmkz.supabase.co/rest/v1/execution_logs "HTTP/2 201 Created"
2026-07-25 14:53:27,516 - INFO - HTTP Request: POST https://fhtverdbtmwjvgxlkmkz.supabase.co/rest/v1/execution_logs "HTTP/2 201 Created"
2026-07-25 14:54:06,329 - INFO - HTTP Request: POST https://fhtverdbtmwjvgxlkmkz.supabase.co/rest/v1/execution_logs "HTTP/2 201 Created"
2026-07-25 14:54:45,986 - INFO - HTTP Request: POST https://fhtverdbtmwjvgxlkmkz.supabase.co/rest/v1/execution_logs "HTTP/2 201 Created"
2026-07-25 14:55:24,690 - INFO - HTTP Request: POST https://fhtverdbtmwjvgxlkmkz.supabase.co/rest/v1/execution_logs "HTTP/2 201 Created"
2026-07-25 14:56:03,604 - INFO - HTTP Request: POST https://fhtverdbtmwjvgxlkmkz.supabase.co/rest/v1/execution_logs "HTTP/2 201 Created"
2026-07-25 14:56:42,285 - INFO - HTTP Request: POST https://fhtverdbtmwjvgxlkmkz.supabase.co/rest/v1/execution_logs "HTTP/2 201 Created"
2026-07-25 14:57:21,183 - INFO - HTTP Request: POST https://fhtverdbtmwjvgxlkmkz.supabase.co/rest/v1/execution_logs "HTTP/2 201 Created"
2026-07-25 14:58:00,010 - INFO - HTTP Request: POST https://fhtverdbtmwjvgxlkmkz.supabase.co/rest/v1/execution_logs "HTTP/2 201 Created"
2026-07-25 14:58:38,997 - INFO - HTTP Request: POST https://fhtverdbtmwjvgxlkmkz.supabase.co/rest/v1/execution_logs "HTTP/2 201 Created"
2026-07-25 14:59:17,678 - INFO - HTTP Request: POST https://fhtverdbtmwjvgxlkmkz.supabase.co/rest/v1/execution_logs "HTTP/2 201 Created"
2026-07-25 14:59:56,560 - INFO - HTTP Request: POST https://fhtverdbtmwjvgxlkmkz.supabase.co/rest/v1/execution_logs "HTTP/2 201 Created"
2026-07-25 15:00:35,490 - INFO - HTTP Request: POST https://fhtverdbtmwjvgxlkmkz.supabase.co/rest/v1/execution_logs "HTTP/2 201 Created"
2026-07-25 15:01:14,499 - INFO - HTTP Request: POST https://fhtverdbtmwjvgxlkmkz.supabase.co/rest/v1/execution_logs "HTTP/2 201 Created"
2026-07-25 15:01:53,453 - INFO - HTTP Request: POST https://fhtverdbtmwjvgxlkmkz.supabase.co/rest/v1/execution_logs "HTTP/2 201 Created"
2026-07-25 15:02:32,367 - INFO - HTTP Request: POST https://fhtverdbtmwjvgxlkmkz.supabase.co/rest/v1/execution_logs "HTTP/2 201 Created"
2026-07-25 15:03:11,426 - INFO - HTTP Request: POST https://fhtverdbtmwjvgxlkmkz.supabase.co/rest/v1/execution_logs "HTTP/2 201 Created"
2026-07-25 15:03:50,295 - INFO - HTTP Request: POST https://fhtverdbtmwjvgxlkmkz.supabase.co/rest/v1/execution_logs "HTTP/2 201 Created"
2026-07-25 15:04:29,058 - INFO - HTTP Request: POST https://fhtverdbtmwjvgxlkmkz.supabase.co/rest/v1/execution_logs "HTTP/2 201 Created"
2026-07-25 15:05:08,545 - INFO - HTTP Request: POST https://fhtverdbtmwjvgxlkmkz.supabase.co/rest/v1/execution_logs "HTTP/2 201 Created"
2026-07-25 15:05:47,283 - INFO - HTTP Request: POST https://fhtverdbtmwjvgxlkmkz.supabase.co/rest/v1/execution_logs "HTTP/2 201 Created"
2026-07-25 15:06:25,974 - INFO - HTTP Request: POST https://fhtverdbtmwjvgxlkmkz.supabase.co/rest/v1/execution_logs "HTTP/2 201 Created"
2026-07-25 15:07:04,781 - INFO - HTTP Request: POST https://fhtverdbtmwjvgxlkmkz.supabase.co/rest/v1/execution_logs "HTTP/2 201 Created"
2026-07-25 15:07:43,678 - INFO - HTTP Request: POST https://fhtverdbtmwjvgxlkmkz.supabase.co/rest/v1/execution_logs "HTTP/2 201 Created"
2026-07-25 15:08:22,493 - INFO - HTTP Request: POST https://fhtverdbtmwjvgxlkmkz.supabase.co/rest/v1/execution_logs "HTTP/2 201 Created"
2026-07-25 15:09:01,318 - INFO - HTTP Request: POST https://fhtverdbtmwjvgxlkmkz.supabase.co/rest/v1/execution_logs "HTTP/2 201 Created"
2026-07-25 15:09:40,243 - INFO - HTTP Request: POST https://fhtverdbtmwjvgxlkmkz.supabase.co/rest/v1/execution_logs "HTTP/2 201 Created"
2026-07-25 15:10:19,285 - INFO - HTTP Request: POST https://fhtverdbtmwjvgxlkmkz.supabase.co/rest/v1/execution_logs "HTTP/2 201 Created"
2026-07-25 15:10:58,056 - INFO - HTTP Request: POST https://fhtverdbtmwjvgxlkmkz.supabase.co/rest/v1/execution_logs "HTTP/2 201 Created"
2026-07-25 15:11:36,946 - INFO - HTTP Request: POST https://fhtverdbtmwjvgxlkmkz.supabase.co/rest/v1/execution_logs "HTTP/2 201 Created"
2026-07-25 15:12:15,588 - INFO - HTTP Request: POST https://fhtverdbtmwjvgxlkmkz.supabase.co/rest/v1/execution_logs "HTTP/2 201 Created"
2026-07-25 15:12:54,375 - INFO - HTTP Request: POST https://fhtverdbtmwjvgxlkmkz.supabase.co/rest/v1/execution_logs "HTTP/2 201 Created"
2026-07-25 15:13:33,020 - INFO - HTTP Request: POST https://fhtverdbtmwjvgxlkmkz.supabase.co/rest/v1/execution_logs "HTTP/2 201 Created"
2026-07-25 15:14:11,677 - INFO - HTTP Request: POST https://fhtverdbtmwjvgxlkmkz.supabase.co/rest/v1/execution_logs "HTTP/2 201 Created"
2026-07-25 15:14:50,632 - INFO - HTTP Request: POST https://fhtverdbtmwjvgxlkmkz.supabase.co/rest/v1/execution_logs "HTTP/2 201 Created"
2026-07-25 15:15:30,095 - INFO - HTTP Request: POST https://fhtverdbtmwjvgxlkmkz.supabase.co/rest/v1/execution_logs "HTTP/2 201 Created"
2026-07-25 15:16:08,744 - INFO - HTTP Request: POST https://fhtverdbtmwjvgxlkmkz.supabase.co/rest/v1/execution_logs "HTTP/2 201 Created"
2026-07-25 15:16:47,585 - INFO - HTTP Request: POST https://fhtverdbtmwjvgxlkmkz.supabase.co/rest/v1/execution_logs "HTTP/2 201 Created"
2026-07-25 15:17:26,148 - INFO - HTTP Request: POST https://fhtverdbtmwjvgxlkmkz.supabase.co/rest/v1/execution_logs "HTTP/2 201 Created"
2026-07-25 15:18:05,048 - INFO - HTTP Request: POST https://fhtverdbtmwjvgxlkmkz.supabase.co/rest/v1/execution_logs "HTTP/2 201 Created"
2026-07-25 15:18:44,051 - INFO - HTTP Request: POST https://fhtverdbtmwjvgxlkmkz.supabase.co/rest/v1/execution_logs "HTTP/2 201 Created"
2026-07-25 15:19:22,720 - INFO - HTTP Request: POST https://fhtverdbtmwjvgxlkmkz.supabase.co/rest/v1/execution_logs "HTTP/2 201 Created"
2026-07-25 15:20:01,285 - INFO - HTTP Request: POST https://fhtverdbtmwjvgxlkmkz.supabase.co/rest/v1/execution_logs "HTTP/2 201 Created"
2026-07-25 15:20:40,334 - INFO - HTTP Request: POST https://fhtverdbtmwjvgxlkmkz.supabase.co/rest/v1/execution_logs "HTTP/2 201 Created"
2026-07-25 15:21:19,196 - INFO - HTTP Request: POST https://fhtverdbtmwjvgxlkmkz.supabase.co/rest/v1/execution_logs "HTTP/2 201 Created"
2026-07-25 15:21:57,912 - INFO - HTTP Request: POST https://fhtverdbtmwjvgxlkmkz.supabase.co/rest/v1/execution_logs "HTTP/2 201 Created"
2026-07-25 15:22:36,547 - INFO - HTTP Request: POST https://fhtverdbtmwjvgxlkmkz.supabase.co/rest/v1/execution_logs "HTTP/2 201 Created"
2026-07-25 15:23:15,351 - INFO - HTTP Request: POST https://fhtverdbtmwjvgxlkmkz.supabase.co/rest/v1/execution_logs "HTTP/2 201 Created"
2026-07-25 15:23:53,968 - INFO - HTTP Request: POST https://fhtverdbtmwjvgxlkmkz.supabase.co/rest/v1/execution_logs "HTTP/2 201 Created"
2026-07-25 15:24:32,720 - INFO - HTTP Request: POST https://fhtverdbtmwjvgxlkmkz.supabase.co/rest/v1/execution_logs "HTTP/2 201 Created"
2026-07-25 15:25:11,547 - INFO - HTTP Request: POST https://fhtverdbtmwjvgxlkmkz.supabase.co/rest/v1/execution_logs "HTTP/2 201 Created"
2026-07-25 15:25:50,346 - INFO - HTTP Request: POST https://fhtverdbtmwjvgxlkmkz.supabase.co/rest/v1/execution_logs "HTTP/2 201 Created"
2026-07-25 15:26:28,888 - INFO - HTTP Request: POST https://fhtverdbtmwjvgxlkmkz.supabase.co/rest/v1/execution_logs "HTTP/2 201 Created"
2026-07-25 15:27:07,620 - INFO - HTTP Request: POST https://fhtverdbtmwjvgxlkmkz.supabase.co/rest/v1/execution_logs "HTTP/2 201 Created"
2026-07-25 15:27:46,374 - INFO - HTTP Request: POST https://fhtverdbtmwjvgxlkmkz.supabase.co/rest/v1/execution_logs "HTTP/2 201 Created"
2026-07-25 15:28:25,183 - INFO - HTTP Request: POST https://fhtverdbtmwjvgxlkmkz.supabase.co/rest/v1/execution_logs "HTTP/2 201 Created"
2026-07-25 15:29:03,878 - INFO - HTTP Request: POST https://fhtverdbtmwjvgxlkmkz.supabase.co/rest/v1/execution_logs "HTTP/2 201 Created"
2026-07-25 15:29:42,519 - INFO - HTTP Request: POST https://fhtverdbtmwjvgxlkmkz.supabase.co/rest/v1/execution_logs "HTTP/2 201 Created"
2026-07-25 15:30:21,034 - INFO - HTTP Request: POST https://fhtverdbtmwjvgxlkmkz.supabase.co/rest/v1/execution_logs "HTTP/2 201 Created"
2026-07-25 15:30:59,838 - INFO - HTTP Request: POST https://fhtverdbtmwjvgxlkmkz.supabase.co/rest/v1/execution_logs "HTTP/2 201 Created"
2026-07-25 15:31:38,773 - INFO - HTTP Request: POST https://fhtverdbtmwjvgxlkmkz.supabase.co/rest/v1/execution_logs "HTTP/2 201 Created"
2026-07-25 15:32:17,501 - INFO - HTTP Request: POST https://fhtverdbtmwjvgxlkmkz.supabase.co/rest/v1/execution_logs "HTTP/2 201 Created"
2026-07-25 15:32:56,306 - INFO - HTTP Request: POST https://fhtverdbtmwjvgxlkmkz.supabase.co/rest/v1/execution_logs "HTTP/2 201 Created"
2026-07-25 15:33:35,097 - INFO - HTTP Request: POST https://fhtverdbtmwjvgxlkmkz.supabase.co/rest/v1/execution_logs "HTTP/2 201 Created"
2026-07-25 15:34:13,969 - INFO - HTTP Request: POST https://fhtverdbtmwjvgxlkmkz.supabase.co/rest/v1/execution_logs "HTTP/2 201 Created"
2026-07-25 15:34:52,705 - INFO - HTTP Request: POST https://fhtverdbtmwjvgxlkmkz.supabase.co/rest/v1/execution_logs "HTTP/2 201 Created"
2026-07-25 15:35:31,172 - INFO - HTTP Request: POST https://fhtverdbtmwjvgxlkmkz.supabase.co/rest/v1/execution_logs "HTTP/2 201 Created"
2026-07-25 15:36:09,962 - INFO - HTTP Request: POST https://fhtverdbtmwjvgxlkmkz.supabase.co/rest/v1/execution_logs "HTTP/2 201 Created"
2026-07-25 15:36:48,506 - INFO - HTTP Request: POST https://fhtverdbtmwjvgxlkmkz.supabase.co/rest/v1/execution_logs "HTTP/2 201 Created"
2026-07-25 15:37:27,344 - INFO - HTTP Request: POST https://fhtverdbtmwjvgxlkmkz.supabase.co/rest/v1/execution_logs "HTTP/2 201 Created"
2026-07-25 15:38:06,150 - INFO - HTTP Request: POST https://fhtverdbtmwjvgxlkmkz.supabase.co/rest/v1/execution_logs "HTTP/2 201 Created"
2026-07-25 15:38:45,066 - INFO - HTTP Request: POST https://fhtverdbtmwjvgxlkmkz.supabase.co/rest/v1/execution_logs "HTTP/2 201 Created"
2026-07-25 15:39:23,728 - INFO - HTTP Request: POST https://fhtverdbtmwjvgxlkmkz.supabase.co/rest/v1/execution_logs "HTTP/2 201 Created"
2026-07-25 15:40:02,490 - INFO - HTTP Request: POST https://fhtverdbtmwjvgxlkmkz.supabase.co/rest/v1/execution_logs "HTTP/2 201 Created"
2026-07-25 15:40:41,275 - INFO - HTTP Request: POST https://fhtverdbtmwjvgxlkmkz.supabase.co/rest/v1/execution_logs "HTTP/2 201 Created"
2026-07-25 15:41:19,889 - INFO - HTTP Request: POST https://fhtverdbtmwjvgxlkmkz.supabase.co/rest/v1/execution_logs "HTTP/2 201 Created"
2026-07-25 15:41:58,848 - INFO - HTTP Request: POST https://fhtverdbtmwjvgxlkmkz.supabase.co/rest/v1/execution_logs "HTTP/2 201 Created"
2026-07-25 15:42:37,634 - INFO - HTTP Request: POST https://fhtverdbtmwjvgxlkmkz.supabase.co/rest/v1/execution_logs "HTTP/2 201 Created"
2026-07-25 15:43:16,179 - INFO - HTTP Request: POST https://fhtverdbtmwjvgxlkmkz.supabase.co/rest/v1/execution_logs "HTTP/2 201 Created"
2026-07-25 15:43:55,039 - INFO - HTTP Request: POST https://fhtverdbtmwjvgxlkmkz.supabase.co/rest/v1/execution_logs "HTTP/2 201 Created"
2026-07-25 15:44:33,815 - INFO - HTTP Request: POST https://fhtverdbtmwjvgxlkmkz.supabase.co/rest/v1/execution_logs "HTTP/2 201 Created"
2026-07-25 15:45:12,594 - INFO - HTTP Request: POST https://fhtverdbtmwjvgxlkmkz.supabase.co/rest/v1/execution_logs "HTTP/2 201 Created"
2026-07-25 15:45:51,356 - INFO - HTTP Request: POST https://fhtverdbtmwjvgxlkmkz.supabase.co/rest/v1/execution_logs "HTTP/2 201 Created"
2026-07-25 15:46:30,132 - INFO - HTTP Request: POST https://fhtverdbtmwjvgxlkmkz.supabase.co/rest/v1/execution_logs "HTTP/2 201 Created"
2026-07-25 15:47:08,814 - INFO - HTTP Request: POST https://fhtverdbtmwjvgxlkmkz.supabase.co/rest/v1/execution_logs "HTTP/2 201 Created"
2026-07-25 15:47:48,197 - INFO - HTTP Request: POST https://fhtverdbtmwjvgxlkmkz.supabase.co/rest/v1/execution_logs "HTTP/2 201 Created"
2026-07-25 15:48:27,145 - INFO - HTTP Request: POST https://fhtverdbtmwjvgxlkmkz.supabase.co/rest/v1/execution_logs "HTTP/2 201 Created"
2026-07-25 15:49:05,879 - INFO - HTTP Request: POST https://fhtverdbtmwjvgxlkmkz.supabase.co/rest/v1/execution_logs "HTTP/2 201 Created"
2026-07-25 15:49:44,801 - INFO - HTTP Request: POST https://fhtverdbtmwjvgxlkmkz.supabase.co/rest/v1/execution_logs "HTTP/2 201 Created"
2026-07-25 15:50:24,003 - INFO - HTTP Request: POST https://fhtverdbtmwjvgxlkmkz.supabase.co/rest/v1/execution_logs "HTTP/2 201 Created"
2026-07-25 15:51:02,783 - INFO - HTTP Request: POST https://fhtverdbtmwjvgxlkmkz.supabase.co/rest/v1/execution_logs "HTTP/2 201 Created"
2026-07-25 15:51:41,755 - INFO - HTTP Request: POST https://fhtverdbtmwjvgxlkmkz.supabase.co/rest/v1/execution_logs "HTTP/2 201 Created"
2026-07-25 15:52:20,720 - INFO - HTTP Request: POST https://fhtverdbtmwjvgxlkmkz.supabase.co/rest/v1/execution_logs "HTTP/2 201 Created"
2026-07-25 15:52:59,837 - INFO - HTTP Request: POST https://fhtverdbtmwjvgxlkmkz.supabase.co/rest/v1/execution_logs "HTTP/2 201 Created"
2026-07-25 15:53:38,820 - INFO - HTTP Request: POST https://fhtverdbtmwjvgxlkmkz.supabase.co/rest/v1/execution_logs "HTTP/2 201 Created"
2026-07-25 15:54:17,735 - INFO - HTTP Request: POST https://fhtverdbtmwjvgxlkmkz.supabase.co/rest/v1/execution_logs "HTTP/2 201 Created"
2026-07-25 15:54:56,350 - INFO - HTTP Request: POST https://fhtverdbtmwjvgxlkmkz.supabase.co/rest/v1/execution_logs "HTTP/2 201 Created"
2026-07-25 15:55:35,299 - INFO - HTTP Request: POST https://fhtverdbtmwjvgxlkmkz.supabase.co/rest/v1/execution_logs "HTTP/2 201 Created"
2026-07-25 15:56:14,155 - INFO - HTTP Request: POST https://fhtverdbtmwjvgxlkmkz.supabase.co/rest/v1/execution_logs "HTTP/2 201 Created"
2026-07-25 15:56:53,025 - INFO - HTTP Request: POST https://fhtverdbtmwjvgxlkmkz.supabase.co/rest/v1/execution_logs "HTTP/2 201 Created"
2026-07-25 15:57:31,960 - INFO - HTTP Request: POST https://fhtverdbtmwjvgxlkmkz.supabase.co/rest/v1/execution_logs "HTTP/2 201 Created"
2026-07-25 15:58:11,104 - INFO - HTTP Request: POST https://fhtverdbtmwjvgxlkmkz.supabase.co/rest/v1/execution_logs "HTTP/2 201 Created"
2026-07-25 15:58:49,926 - INFO - HTTP Request: POST https://fhtverdbtmwjvgxlkmkz.supabase.co/rest/v1/execution_logs "HTTP/2 201 Created"
2026-07-25 15:59:28,888 - INFO - HTTP Request: POST https://fhtverdbtmwjvgxlkmkz.supabase.co/rest/v1/execution_logs "HTTP/2 201 Created"
2026-07-25 16:00:07,604 - INFO - HTTP Request: POST https://fhtverdbtmwjvgxlkmkz.supabase.co/rest/v1/execution_logs "HTTP/2 201 Created"
2026-07-25 16:00:46,739 - INFO - HTTP Request: POST https://fhtverdbtmwjvgxlkmkz.supabase.co/rest/v1/execution_logs "HTTP/2 201 Created"
2026-07-25 16:01:25,855 - INFO - HTTP Request: POST https://fhtverdbtmwjvgxlkmkz.supabase.co/rest/v1/execution_logs "HTTP/2 201 Created"
2026-07-25 16:02:04,827 - INFO - HTTP Request: POST https://fhtverdbtmwjvgxlkmkz.supabase.co/rest/v1/execution_logs "HTTP/2 201 Created"
2026-07-25 16:02:43,882 - INFO - HTTP Request: POST https://fhtverdbtmwjvgxlkmkz.supabase.co/rest/v1/execution_logs "HTTP/2 201 Created"
2026-07-25 16:03:22,924 - INFO - HTTP Request: POST https://fhtverdbtmwjvgxlkmkz.supabase.co/rest/v1/execution_logs "HTTP/2 201 Created"
2026-07-25 16:04:01,872 - INFO - HTTP Request: POST https://fhtverdbtmwjvgxlkmkz.supabase.co/rest/v1/execution_logs "HTTP/2 201 Created"
2026-07-25 16:04:41,274 - INFO - HTTP Request: POST https://fhtverdbtmwjvgxlkmkz.supabase.co/rest/v1/execution_logs "HTTP/2 201 Created"
2026-07-25 16:05:20,336 - INFO - HTTP Request: POST https://fhtverdbtmwjvgxlkmkz.supabase.co/rest/v1/execution_logs "HTTP/2 201 Created"
2026-07-25 16:05:59,341 - INFO - HTTP Request: POST https://fhtverdbtmwjvgxlkmkz.supabase.co/rest/v1/execution_logs "HTTP/2 201 Created"
2026-07-25 16:06:38,585 - INFO - HTTP Request: POST https://fhtverdbtmwjvgxlkmkz.supabase.co/rest/v1/execution_logs "HTTP/2 201 Created"
2026-07-25 16:07:17,508 - INFO - HTTP Request: POST https://fhtverdbtmwjvgxlkmkz.supabase.co/rest/v1/execution_logs "HTTP/2 201 Created"
2026-07-25 16:07:56,263 - INFO - HTTP Request: POST https://fhtverdbtmwjvgxlkmkz.supabase.co/rest/v1/execution_logs "HTTP/2 201 Created"
2026-07-25 16:08:35,083 - INFO - HTTP Request: POST https://fhtverdbtmwjvgxlkmkz.supabase.co/rest/v1/execution_logs "HTTP/2 201 Created"
2026-07-25 16:09:13,884 - INFO - HTTP Request: POST https://fhtverdbtmwjvgxlkmkz.supabase.co/rest/v1/execution_logs "HTTP/2 201 Created"
2026-07-25 16:09:52,646 - INFO - HTTP Request: POST https://fhtverdbtmwjvgxlkmkz.supabase.co/rest/v1/execution_logs "HTTP/2 201 Created"
2026-07-25 16:10:31,363 - INFO - HTTP Request: POST https://fhtverdbtmwjvgxlkmkz.supabase.co/rest/v1/execution_logs "HTTP/2 201 Created"
2026-07-25 16:11:10,708 - INFO - HTTP Request: POST https://fhtverdbtmwjvgxlkmkz.supabase.co/rest/v1/execution_logs "HTTP/2 201 Created"
2026-07-25 16:11:49,579 - INFO - HTTP Request: POST https://fhtverdbtmwjvgxlkmkz.supabase.co/rest/v1/execution_logs "HTTP/2 201 Created"
2026-07-25 16:12:28,374 - INFO - HTTP Request: POST https://fhtverdbtmwjvgxlkmkz.supabase.co/rest/v1/execution_logs "HTTP/2 201 Created"
2026-07-25 16:13:07,605 - INFO - HTTP Request: POST https://fhtverdbtmwjvgxlkmkz.supabase.co/rest/v1/execution_logs "HTTP/2 201 Created"
2026-07-25 16:13:46,924 - INFO - HTTP Request: POST https://fhtverdbtmwjvgxlkmkz.supabase.co/rest/v1/execution_logs "HTTP/2 201 Created"
2026-07-25 16:14:25,606 - INFO - HTTP Request: POST https://fhtverdbtmwjvgxlkmkz.supabase.co/rest/v1/execution_logs "HTTP/2 201 Created"
2026-07-25 16:15:04,854 - INFO - HTTP Request: POST https://fhtverdbtmwjvgxlkmkz.supabase.co/rest/v1/execution_logs "HTTP/2 201 Created"
2026-07-25 16:15:43,657 - INFO - HTTP Request: POST https://fhtverdbtmwjvgxlkmkz.supabase.co/rest/v1/execution_logs "HTTP/2 201 Created"
2026-07-25 16:16:22,413 - INFO - HTTP Request: POST https://fhtverdbtmwjvgxlkmkz.supabase.co/rest/v1/execution_logs "HTTP/2 201 Created"
2026-07-25 16:17:01,506 - INFO - HTTP Request: POST https://fhtverdbtmwjvgxlkmkz.supabase.co/rest/v1/execution_logs "HTTP/2 201 Created"
2026-07-25 16:17:40,315 - INFO - HTTP Request: POST https://fhtverdbtmwjvgxlkmkz.supabase.co/rest/v1/execution_logs "HTTP/2 201 Created"
2026-07-25 16:18:18,940 - INFO - HTTP Request: POST https://fhtverdbtmwjvgxlkmkz.supabase.co/rest/v1/execution_logs "HTTP/2 201 Created"
2026-07-25 16:18:57,948 - INFO - HTTP Request: POST https://fhtverdbtmwjvgxlkmkz.supabase.co/rest/v1/execution_logs "HTTP/2 201 Created"
2026-07-25 16:19:36,591 - INFO - HTTP Request: POST https://fhtverdbtmwjvgxlkmkz.supabase.co/rest/v1/execution_logs "HTTP/2 201 Created"
2026-07-25 16:20:15,823 - INFO - HTTP Request: POST https://fhtverdbtmwjvgxlkmkz.supabase.co/rest/v1/execution_logs "HTTP/2 201 Created"
2026-07-25 16:20:54,763 - INFO - HTTP Request: POST https://fhtverdbtmwjvgxlkmkz.supabase.co/rest/v1/execution_logs "HTTP/2 201 Created"
2026-07-25 16:21:33,512 - INFO - HTTP Request: POST https://fhtverdbtmwjvgxlkmkz.supabase.co/rest/v1/execution_logs "HTTP/2 201 Created"
2026-07-25 16:22:12,621 - INFO - HTTP Request: POST https://fhtverdbtmwjvgxlkmkz.supabase.co/rest/v1/execution_logs "HTTP/2 201 Created"
2026-07-25 16:22:51,638 - INFO - HTTP Request: POST https://fhtverdbtmwjvgxlkmkz.supabase.co/rest/v1/execution_logs "HTTP/2 201 Created"
2026-07-25 16:23:30,354 - INFO - HTTP Request: POST https://fhtverdbtmwjvgxlkmkz.supabase.co/rest/v1/execution_logs "HTTP/2 201 Created"
2026-07-25 16:24:09,149 - INFO - HTTP Request: POST https://fhtverdbtmwjvgxlkmkz.supabase.co/rest/v1/execution_logs "HTTP/2 201 Created"
2026-07-25 16:24:48,334 - INFO - HTTP Request: POST https://fhtverdbtmwjvgxlkmkz.supabase.co/rest/v1/execution_logs "HTTP/2 201 Created"
2026-07-25 16:25:27,350 - INFO - HTTP Request: POST https://fhtverdbtmwjvgxlkmkz.supabase.co/rest/v1/execution_logs "HTTP/2 201 Created"
2026-07-25 16:26:05,962 - INFO - HTTP Request: POST https://fhtverdbtmwjvgxlkmkz.supabase.co/rest/v1/execution_logs "HTTP/2 201 Created"
2026-07-25 16:26:44,884 - INFO - HTTP Request: POST https://fhtverdbtmwjvgxlkmkz.supabase.co/rest/v1/execution_logs "HTTP/2 201 Created"
2026-07-25 16:27:23,711 - INFO - HTTP Request: POST https://fhtverdbtmwjvgxlkmkz.supabase.co/rest/v1/execution_logs "HTTP/2 201 Created"
2026-07-25 16:28:02,598 - INFO - HTTP Request: POST https://fhtverdbtmwjvgxlkmkz.supabase.co/rest/v1/execution_logs "HTTP/2 201 Created"
2026-07-25 16:28:41,509 - INFO - HTTP Request: POST https://fhtverdbtmwjvgxlkmkz.supabase.co/rest/v1/execution_logs "HTTP/2 201 Created"
2026-07-25 16:29:20,270 - INFO - HTTP Request: POST https://fhtverdbtmwjvgxlkmkz.supabase.co/rest/v1/execution_logs "HTTP/2 201 Created"
2026-07-25 16:29:59,116 - INFO - HTTP Request: POST https://fhtverdbtmwjvgxlkmkz.supabase.co/rest/v1/execution_logs "HTTP/2 201 Created"
2026-07-25 16:30:37,964 - INFO - HTTP Request: POST https://fhtverdbtmwjvgxlkmkz.supabase.co/rest/v1/execution_logs "HTTP/2 201 Created"
2026-07-25 16:31:16,832 - INFO - HTTP Request: POST https://fhtverdbtmwjvgxlkmkz.supabase.co/rest/v1/execution_logs "HTTP/2 201 Created"
2026-07-25 16:31:55,763 - INFO - HTTP Request: POST https://fhtverdbtmwjvgxlkmkz.supabase.co/rest/v1/execution_logs "HTTP/2 201 Created"
2026-07-25 16:32:34,706 - INFO - HTTP Request: POST https://fhtverdbtmwjvgxlkmkz.supabase.co/rest/v1/execution_logs "HTTP/2 201 Created"
2026-07-25 16:33:13,625 - INFO - HTTP Request: POST https://fhtverdbtmwjvgxlkmkz.supabase.co/rest/v1/execution_logs "HTTP/2 201 Created"
2026-07-25 16:33:52,495 - INFO - HTTP Request: POST https://fhtverdbtmwjvgxlkmkz.supabase.co/rest/v1/execution_logs "HTTP/2 201 Created"
2026-07-25 16:34:31,259 - INFO - HTTP Request: POST https://fhtverdbtmwjvgxlkmkz.supabase.co/rest/v1/execution_logs "HTTP/2 201 Created"
2026-07-25 16:35:10,255 - INFO - HTTP Request: POST https://fhtverdbtmwjvgxlkmkz.supabase.co/rest/v1/execution_logs "HTTP/2 201 Created"
2026-07-25 16:35:49,421 - INFO - HTTP Request: POST https://fhtverdbtmwjvgxlkmkz.supabase.co/rest/v1/execution_logs "HTTP/2 201 Created"
2026-07-25 16:36:28,285 - INFO - HTTP Request: POST https://fhtverdbtmwjvgxlkmkz.supabase.co/rest/v1/execution_logs "HTTP/2 201 Created"
2026-07-25 16:37:07,068 - INFO - HTTP Request: POST https://fhtverdbtmwjvgxlkmkz.supabase.co/rest/v1/execution_logs "HTTP/2 201 Created"
2026-07-25 16:37:46,185 - INFO - HTTP Request: POST https://fhtverdbtmwjvgxlkmkz.supabase.co/rest/v1/execution_logs "HTTP/2 201 Created"
2026-07-25 16:38:25,014 - INFO - HTTP Request: POST https://fhtverdbtmwjvgxlkmkz.supabase.co/rest/v1/execution_logs "HTTP/2 201 Created"
2026-07-25 16:39:03,718 - INFO - HTTP Request: POST https://fhtverdbtmwjvgxlkmkz.supabase.co/rest/v1/execution_logs "HTTP/2 201 Created"
2026-07-25 16:39:42,702 - INFO - HTTP Request: POST https://fhtverdbtmwjvgxlkmkz.supabase.co/rest/v1/execution_logs "HTTP/2 201 Created"
2026-07-25 16:40:21,634 - INFO - HTTP Request: POST https://fhtverdbtmwjvgxlkmkz.supabase.co/rest/v1/execution_logs "HTTP/2 201 Created"
2026-07-25 16:41:00,394 - INFO - HTTP Request: POST https://fhtverdbtmwjvgxlkmkz.supabase.co/rest/v1/execution_logs "HTTP/2 201 Created"
2026-07-25 16:41:39,211 - INFO - HTTP Request: POST https://fhtverdbtmwjvgxlkmkz.supabase.co/rest/v1/execution_logs "HTTP/2 201 Created"
2026-07-25 16:42:17,957 - INFO - HTTP Request: POST https://fhtverdbtmwjvgxlkmkz.supabase.co/rest/v1/execution_logs "HTTP/2 201 Created"
2026-07-25 16:42:56,757 - INFO - HTTP Request: POST https://fhtverdbtmwjvgxlkmkz.supabase.co/rest/v1/execution_logs "HTTP/2 201 Created"
2026-07-25 16:43:35,661 - INFO - HTTP Request: POST https://fhtverdbtmwjvgxlkmkz.supabase.co/rest/v1/execution_logs "HTTP/2 201 Created"
2026-07-25 16:44:14,617 - INFO - HTTP Request: POST https://fhtverdbtmwjvgxlkmkz.supabase.co/rest/v1/execution_logs "HTTP/2 201 Created"
2026-07-25 16:44:53,567 - INFO - HTTP Request: POST https://fhtverdbtmwjvgxlkmkz.supabase.co/rest/v1/execution_logs "HTTP/2 201 Created"
2026-07-25 16:45:32,344 - INFO - HTTP Request: POST https://fhtverdbtmwjvgxlkmkz.supabase.co/rest/v1/execution_logs "HTTP/2 201 Created"
2026-07-25 16:46:11,304 - INFO - HTTP Request: POST https://fhtverdbtmwjvgxlkmkz.supabase.co/rest/v1/execution_logs "HTTP/2 201 Created"
2026-07-25 16:46:49,979 - INFO - HTTP Request: POST https://fhtverdbtmwjvgxlkmkz.supabase.co/rest/v1/execution_logs "HTTP/2 201 Created"
2026-07-25 16:47:28,853 - INFO - HTTP Request: POST https://fhtverdbtmwjvgxlkmkz.supabase.co/rest/v1/execution_logs "HTTP/2 201 Created"
2026-07-25 16:48:07,852 - INFO - HTTP Request: POST https://fhtverdbtmwjvgxlkmkz.supabase.co/rest/v1/execution_logs "HTTP/2 201 Created"
2026-07-25 16:48:46,859 - INFO - HTTP Request: POST https://fhtverdbtmwjvgxlkmkz.supabase.co/rest/v1/execution_logs "HTTP/2 201 Created"
2026-07-25 16:49:25,744 - INFO - HTTP Request: POST https://fhtverdbtmwjvgxlkmkz.supabase.co/rest/v1/execution_logs "HTTP/2 201 Created"
2026-07-25 16:50:04,791 - INFO - HTTP Request: POST https://fhtverdbtmwjvgxlkmkz.supabase.co/rest/v1/execution_logs "HTTP/2 201 Created"
2026-07-25 16:50:43,839 - INFO - HTTP Request: POST https://fhtverdbtmwjvgxlkmkz.supabase.co/rest/v1/execution_logs "HTTP/2 201 Created"
2026-07-25 16:51:22,819 - INFO - HTTP Request: POST https://fhtverdbtmwjvgxlkmkz.supabase.co/rest/v1/execution_logs "HTTP/2 201 Created"
2026-07-25 16:52:01,650 - INFO - HTTP Request: POST https://fhtverdbtmwjvgxlkmkz.supabase.co/rest/v1/execution_logs "HTTP/2 201 Created"
2026-07-25 16:52:40,849 - INFO - HTTP Request: POST https://fhtverdbtmwjvgxlkmkz.supabase.co/rest/v1/execution_logs "HTTP/2 201 Created"
2026-07-25 16:53:19,522 - INFO - HTTP Request: POST https://fhtverdbtmwjvgxlkmkz.supabase.co/rest/v1/execution_logs "HTTP/2 201 Created"
2026-07-25 16:53:58,301 - INFO - HTTP Request: POST https://fhtverdbtmwjvgxlkmkz.supabase.co/rest/v1/execution_logs "HTTP/2 201 Created"
2026-07-25 16:54:37,144 - INFO - HTTP Request: POST https://fhtverdbtmwjvgxlkmkz.supabase.co/rest/v1/execution_logs "HTTP/2 201 Created"
2026-07-25 16:55:16,464 - INFO - HTTP Request: POST https://fhtverdbtmwjvgxlkmkz.supabase.co/rest/v1/execution_logs "HTTP/2 201 Created"
2026-07-25 16:55:55,317 - INFO - HTTP Request: POST https://fhtverdbtmwjvgxlkmkz.supabase.co/rest/v1/execution_logs "HTTP/2 201 Created"
2026-07-25 16:56:34,385 - INFO - HTTP Request: POST https://fhtverdbtmwjvgxlkmkz.supabase.co/rest/v1/execution_logs "HTTP/2 201 Created"
2026-07-25 16:57:13,268 - INFO - HTTP Request: POST https://fhtverdbtmwjvgxlkmkz.supabase.co/rest/v1/execution_logs "HTTP/2 201 Created"
2026-07-25 16:57:52,305 - INFO - HTTP Request: POST https://fhtverdbtmwjvgxlkmkz.supabase.co/rest/v1/execution_logs "HTTP/2 201 Created"
2026-07-25 16:58:31,051 - INFO - HTTP Request: POST https://fhtverdbtmwjvgxlkmkz.supabase.co/rest/v1/execution_logs "HTTP/2 201 Created"
2026-07-25 16:59:09,806 - INFO - HTTP Request: POST https://fhtverdbtmwjvgxlkmkz.supabase.co/rest/v1/execution_logs "HTTP/2 201 Created"
2026-07-25 16:59:48,987 - INFO - HTTP Request: POST https://fhtverdbtmwjvgxlkmkz.supabase.co/rest/v1/execution_logs "HTTP/2 201 Created"
2026-07-25 17:00:27,881 - INFO - HTTP Request: POST https://fhtverdbtmwjvgxlkmkz.supabase.co/rest/v1/execution_logs "HTTP/2 201 Created"
2026-07-25 17:01:07,123 - INFO - HTTP Request: POST https://fhtverdbtmwjvgxlkmkz.supabase.co/rest/v1/execution_logs "HTTP/2 201 Created"
2026-07-25 17:01:45,932 - INFO - HTTP Request: POST https://fhtverdbtmwjvgxlkmkz.supabase.co/rest/v1/execution_logs "HTTP/2 201 Created"
2026-07-25 17:02:24,782 - INFO - HTTP Request: POST https://fhtverdbtmwjvgxlkmkz.supabase.co/rest/v1/execution_logs "HTTP/2 201 Created"
2026-07-25 17:03:03,993 - INFO - HTTP Request: POST https://fhtverdbtmwjvgxlkmkz.supabase.co/rest/v1/execution_logs "HTTP/2 201 Created"
2026-07-25 17:03:42,649 - INFO - HTTP Request: POST https://fhtverdbtmwjvgxlkmkz.supabase.co/rest/v1/execution_logs "HTTP/2 201 Created"
2026-07-25 17:04:21,733 - INFO - HTTP Request: POST https://fhtverdbtmwjvgxlkmkz.supabase.co/rest/v1/execution_logs "HTTP/2 201 Created"
2026-07-25 17:05:00,783 - INFO - HTTP Request: POST https://fhtverdbtmwjvgxlkmkz.supabase.co/rest/v1/execution_logs "HTTP/2 201 Created"
2026-07-25 17:05:39,695 - INFO - HTTP Request: POST https://fhtverdbtmwjvgxlkmkz.supabase.co/rest/v1/execution_logs "HTTP/2 201 Created"
2026-07-25 17:06:18,622 - INFO - HTTP Request: POST https://fhtverdbtmwjvgxlkmkz.supabase.co/rest/v1/execution_logs "HTTP/2 201 Created"
2026-07-25 17:06:57,553 - INFO - HTTP Request: POST https://fhtverdbtmwjvgxlkmkz.supabase.co/rest/v1/execution_logs "HTTP/2 201 Created"
2026-07-25 17:07:36,407 - INFO - HTTP Request: POST https://fhtverdbtmwjvgxlkmkz.supabase.co/rest/v1/execution_logs "HTTP/2 201 Created"
2026-07-25 17:08:15,564 - INFO - HTTP Request: POST https://fhtverdbtmwjvgxlkmkz.supabase.co/rest/v1/execution_logs "HTTP/2 201 Created"
2026-07-25 17:08:54,235 - INFO - HTTP Request: POST https://fhtverdbtmwjvgxlkmkz.supabase.co/rest/v1/execution_logs "HTTP/2 201 Created"
2026-07-25 17:09:33,191 - INFO - HTTP Request: POST https://fhtverdbtmwjvgxlkmkz.supabase.co/rest/v1/execution_logs "HTTP/2 201 Created"
2026-07-25 17:10:12,047 - INFO - HTTP Request: POST https://fhtverdbtmwjvgxlkmkz.supabase.co/rest/v1/execution_logs "HTTP/2 201 Created"
2026-07-25 17:10:50,841 - INFO - HTTP Request: POST https://fhtverdbtmwjvgxlkmkz.supabase.co/rest/v1/execution_logs "HTTP/2 201 Created"
2026-07-25 17:11:29,919 - INFO - HTTP Request: POST https://fhtverdbtmwjvgxlkmkz.supabase.co/rest/v1/execution_logs "HTTP/2 201 Created"
2026-07-25 17:12:08,680 - INFO - HTTP Request: POST https://fhtverdbtmwjvgxlkmkz.supabase.co/rest/v1/execution_logs "HTTP/2 201 Created"
2026-07-25 17:12:47,334 - INFO - HTTP Request: POST https://fhtverdbtmwjvgxlkmkz.supabase.co/rest/v1/execution_logs "HTTP/2 201 Created"
2026-07-25 17:13:26,196 - INFO - HTTP Request: POST https://fhtverdbtmwjvgxlkmkz.supabase.co/rest/v1/execution_logs "HTTP/2 201 Created"
2026-07-25 17:14:04,885 - INFO - HTTP Request: POST https://fhtverdbtmwjvgxlkmkz.supabase.co/rest/v1/execution_logs "HTTP/2 201 Created"
2026-07-25 17:14:44,073 - INFO - HTTP Request: POST https://fhtverdbtmwjvgxlkmkz.supabase.co/rest/v1/execution_logs "HTTP/2 201 Created"
2026-07-25 17:15:23,218 - INFO - HTTP Request: POST https://fhtverdbtmwjvgxlkmkz.supabase.co/rest/v1/execution_logs "HTTP/2 201 Created"
2026-07-25 17:16:01,940 - INFO - HTTP Request: POST https://fhtverdbtmwjvgxlkmkz.supabase.co/rest/v1/execution_logs "HTTP/2 201 Created"
2026-07-25 17:16:40,855 - INFO - HTTP Request: POST https://fhtverdbtmwjvgxlkmkz.supabase.co/rest/v1/execution_logs "HTTP/2 201 Created"
2026-07-25 17:17:19,851 - INFO - HTTP Request: POST https://fhtverdbtmwjvgxlkmkz.supabase.co/rest/v1/execution_logs "HTTP/2 201 Created"
2026-07-25 17:17:58,755 - INFO - HTTP Request: POST https://fhtverdbtmwjvgxlkmkz.supabase.co/rest/v1/execution_logs "HTTP/2 201 Created"
2026-07-25 17:18:37,642 - INFO - HTTP Request: POST https://fhtverdbtmwjvgxlkmkz.supabase.co/rest/v1/execution_logs "HTTP/2 201 Created"
2026-07-25 17:19:16,641 - INFO - HTTP Request: POST https://fhtverdbtmwjvgxlkmkz.supabase.co/rest/v1/execution_logs "HTTP/2 201 Created"
2026-07-25 17:19:56,092 - INFO - HTTP Request: POST https://fhtverdbtmwjvgxlkmkz.supabase.co/rest/v1/execution_logs "HTTP/2 201 Created"
2026-07-25 17:20:35,210 - INFO - HTTP Request: POST https://fhtverdbtmwjvgxlkmkz.supabase.co/rest/v1/execution_logs "HTTP/2 201 Created"
2026-07-25 17:21:14,255 - INFO - HTTP Request: POST https://fhtverdbtmwjvgxlkmkz.supabase.co/rest/v1/execution_logs "HTTP/2 201 Created"
2026-07-25 17:21:53,302 - INFO - HTTP Request: POST https://fhtverdbtmwjvgxlkmkz.supabase.co/rest/v1/execution_logs "HTTP/2 201 Created"
2026-07-25 17:22:32,065 - INFO - HTTP Request: POST https://fhtverdbtmwjvgxlkmkz.supabase.co/rest/v1/execution_logs "HTTP/2 201 Created"
2026-07-25 17:23:10,992 - INFO - HTTP Request: POST https://fhtverdbtmwjvgxlkmkz.supabase.co/rest/v1/execution_logs "HTTP/2 201 Created"
2026-07-25 17:23:49,938 - INFO - HTTP Request: POST https://fhtverdbtmwjvgxlkmkz.supabase.co/rest/v1/execution_logs "HTTP/2 201 Created"
2026-07-25 17:24:28,575 - INFO - HTTP Request: POST https://fhtverdbtmwjvgxlkmkz.supabase.co/rest/v1/execution_logs "HTTP/2 201 Created"
2026-07-25 17:25:07,410 - INFO - HTTP Request: POST https://fhtverdbtmwjvgxlkmkz.supabase.co/rest/v1/execution_logs "HTTP/2 201 Created"
2026-07-25 17:25:46,177 - INFO - HTTP Request: POST https://fhtverdbtmwjvgxlkmkz.supabase.co/rest/v1/execution_logs "HTTP/2 201 Created"
2026-07-25 17:26:25,311 - INFO - HTTP Request: POST https://fhtverdbtmwjvgxlkmkz.supabase.co/rest/v1/execution_logs "HTTP/2 201 Created"
2026-07-25 17:27:04,209 - INFO - HTTP Request: POST https://fhtverdbtmwjvgxlkmkz.supabase.co/rest/v1/execution_logs "HTTP/2 201 Created"
2026-07-25 17:27:43,449 - INFO - HTTP Request: POST https://fhtverdbtmwjvgxlkmkz.supabase.co/rest/v1/execution_logs "HTTP/2 201 Created"
2026-07-25 17:28:22,375 - INFO - HTTP Request: POST https://fhtverdbtmwjvgxlkmkz.supabase.co/rest/v1/execution_logs "HTTP/2 201 Created"
2026-07-25 17:29:01,311 - INFO - HTTP Request: POST https://fhtverdbtmwjvgxlkmkz.supabase.co/rest/v1/execution_logs "HTTP/2 201 Created"
2026-07-25 17:29:40,389 - INFO - HTTP Request: POST https://fhtverdbtmwjvgxlkmkz.supabase.co/rest/v1/execution_logs "HTTP/2 201 Created"
2026-07-25 17:30:19,713 - INFO - HTTP Request: POST https://fhtverdbtmwjvgxlkmkz.supabase.co/rest/v1/execution_logs "HTTP/2 201 Created"
2026-07-25 17:30:58,579 - INFO - HTTP Request: POST https://fhtverdbtmwjvgxlkmkz.supabase.co/rest/v1/execution_logs "HTTP/2 201 Created"
2026-07-25 17:31:37,443 - INFO - HTTP Request: POST https://fhtverdbtmwjvgxlkmkz.supabase.co/rest/v1/execution_logs "HTTP/2 201 Created"
2026-07-25 17:32:16,288 - INFO - HTTP Request: POST https://fhtverdbtmwjvgxlkmkz.supabase.co/rest/v1/execution_logs "HTTP/2 201 Created"
2026-07-25 17:32:55,017 - INFO - HTTP Request: POST https://fhtverdbtmwjvgxlkmkz.supabase.co/rest/v1/execution_logs "HTTP/2 201 Created"
2026-07-25 17:33:33,768 - INFO - HTTP Request: POST https://fhtverdbtmwjvgxlkmkz.supabase.co/rest/v1/execution_logs "HTTP/2 201 Created"
2026-07-25 17:34:12,847 - INFO - HTTP Request: POST https://fhtverdbtmwjvgxlkmkz.supabase.co/rest/v1/execution_logs "HTTP/2 201 Created"
2026-07-25 17:34:51,781 - INFO - HTTP Request: POST https://fhtverdbtmwjvgxlkmkz.supabase.co/rest/v1/execution_logs "HTTP/2 201 Created"
2026-07-25 17:35:30,697 - INFO - HTTP Request: POST https://fhtverdbtmwjvgxlkmkz.supabase.co/rest/v1/execution_logs "HTTP/2 201 Created"
2026-07-25 17:36:09,575 - INFO - HTTP Request: POST https://fhtverdbtmwjvgxlkmkz.supabase.co/rest/v1/execution_logs "HTTP/2 201 Created"
2026-07-25 17:36:48,487 - INFO - HTTP Request: POST https://fhtverdbtmwjvgxlkmkz.supabase.co/rest/v1/execution_logs "HTTP/2 201 Created"
2026-07-25 17:37:27,732 - INFO - HTTP Request: POST https://fhtverdbtmwjvgxlkmkz.supabase.co/rest/v1/execution_logs "HTTP/2 201 Created"
2026-07-25 17:38:06,696 - INFO - HTTP Request: POST https://fhtverdbtmwjvgxlkmkz.supabase.co/rest/v1/execution_logs "HTTP/2 201 Created"
2026-07-25 17:38:45,646 - INFO - HTTP Request: POST https://fhtverdbtmwjvgxlkmkz.supabase.co/rest/v1/execution_logs "HTTP/2 201 Created"
2026-07-25 17:39:24,564 - INFO - HTTP Request: POST https://fhtverdbtmwjvgxlkmkz.supabase.co/rest/v1/execution_logs "HTTP/2 201 Created"
2026-07-25 17:40:03,687 - INFO - HTTP Request: POST https://fhtverdbtmwjvgxlkmkz.supabase.co/rest/v1/execution_logs "HTTP/2 201 Created"
2026-07-25 17:40:42,944 - INFO - HTTP Request: POST https://fhtverdbtmwjvgxlkmkz.supabase.co/rest/v1/execution_logs "HTTP/2 201 Created"
2026-07-25 17:41:21,774 - INFO - HTTP Request: POST https://fhtverdbtmwjvgxlkmkz.supabase.co/rest/v1/execution_logs "HTTP/2 201 Created"
2026-07-25 17:42:00,705 - INFO - HTTP Request: POST https://fhtverdbtmwjvgxlkmkz.supabase.co/rest/v1/execution_logs "HTTP/2 201 Created"
2026-07-25 17:42:39,724 - INFO - HTTP Request: POST https://fhtverdbtmwjvgxlkmkz.supabase.co/rest/v1/execution_logs "HTTP/2 201 Created"
2026-07-25 17:43:18,604 - INFO - HTTP Request: POST https://fhtverdbtmwjvgxlkmkz.supabase.co/rest/v1/execution_logs "HTTP/2 201 Created"
2026-07-25 17:43:57,536 - INFO - HTTP Request: POST https://fhtverdbtmwjvgxlkmkz.supabase.co/rest/v1/execution_logs "HTTP/2 201 Created"
2026-07-25 17:44:36,644 - INFO - HTTP Request: POST https://fhtverdbtmwjvgxlkmkz.supabase.co/rest/v1/execution_logs "HTTP/2 201 Created"
2026-07-25 17:45:15,905 - INFO - HTTP Request: POST https://fhtverdbtmwjvgxlkmkz.supabase.co/rest/v1/execution_logs "HTTP/2 201 Created"
2026-07-25 17:45:54,828 - INFO - HTTP Request: POST https://fhtverdbtmwjvgxlkmkz.supabase.co/rest/v1/execution_logs "HTTP/2 201 Created"
2026-07-25 17:46:33,606 - INFO - HTTP Request: POST https://fhtverdbtmwjvgxlkmkz.supabase.co/rest/v1/execution_logs "HTTP/2 201 Created"
2026-07-25 17:47:12,464 - INFO - HTTP Request: POST https://fhtverdbtmwjvgxlkmkz.supabase.co/rest/v1/execution_logs "HTTP/2 201 Created"
2026-07-25 17:47:51,557 - INFO - HTTP Request: POST https://fhtverdbtmwjvgxlkmkz.supabase.co/rest/v1/execution_logs "HTTP/2 201 Created"
2026-07-25 17:48:30,750 - INFO - HTTP Request: POST https://fhtverdbtmwjvgxlkmkz.supabase.co/rest/v1/execution_logs "HTTP/2 201 Created"
2026-07-25 17:49:09,731 - INFO - HTTP Request: POST https://fhtverdbtmwjvgxlkmkz.supabase.co/rest/v1/execution_logs "HTTP/2 201 Created"
2026-07-25 17:49:48,953 - INFO - HTTP Request: POST https://fhtverdbtmwjvgxlkmkz.supabase.co/rest/v1/execution_logs "HTTP/2 201 Created"
2026-07-25 17:50:27,891 - INFO - HTTP Request: POST https://fhtverdbtmwjvgxlkmkz.supabase.co/rest/v1/execution_logs "HTTP/2 201 Created"
2026-07-25 17:51:07,040 - INFO - HTTP Request: POST https://fhtverdbtmwjvgxlkmkz.supabase.co/rest/v1/execution_logs "HTTP/2 201 Created"
2026-07-25 17:51:46,053 - INFO - HTTP Request: POST https://fhtverdbtmwjvgxlkmkz.supabase.co/rest/v1/execution_logs "HTTP/2 201 Created"
2026-07-25 17:52:25,113 - INFO - HTTP Request: POST https://fhtverdbtmwjvgxlkmkz.supabase.co/rest/v1/execution_logs "HTTP/2 201 Created"
2026-07-25 17:53:04,189 - INFO - HTTP Request: POST https://fhtverdbtmwjvgxlkmkz.supabase.co/rest/v1/execution_logs "HTTP/2 201 Created"
2026-07-25 17:53:43,080 - INFO - HTTP Request: POST https://fhtverdbtmwjvgxlkmkz.supabase.co/rest/v1/execution_logs "HTTP/2 201 Created"
2026-07-25 17:54:21,849 - INFO - HTTP Request: POST https://fhtverdbtmwjvgxlkmkz.supabase.co/rest/v1/execution_logs "HTTP/2 201 Created"
2026-07-25 17:55:00,644 - INFO - HTTP Request: POST https://fhtverdbtmwjvgxlkmkz.supabase.co/rest/v1/execution_logs "HTTP/2 201 Created"
2026-07-25 17:55:39,838 - INFO - HTTP Request: POST https://fhtverdbtmwjvgxlkmkz.supabase.co/rest/v1/execution_logs "HTTP/2 201 Created"
2026-07-25 17:56:19,062 - INFO - HTTP Request: POST https://fhtverdbtmwjvgxlkmkz.supabase.co/rest/v1/execution_logs "HTTP/2 201 Created"
2026-07-25 17:56:57,869 - INFO - HTTP Request: POST https://fhtverdbtmwjvgxlkmkz.supabase.co/rest/v1/execution_logs "HTTP/2 201 Created"
2026-07-25 17:57:36,984 - INFO - HTTP Request: POST https://fhtverdbtmwjvgxlkmkz.supabase.co/rest/v1/execution_logs "HTTP/2 201 Created"
2026-07-25 17:58:15,935 - INFO - HTTP Request: POST https://fhtverdbtmwjvgxlkmkz.supabase.co/rest/v1/execution_logs "HTTP/2 201 Created"
2026-07-25 17:58:55,050 - INFO - HTTP Request: POST https://fhtverdbtmwjvgxlkmkz.supabase.co/rest/v1/execution_logs "HTTP/2 201 Created"
2026-07-25 17:59:33,940 - INFO - HTTP Request: POST https://fhtverdbtmwjvgxlkmkz.supabase.co/rest/v1/execution_logs "HTTP/2 201 Created"
2026-07-25 18:00:13,146 - INFO - HTTP Request: POST https://fhtverdbtmwjvgxlkmkz.supabase.co/rest/v1/execution_logs "HTTP/2 201 Created"
2026-07-25 18:00:52,127 - INFO - HTTP Request: POST https://fhtverdbtmwjvgxlkmkz.supabase.co/rest/v1/execution_logs "HTTP/2 201 Created"
2026-07-25 18:01:31,379 - INFO - HTTP Request: POST https://fhtverdbtmwjvgxlkmkz.supabase.co/rest/v1/execution_logs "HTTP/2 201 Created"
2026-07-25 18:02:11,001 - INFO - HTTP Request: POST https://fhtverdbtmwjvgxlkmkz.supabase.co/rest/v1/execution_logs "HTTP/2 201 Created"
2026-07-25 18:02:49,926 - INFO - HTTP Request: POST https://fhtverdbtmwjvgxlkmkz.supabase.co/rest/v1/execution_logs "HTTP/2 201 Created"
2026-07-25 18:03:29,116 - INFO - HTTP Request: POST https://fhtverdbtmwjvgxlkmkz.supabase.co/rest/v1/execution_logs "HTTP/2 201 Created"
2026-07-25 18:04:07,953 - INFO - HTTP Request: POST https://fhtverdbtmwjvgxlkmkz.supabase.co/rest/v1/execution_logs "HTTP/2 201 Created"
2026-07-25 18:04:46,989 - INFO - HTTP Request: POST https://fhtverdbtmwjvgxlkmkz.supabase.co/rest/v1/execution_logs "HTTP/2 201 Created"
2026-07-25 18:05:26,875 - INFO - HTTP Request: POST https://fhtverdbtmwjvgxlkmkz.supabase.co/rest/v1/execution_logs "HTTP/2 201 Created"
2026-07-25 18:06:05,632 - INFO - HTTP Request: POST https://fhtverdbtmwjvgxlkmkz.supabase.co/rest/v1/execution_logs "HTTP/2 201 Created"
2026-07-25 18:06:44,488 - INFO - HTTP Request: POST https://fhtverdbtmwjvgxlkmkz.supabase.co/rest/v1/execution_logs "HTTP/2 201 Created"
2026-07-25 18:07:23,638 - INFO - HTTP Request: POST https://fhtverdbtmwjvgxlkmkz.supabase.co/rest/v1/execution_logs "HTTP/2 201 Created"
2026-07-25 18:08:02,681 - INFO - HTTP Request: POST https://fhtverdbtmwjvgxlkmkz.supabase.co/rest/v1/execution_logs "HTTP/2 201 Created"
2026-07-25 18:08:41,648 - INFO - HTTP Request: POST https://fhtverdbtmwjvgxlkmkz.supabase.co/rest/v1/execution_logs "HTTP/2 201 Created"
2026-07-25 18:09:20,904 - INFO - HTTP Request: POST https://fhtverdbtmwjvgxlkmkz.supabase.co/rest/v1/execution_logs "HTTP/2 201 Created"
2026-07-25 18:09:59,679 - INFO - HTTP Request: POST https://fhtverdbtmwjvgxlkmkz.supabase.co/rest/v1/execution_logs "HTTP/2 201 Created"
2026-07-25 18:10:38,748 - INFO - HTTP Request: POST https://fhtverdbtmwjvgxlkmkz.supabase.co/rest/v1/execution_logs "HTTP/2 201 Created"
2026-07-25 18:11:17,598 - INFO - HTTP Request: POST https://fhtverdbtmwjvgxlkmkz.supabase.co/rest/v1/execution_logs "HTTP/2 201 Created"
2026-07-25 18:11:56,490 - INFO - HTTP Request: POST https://fhtverdbtmwjvgxlkmkz.supabase.co/rest/v1/execution_logs "HTTP/2 201 Created"
2026-07-25 18:12:35,821 - INFO - HTTP Request: POST https://fhtverdbtmwjvgxlkmkz.supabase.co/rest/v1/execution_logs "HTTP/2 201 Created"
2026-07-25 18:13:14,986 - INFO - HTTP Request: POST https://fhtverdbtmwjvgxlkmkz.supabase.co/rest/v1/execution_logs "HTTP/2 201 Created"
2026-07-25 18:13:53,720 - INFO - HTTP Request: POST https://fhtverdbtmwjvgxlkmkz.supabase.co/rest/v1/execution_logs "HTTP/2 201 Created"
2026-07-25 18:14:32,635 - INFO - HTTP Request: POST https://fhtverdbtmwjvgxlkmkz.supabase.co/rest/v1/execution_logs "HTTP/2 201 Created"
2026-07-25 18:15:11,547 - INFO - HTTP Request: POST https://fhtverdbtmwjvgxlkmkz.supabase.co/rest/v1/execution_logs "HTTP/2 201 Created"
2026-07-25 18:15:50,855 - INFO - HTTP Request: POST https://fhtverdbtmwjvgxlkmkz.supabase.co/rest/v1/execution_logs "HTTP/2 201 Created"
2026-07-25 18:16:29,831 - INFO - HTTP Request: POST https://fhtverdbtmwjvgxlkmkz.supabase.co/rest/v1/execution_logs "HTTP/2 201 Created"
2026-07-25 18:17:09,063 - INFO - HTTP Request: POST https://fhtverdbtmwjvgxlkmkz.supabase.co/rest/v1/execution_logs "HTTP/2 201 Created"
2026-07-25 18:17:47,988 - INFO - HTTP Request: POST https://fhtverdbtmwjvgxlkmkz.supabase.co/rest/v1/execution_logs "HTTP/2 201 Created"
2026-07-25 18:18:26,936 - INFO - HTTP Request: POST https://fhtverdbtmwjvgxlkmkz.supabase.co/rest/v1/execution_logs "HTTP/2 201 Created"
2026-07-25 18:19:05,833 - INFO - HTTP Request: POST https://fhtverdbtmwjvgxlkmkz.supabase.co/rest/v1/execution_logs "HTTP/2 201 Created"
2026-07-25 18:19:44,788 - INFO - HTTP Request: POST https://fhtverdbtmwjvgxlkmkz.supabase.co/rest/v1/execution_logs "HTTP/2 201 Created"
2026-07-25 18:20:23,941 - INFO - HTTP Request: POST https://fhtverdbtmwjvgxlkmkz.supabase.co/rest/v1/execution_logs "HTTP/2 201 Created"
2026-07-25 18:21:02,964 - INFO - HTTP Request: POST https://fhtverdbtmwjvgxlkmkz.supabase.co/rest/v1/execution_logs "HTTP/2 201 Created"
2026-07-25 18:21:41,956 - INFO - HTTP Request: POST https://fhtverdbtmwjvgxlkmkz.supabase.co/rest/v1/execution_logs "HTTP/2 201 Created"
2026-07-25 18:22:20,731 - INFO - HTTP Request: POST https://fhtverdbtmwjvgxlkmkz.supabase.co/rest/v1/execution_logs "HTTP/2 201 Created"
2026-07-25 18:22:59,611 - INFO - HTTP Request: POST https://fhtverdbtmwjvgxlkmkz.supabase.co/rest/v1/execution_logs "HTTP/2 201 Created"
2026-07-25 18:23:39,129 - INFO - HTTP Request: POST https://fhtverdbtmwjvgxlkmkz.supabase.co/rest/v1/execution_logs "HTTP/2 201 Created"
2026-07-25 18:24:18,425 - INFO - HTTP Request: POST https://fhtverdbtmwjvgxlkmkz.supabase.co/rest/v1/execution_logs "HTTP/2 201 Created"
2026-07-25 18:24:57,638 - INFO - HTTP Request: POST https://fhtverdbtmwjvgxlkmkz.supabase.co/rest/v1/execution_logs "HTTP/2 201 Created"
2026-07-25 18:25:36,769 - INFO - HTTP Request: POST https://fhtverdbtmwjvgxlkmkz.supabase.co/rest/v1/execution_logs "HTTP/2 201 Created"
2026-07-25 18:26:16,089 - INFO - HTTP Request: POST https://fhtverdbtmwjvgxlkmkz.supabase.co/rest/v1/execution_logs "HTTP/2 201 Created"
2026-07-25 18:26:55,230 - INFO - HTTP Request: POST https://fhtverdbtmwjvgxlkmkz.supabase.co/rest/v1/execution_logs "HTTP/2 201 Created"
2026-07-25 18:27:34,531 - INFO - HTTP Request: POST https://fhtverdbtmwjvgxlkmkz.supabase.co/rest/v1/execution_logs "HTTP/2 201 Created"
2026-07-25 18:28:13,490 - INFO - HTTP Request: POST https://fhtverdbtmwjvgxlkmkz.supabase.co/rest/v1/execution_logs "HTTP/2 201 Created"
2026-07-25 18:28:52,609 - INFO - HTTP Request: POST https://fhtverdbtmwjvgxlkmkz.supabase.co/rest/v1/execution_logs "HTTP/2 201 Created"
2026-07-25 18:29:31,423 - INFO - HTTP Request: POST https://fhtverdbtmwjvgxlkmkz.supabase.co/rest/v1/execution_logs "HTTP/2 201 Created"
2026-07-25 18:30:10,434 - INFO - HTTP Request: POST https://fhtverdbtmwjvgxlkmkz.supabase.co/rest/v1/execution_logs "HTTP/2 201 Created"
2026-07-25 18:30:49,394 - INFO - HTTP Request: POST https://fhtverdbtmwjvgxlkmkz.supabase.co/rest/v1/execution_logs "HTTP/2 201 Created"
2026-07-25 18:31:28,437 - INFO - HTTP Request: POST https://fhtverdbtmwjvgxlkmkz.supabase.co/rest/v1/execution_logs "HTTP/2 201 Created"
2026-07-25 18:32:07,436 - INFO - HTTP Request: POST https://fhtverdbtmwjvgxlkmkz.supabase.co/rest/v1/execution_logs "HTTP/2 201 Created"
2026-07-25 18:32:47,067 - INFO - HTTP Request: POST https://fhtverdbtmwjvgxlkmkz.supabase.co/rest/v1/execution_logs "HTTP/2 201 Created"
2026-07-25 18:33:26,286 - INFO - HTTP Request: POST https://fhtverdbtmwjvgxlkmkz.supabase.co/rest/v1/execution_logs "HTTP/2 201 Created"
2026-07-25 18:34:05,499 - INFO - HTTP Request: POST https://fhtverdbtmwjvgxlkmkz.supabase.co/rest/v1/execution_logs "HTTP/2 201 Created"
2026-07-25 18:34:44,377 - INFO - HTTP Request: POST https://fhtverdbtmwjvgxlkmkz.supabase.co/rest/v1/execution_logs "HTTP/2 201 Created"
2026-07-25 18:35:23,352 - INFO - HTTP Request: POST https://fhtverdbtmwjvgxlkmkz.supabase.co/rest/v1/execution_logs "HTTP/2 201 Created"
2026-07-25 18:36:02,024 - INFO - HTTP Request: POST https://fhtverdbtmwjvgxlkmkz.supabase.co/rest/v1/execution_logs "HTTP/2 201 Created"
2026-07-25 18:36:41,160 - INFO - HTTP Request: POST https://fhtverdbtmwjvgxlkmkz.supabase.co/rest/v1/execution_logs "HTTP/2 201 Created"
2026-07-25 18:37:20,055 - INFO - HTTP Request: POST https://fhtverdbtmwjvgxlkmkz.supabase.co/rest/v1/execution_logs "HTTP/2 201 Created"
2026-07-25 18:37:58,832 - INFO - HTTP Request: POST https://fhtverdbtmwjvgxlkmkz.supabase.co/rest/v1/execution_logs "HTTP/2 201 Created"
2026-07-25 18:38:37,718 - INFO - HTTP Request: POST https://fhtverdbtmwjvgxlkmkz.supabase.co/rest/v1/execution_logs "HTTP/2 201 Created"
2026-07-25 18:39:16,537 - INFO - HTTP Request: POST https://fhtverdbtmwjvgxlkmkz.supabase.co/rest/v1/execution_logs "HTTP/2 201 Created"
2026-07-25 18:39:55,276 - INFO - HTTP Request: POST https://fhtverdbtmwjvgxlkmkz.supabase.co/rest/v1/execution_logs "HTTP/2 201 Created"
2026-07-25 18:40:34,242 - INFO - HTTP Request: POST https://fhtverdbtmwjvgxlkmkz.supabase.co/rest/v1/execution_logs "HTTP/2 201 Created"
2026-07-25 18:41:13,397 - INFO - HTTP Request: POST https://fhtverdbtmwjvgxlkmkz.supabase.co/rest/v1/execution_logs "HTTP/2 201 Created"
2026-07-25 18:41:52,571 - INFO - HTTP Request: POST https://fhtverdbtmwjvgxlkmkz.supabase.co/rest/v1/execution_logs "HTTP/2 201 Created"
2026-07-25 18:42:31,338 - INFO - HTTP Request: POST https://fhtverdbtmwjvgxlkmkz.supabase.co/rest/v1/execution_logs "HTTP/2 201 Created"
2026-07-25 18:43:10,088 - INFO - HTTP Request: POST https://fhtverdbtmwjvgxlkmkz.supabase.co/rest/v1/execution_logs "HTTP/2 201 Created"
2026-07-25 18:43:48,907 - INFO - HTTP Request: POST https://fhtverdbtmwjvgxlkmkz.supabase.co/rest/v1/execution_logs "HTTP/2 201 Created"
2026-07-25 18:44:27,946 - INFO - HTTP Request: POST https://fhtverdbtmwjvgxlkmkz.supabase.co/rest/v1/execution_logs "HTTP/2 201 Created"
2026-07-25 18:45:06,946 - INFO - HTTP Request: POST https://fhtverdbtmwjvgxlkmkz.supabase.co/rest/v1/execution_logs "HTTP/2 201 Created"
2026-07-25 18:45:45,730 - INFO - HTTP Request: POST https://fhtverdbtmwjvgxlkmkz.supabase.co/rest/v1/execution_logs "HTTP/2 201 Created"
2026-07-25 18:46:24,604 - INFO - HTTP Request: POST https://fhtverdbtmwjvgxlkmkz.supabase.co/rest/v1/execution_logs "HTTP/2 201 Created"
2026-07-25 18:47:03,499 - INFO - HTTP Request: POST https://fhtverdbtmwjvgxlkmkz.supabase.co/rest/v1/execution_logs "HTTP/2 201 Created"
2026-07-25 18:47:42,385 - INFO - HTTP Request: POST https://fhtverdbtmwjvgxlkmkz.supabase.co/rest/v1/execution_logs "HTTP/2 201 Created"
2026-07-25 18:48:21,368 - INFO - HTTP Request: POST https://fhtverdbtmwjvgxlkmkz.supabase.co/rest/v1/execution_logs "HTTP/2 201 Created"
2026-07-25 18:49:00,182 - INFO - HTTP Request: POST https://fhtverdbtmwjvgxlkmkz.supabase.co/rest/v1/execution_logs "HTTP/2 201 Created"
2026-07-25 18:49:39,413 - INFO - HTTP Request: POST https://fhtverdbtmwjvgxlkmkz.supabase.co/rest/v1/execution_logs "HTTP/2 201 Created"
2026-07-25 18:50:18,262 - INFO - HTTP Request: POST https://fhtverdbtmwjvgxlkmkz.supabase.co/rest/v1/execution_logs "HTTP/2 201 Created"
2026-07-25 18:50:57,450 - INFO - HTTP Request: POST https://fhtverdbtmwjvgxlkmkz.supabase.co/rest/v1/execution_logs "HTTP/2 201 Created"
2026-07-25 18:51:36,519 - INFO - HTTP Request: POST https://fhtverdbtmwjvgxlkmkz.supabase.co/rest/v1/execution_logs "HTTP/2 201 Created"
2026-07-25 18:52:15,634 - INFO - HTTP Request: POST https://fhtverdbtmwjvgxlkmkz.supabase.co/rest/v1/execution_logs "HTTP/2 201 Created"
2026-07-25 18:52:54,541 - INFO - HTTP Request: POST https://fhtverdbtmwjvgxlkmkz.supabase.co/rest/v1/execution_logs "HTTP/2 201 Created"
2026-07-25 18:53:33,323 - INFO - HTTP Request: POST https://fhtverdbtmwjvgxlkmkz.supabase.co/rest/v1/execution_logs "HTTP/2 201 Created"
2026-07-25 18:54:12,173 - INFO - HTTP Request: POST https://fhtverdbtmwjvgxlkmkz.supabase.co/rest/v1/execution_logs "HTTP/2 201 Created"
2026-07-25 18:54:50,948 - INFO - HTTP Request: POST https://fhtverdbtmwjvgxlkmkz.supabase.co/rest/v1/execution_logs "HTTP/2 201 Created"
2026-07-25 18:55:29,970 - INFO - HTTP Request: POST https://fhtverdbtmwjvgxlkmkz.supabase.co/rest/v1/execution_logs "HTTP/2 201 Created"
2026-07-25 18:56:09,199 - INFO - HTTP Request: POST https://fhtverdbtmwjvgxlkmkz.supabase.co/rest/v1/execution_logs "HTTP/2 201 Created"
2026-07-25 18:56:47,897 - INFO - HTTP Request: POST https://fhtverdbtmwjvgxlkmkz.supabase.co/rest/v1/execution_logs "HTTP/2 201 Created"
2026-07-25 18:57:26,936 - INFO - HTTP Request: POST https://fhtverdbtmwjvgxlkmkz.supabase.co/rest/v1/execution_logs "HTTP/2 201 Created"
2026-07-25 18:58:05,765 - INFO - HTTP Request: POST https://fhtverdbtmwjvgxlkmkz.supabase.co/rest/v1/execution_logs "HTTP/2 201 Created"
2026-07-25 18:58:44,943 - INFO - HTTP Request: POST https://fhtverdbtmwjvgxlkmkz.supabase.co/rest/v1/execution_logs "HTTP/2 201 Created"
2026-07-25 18:59:23,600 - INFO - HTTP Request: POST https://fhtverdbtmwjvgxlkmkz.supabase.co/rest/v1/execution_logs "HTTP/2 201 Created"
2026-07-25 19:00:02,723 - INFO - HTTP Request: POST https://fhtverdbtmwjvgxlkmkz.supabase.co/rest/v1/execution_logs "HTTP/2 201 Created"
2026-07-25 19:00:41,432 - INFO - HTTP Request: POST https://fhtverdbtmwjvgxlkmkz.supabase.co/rest/v1/execution_logs "HTTP/2 201 Created"
2026-07-25 19:01:20,809 - INFO - HTTP Request: POST https://fhtverdbtmwjvgxlkmkz.supabase.co/rest/v1/execution_logs "HTTP/2 201 Created"
2026-07-25 19:01:59,728 - INFO - HTTP Request: POST https://fhtverdbtmwjvgxlkmkz.supabase.co/rest/v1/execution_logs "HTTP/2 201 Created"
2026-07-25 19:02:38,930 - INFO - HTTP Request: POST https://fhtverdbtmwjvgxlkmkz.supabase.co/rest/v1/execution_logs "HTTP/2 201 Created"
2026-07-25 19:03:18,467 - INFO - HTTP Request: POST https://fhtverdbtmwjvgxlkmkz.supabase.co/rest/v1/execution_logs "HTTP/2 201 Created"
2026-07-25 19:03:57,787 - INFO - HTTP Request: POST https://fhtverdbtmwjvgxlkmkz.supabase.co/rest/v1/execution_logs "HTTP/2 201 Created"
2026-07-25 19:04:36,777 - INFO - HTTP Request: POST https://fhtverdbtmwjvgxlkmkz.supabase.co/rest/v1/execution_logs "HTTP/2 201 Created"
2026-07-25 19:05:15,719 - INFO - HTTP Request: POST https://fhtverdbtmwjvgxlkmkz.supabase.co/rest/v1/execution_logs "HTTP/2 201 Created"
2026-07-25 19:05:54,702 - INFO - HTTP Request: POST https://fhtverdbtmwjvgxlkmkz.supabase.co/rest/v1/execution_logs "HTTP/2 201 Created"
2026-07-25 19:06:33,900 - INFO - HTTP Request: POST https://fhtverdbtmwjvgxlkmkz.supabase.co/rest/v1/execution_logs "HTTP/2 201 Created"
2026-07-25 19:07:12,780 - INFO - HTTP Request: POST https://fhtverdbtmwjvgxlkmkz.supabase.co/rest/v1/execution_logs "HTTP/2 201 Created"
2026-07-25 19:07:52,136 - INFO - HTTP Request: POST https://fhtverdbtmwjvgxlkmkz.supabase.co/rest/v1/execution_logs "HTTP/2 201 Created"
2026-07-25 19:08:31,075 - INFO - HTTP Request: POST https://fhtverdbtmwjvgxlkmkz.supabase.co/rest/v1/execution_logs "HTTP/2 201 Created"
2026-07-25 19:09:10,285 - INFO - HTTP Request: POST https://fhtverdbtmwjvgxlkmkz.supabase.co/rest/v1/execution_logs "HTTP/2 201 Created"
2026-07-25 19:09:49,298 - INFO - HTTP Request: POST https://fhtverdbtmwjvgxlkmkz.supabase.co/rest/v1/execution_logs "HTTP/2 201 Created"
2026-07-25 19:10:28,516 - INFO - HTTP Request: POST https://fhtverdbtmwjvgxlkmkz.supabase.co/rest/v1/execution_logs "HTTP/2 201 Created"
2026-07-25 19:11:07,194 - INFO - HTTP Request: POST https://fhtverdbtmwjvgxlkmkz.supabase.co/rest/v1/execution_logs "HTTP/2 201 Created"
2026-07-25 19:11:46,442 - INFO - HTTP Request: POST https://fhtverdbtmwjvgxlkmkz.supabase.co/rest/v1/execution_logs "HTTP/2 201 Created"
2026-07-25 19:12:25,220 - INFO - HTTP Request: POST https://fhtverdbtmwjvgxlkmkz.supabase.co/rest/v1/execution_logs "HTTP/2 201 Created"
2026-07-25 19:13:04,028 - INFO - HTTP Request: POST https://fhtverdbtmwjvgxlkmkz.supabase.co/rest/v1/execution_logs "HTTP/2 201 Created"
2026-07-25 19:13:43,021 - INFO - HTTP Request: POST https://fhtverdbtmwjvgxlkmkz.supabase.co/rest/v1/execution_logs "HTTP/2 201 Created"
2026-07-25 19:14:21,940 - INFO - HTTP Request: POST https://fhtverdbtmwjvgxlkmkz.supabase.co/rest/v1/execution_logs "HTTP/2 201 Created"
2026-07-25 19:15:00,632 - INFO - HTTP Request: POST https://fhtverdbtmwjvgxlkmkz.supabase.co/rest/v1/execution_logs "HTTP/2 201 Created"
2026-07-25 19:15:39,738 - INFO - HTTP Request: POST https://fhtverdbtmwjvgxlkmkz.supabase.co/rest/v1/execution_logs "HTTP/2 201 Created"
2026-07-25 19:16:18,929 - INFO - HTTP Request: POST https://fhtverdbtmwjvgxlkmkz.supabase.co/rest/v1/execution_logs "HTTP/2 201 Created"
2026-07-25 19:16:57,831 - INFO - HTTP Request: POST https://fhtverdbtmwjvgxlkmkz.supabase.co/rest/v1/execution_logs "HTTP/2 201 Created"
2026-07-25 19:17:36,658 - INFO - HTTP Request: POST https://fhtverdbtmwjvgxlkmkz.supabase.co/rest/v1/execution_logs "HTTP/2 201 Created"
2026-07-25 19:18:15,802 - INFO - HTTP Request: POST https://fhtverdbtmwjvgxlkmkz.supabase.co/rest/v1/execution_logs "HTTP/2 201 Created"
2026-07-25 19:18:54,577 - INFO - HTTP Request: POST https://fhtverdbtmwjvgxlkmkz.supabase.co/rest/v1/execution_logs "HTTP/2 201 Created"
2026-07-25 19:19:33,850 - INFO - HTTP Request: POST https://fhtverdbtmwjvgxlkmkz.supabase.co/rest/v1/execution_logs "HTTP/2 201 Created"
2026-07-25 19:20:13,172 - INFO - HTTP Request: POST https://fhtverdbtmwjvgxlkmkz.supabase.co/rest/v1/execution_logs "HTTP/2 201 Created"
2026-07-25 19:20:51,899 - INFO - HTTP Request: POST https://fhtverdbtmwjvgxlkmkz.supabase.co/rest/v1/execution_logs "HTTP/2 201 Created"
2026-07-25 19:21:31,056 - INFO - HTTP Request: POST https://fhtverdbtmwjvgxlkmkz.supabase.co/rest/v1/execution_logs "HTTP/2 201 Created"
2026-07-25 19:22:09,993 - INFO - HTTP Request: POST https://fhtverdbtmwjvgxlkmkz.supabase.co/rest/v1/execution_logs "HTTP/2 201 Created"
2026-07-25 19:22:48,869 - INFO - HTTP Request: POST https://fhtverdbtmwjvgxlkmkz.supabase.co/rest/v1/execution_logs "HTTP/2 201 Created"
2026-07-25 19:23:27,828 - INFO - HTTP Request: POST https://fhtverdbtmwjvgxlkmkz.supabase.co/rest/v1/execution_logs "HTTP/2 201 Created"
2026-07-25 19:24:06,679 - INFO - HTTP Request: POST https://fhtverdbtmwjvgxlkmkz.supabase.co/rest/v1/execution_logs "HTTP/2 201 Created"
2026-07-25 19:24:45,665 - INFO - HTTP Request: POST https://fhtverdbtmwjvgxlkmkz.supabase.co/rest/v1/execution_logs "HTTP/2 201 Created"
2026-07-25 19:25:24,891 - INFO - HTTP Request: POST https://fhtverdbtmwjvgxlkmkz.supabase.co/rest/v1/execution_logs "HTTP/2 201 Created"
2026-07-25 19:26:03,997 - INFO - HTTP Request: POST https://fhtverdbtmwjvgxlkmkz.supabase.co/rest/v1/execution_logs "HTTP/2 201 Created"
2026-07-25 19:26:43,212 - INFO - HTTP Request: POST https://fhtverdbtmwjvgxlkmkz.supabase.co/rest/v1/execution_logs "HTTP/2 201 Created"
2026-07-25 19:27:22,209 - INFO - HTTP Request: POST https://fhtverdbtmwjvgxlkmkz.supabase.co/rest/v1/execution_logs "HTTP/2 201 Created"
2026-07-25 19:28:01,161 - INFO - HTTP Request: POST https://fhtverdbtmwjvgxlkmkz.supabase.co/rest/v1/execution_logs "HTTP/2 201 Created"
2026-07-25 19:28:40,361 - INFO - HTTP Request: POST https://fhtverdbtmwjvgxlkmkz.supabase.co/rest/v1/execution_logs "HTTP/2 201 Created"
2026-07-25 19:29:19,040 - INFO - HTTP Request: POST https://fhtverdbtmwjvgxlkmkz.supabase.co/rest/v1/execution_logs "HTTP/2 201 Created"
2026-07-25 19:29:58,111 - INFO - HTTP Request: POST https://fhtverdbtmwjvgxlkmkz.supabase.co/rest/v1/execution_logs "HTTP/2 201 Created"
2026-07-25 19:30:37,058 - INFO - HTTP Request: POST https://fhtverdbtmwjvgxlkmkz.supabase.co/rest/v1/execution_logs "HTTP/2 201 Created"
2026-07-25 19:31:16,328 - INFO - HTTP Request: POST https://fhtverdbtmwjvgxlkmkz.supabase.co/rest/v1/execution_logs "HTTP/2 201 Created"
2026-07-25 19:31:55,431 - INFO - HTTP Request: POST https://fhtverdbtmwjvgxlkmkz.supabase.co/rest/v1/execution_logs "HTTP/2 201 Created"
2026-07-25 19:32:34,136 - INFO - HTTP Request: POST https://fhtverdbtmwjvgxlkmkz.supabase.co/rest/v1/execution_logs "HTTP/2 201 Created"
2026-07-25 19:33:13,022 - INFO - HTTP Request: POST https://fhtverdbtmwjvgxlkmkz.supabase.co/rest/v1/execution_logs "HTTP/2 201 Created"
2026-07-25 19:33:51,971 - INFO - HTTP Request: POST https://fhtverdbtmwjvgxlkmkz.supabase.co/rest/v1/execution_logs "HTTP/2 201 Created"
2026-07-25 19:34:30,763 - INFO - HTTP Request: POST https://fhtverdbtmwjvgxlkmkz.supabase.co/rest/v1/execution_logs "HTTP/2 201 Created"
2026-07-25 19:35:09,788 - INFO - HTTP Request: POST https://fhtverdbtmwjvgxlkmkz.supabase.co/rest/v1/execution_logs "HTTP/2 201 Created"
2026-07-25 19:35:48,707 - INFO - HTTP Request: POST https://fhtverdbtmwjvgxlkmkz.supabase.co/rest/v1/execution_logs "HTTP/2 201 Created"
2026-07-25 19:36:27,653 - INFO - HTTP Request: POST https://fhtverdbtmwjvgxlkmkz.supabase.co/rest/v1/execution_logs "HTTP/2 201 Created"
2026-07-25 19:37:06,661 - INFO - HTTP Request: POST https://fhtverdbtmwjvgxlkmkz.supabase.co/rest/v1/execution_logs "HTTP/2 201 Created"
2026-07-25 19:37:45,653 - INFO - HTTP Request: POST https://fhtverdbtmwjvgxlkmkz.supabase.co/rest/v1/execution_logs "HTTP/2 201 Created"
2026-07-25 19:38:24,796 - INFO - HTTP Request: POST https://fhtverdbtmwjvgxlkmkz.supabase.co/rest/v1/execution_logs "HTTP/2 201 Created"
2026-07-25 19:39:03,461 - INFO - HTTP Request: POST https://fhtverdbtmwjvgxlkmkz.supabase.co/rest/v1/execution_logs "HTTP/2 201 Created"
2026-07-25 19:39:42,515 - INFO - HTTP Request: POST https://fhtverdbtmwjvgxlkmkz.supabase.co/rest/v1/execution_logs "HTTP/2 201 Created"
2026-07-25 19:40:21,304 - INFO - HTTP Request: POST https://fhtverdbtmwjvgxlkmkz.supabase.co/rest/v1/execution_logs "HTTP/2 201 Created"
2026-07-25 19:41:00,226 - INFO - HTTP Request: POST https://fhtverdbtmwjvgxlkmkz.supabase.co/rest/v1/execution_logs "HTTP/2 201 Created"
2026-07-25 19:41:39,033 - INFO - HTTP Request: POST https://fhtverdbtmwjvgxlkmkz.supabase.co/rest/v1/execution_logs "HTTP/2 201 Created"
2026-07-25 19:42:17,785 - INFO - HTTP Request: POST https://fhtverdbtmwjvgxlkmkz.supabase.co/rest/v1/execution_logs "HTTP/2 201 Created"
2026-07-25 19:42:56,767 - INFO - HTTP Request: POST https://fhtverdbtmwjvgxlkmkz.supabase.co/rest/v1/execution_logs "HTTP/2 201 Created"
2026-07-25 19:43:35,626 - INFO - HTTP Request: POST https://fhtverdbtmwjvgxlkmkz.supabase.co/rest/v1/execution_logs "HTTP/2 201 Created"
2026-07-25 19:44:14,800 - INFO - HTTP Request: POST https://fhtverdbtmwjvgxlkmkz.supabase.co/rest/v1/execution_logs "HTTP/2 201 Created"
2026-07-25 19:44:53,865 - INFO - HTTP Request: POST https://fhtverdbtmwjvgxlkmkz.supabase.co/rest/v1/execution_logs "HTTP/2 201 Created"
2026-07-25 19:45:32,861 - INFO - HTTP Request: POST https://fhtverdbtmwjvgxlkmkz.supabase.co/rest/v1/execution_logs "HTTP/2 201 Created"
2026-07-25 19:46:11,858 - INFO - HTTP Request: POST https://fhtverdbtmwjvgxlkmkz.supabase.co/rest/v1/execution_logs "HTTP/2 201 Created"
2026-07-25 19:46:50,557 - INFO - HTTP Request: POST https://fhtverdbtmwjvgxlkmkz.supabase.co/rest/v1/execution_logs "HTTP/2 201 Created"
2026-07-25 19:47:29,461 - INFO - HTTP Request: POST https://fhtverdbtmwjvgxlkmkz.supabase.co/rest/v1/execution_logs "HTTP/2 201 Created"
2026-07-25 19:48:08,431 - INFO - HTTP Request: POST https://fhtverdbtmwjvgxlkmkz.supabase.co/rest/v1/execution_logs "HTTP/2 201 Created"
2026-07-25 19:48:47,494 - INFO - HTTP Request: POST https://fhtverdbtmwjvgxlkmkz.supabase.co/rest/v1/execution_logs "HTTP/2 201 Created"
2026-07-25 19:49:26,359 - INFO - HTTP Request: POST https://fhtverdbtmwjvgxlkmkz.supabase.co/rest/v1/execution_logs "HTTP/2 201 Created"
2026-07-25 19:50:05,341 - INFO - HTTP Request: POST https://fhtverdbtmwjvgxlkmkz.supabase.co/rest/v1/execution_logs "HTTP/2 201 Created"
2026-07-25 19:50:44,556 - INFO - HTTP Request: POST https://fhtverdbtmwjvgxlkmkz.supabase.co/rest/v1/execution_logs "HTTP/2 201 Created"
2026-07-25 19:51:23,262 - INFO - HTTP Request: POST https://fhtverdbtmwjvgxlkmkz.supabase.co/rest/v1/execution_logs "HTTP/2 201 Created"
2026-07-25 19:52:02,171 - INFO - HTTP Request: POST https://fhtverdbtmwjvgxlkmkz.supabase.co/rest/v1/execution_logs "HTTP/2 201 Created"
2026-07-25 19:52:41,228 - INFO - HTTP Request: POST https://fhtverdbtmwjvgxlkmkz.supabase.co/rest/v1/execution_logs "HTTP/2 201 Created"
2026-07-25 19:53:20,390 - INFO - HTTP Request: POST https://fhtverdbtmwjvgxlkmkz.supabase.co/rest/v1/execution_logs "HTTP/2 201 Created"
2026-07-25 19:53:59,292 - INFO - HTTP Request: POST https://fhtverdbtmwjvgxlkmkz.supabase.co/rest/v1/execution_logs "HTTP/2 201 Created"
2026-07-25 19:54:38,861 - INFO - HTTP Request: POST https://fhtverdbtmwjvgxlkmkz.supabase.co/rest/v1/execution_logs "HTTP/2 201 Created"
2026-07-25 19:55:17,830 - INFO - HTTP Request: POST https://fhtverdbtmwjvgxlkmkz.supabase.co/rest/v1/execution_logs "HTTP/2 201 Created"
2026-07-25 19:55:56,848 - INFO - HTTP Request: POST https://fhtverdbtmwjvgxlkmkz.supabase.co/rest/v1/execution_logs "HTTP/2 201 Created"
2026-07-25 19:56:35,658 - INFO - HTTP Request: POST https://fhtverdbtmwjvgxlkmkz.supabase.co/rest/v1/execution_logs "HTTP/2 201 Created"
2026-07-25 19:57:14,865 - INFO - HTTP Request: POST https://fhtverdbtmwjvgxlkmkz.supabase.co/rest/v1/execution_logs "HTTP/2 201 Created"
2026-07-25 19:57:53,568 - INFO - HTTP Request: POST https://fhtverdbtmwjvgxlkmkz.supabase.co/rest/v1/execution_logs "HTTP/2 201 Created"
2026-07-25 19:58:32,943 - INFO - HTTP Request: POST https://fhtverdbtmwjvgxlkmkz.supabase.co/rest/v1/execution_logs "HTTP/2 201 Created"
2026-07-25 19:59:11,707 - INFO - HTTP Request: POST https://fhtverdbtmwjvgxlkmkz.supabase.co/rest/v1/execution_logs "HTTP/2 201 Created"
2026-07-25 19:59:50,381 - INFO - HTTP Request: POST https://fhtverdbtmwjvgxlkmkz.supabase.co/rest/v1/execution_logs "HTTP/2 201 Created"
2026-07-25 20:00:29,220 - INFO - HTTP Request: POST https://fhtverdbtmwjvgxlkmkz.supabase.co/rest/v1/execution_logs "HTTP/2 201 Created"
2026-07-25 20:01:08,281 - INFO - HTTP Request: POST https://fhtverdbtmwjvgxlkmkz.supabase.co/rest/v1/execution_logs "HTTP/2 201 Created"
2026-07-25 20:01:47,412 - INFO - HTTP Request: POST https://fhtverdbtmwjvgxlkmkz.supabase.co/rest/v1/execution_logs "HTTP/2 201 Created"
2026-07-25 20:02:26,593 - INFO - HTTP Request: POST https://fhtverdbtmwjvgxlkmkz.supabase.co/rest/v1/execution_logs "HTTP/2 201 Created"
2026-07-25 20:03:05,666 - INFO - HTTP Request: POST https://fhtverdbtmwjvgxlkmkz.supabase.co/rest/v1/execution_logs "HTTP/2 201 Created"
2026-07-25 20:03:44,596 - INFO - HTTP Request: POST https://fhtverdbtmwjvgxlkmkz.supabase.co/rest/v1/execution_logs "HTTP/2 201 Created"
2026-07-25 20:04:23,667 - INFO - HTTP Request: POST https://fhtverdbtmwjvgxlkmkz.supabase.co/rest/v1/execution_logs "HTTP/2 201 Created"
2026-07-25 20:05:02,894 - INFO - HTTP Request: POST https://fhtverdbtmwjvgxlkmkz.supabase.co/rest/v1/execution_logs "HTTP/2 201 Created"
2026-07-25 20:05:41,711 - INFO - HTTP Request: POST https://fhtverdbtmwjvgxlkmkz.supabase.co/rest/v1/execution_logs "HTTP/2 201 Created"
2026-07-25 20:06:20,638 - INFO - HTTP Request: POST https://fhtverdbtmwjvgxlkmkz.supabase.co/rest/v1/execution_logs "HTTP/2 201 Created"
2026-07-25 20:06:59,484 - INFO - HTTP Request: POST https://fhtverdbtmwjvgxlkmkz.supabase.co/rest/v1/execution_logs "HTTP/2 201 Created"
2026-07-25 20:07:38,754 - INFO - HTTP Request: POST https://fhtverdbtmwjvgxlkmkz.supabase.co/rest/v1/execution_logs "HTTP/2 201 Created"
2026-07-25 20:08:17,747 - INFO - HTTP Request: POST https://fhtverdbtmwjvgxlkmkz.supabase.co/rest/v1/execution_logs "HTTP/2 201 Created"
2026-07-25 20:08:56,453 - INFO - HTTP Request: POST https://fhtverdbtmwjvgxlkmkz.supabase.co/rest/v1/execution_logs "HTTP/2 201 Created"
2026-07-25 20:09:35,141 - INFO - HTTP Request: POST https://fhtverdbtmwjvgxlkmkz.supabase.co/rest/v1/execution_logs "HTTP/2 201 Created"
2026-07-25 20:10:13,966 - INFO - HTTP Request: POST https://fhtverdbtmwjvgxlkmkz.supabase.co/rest/v1/execution_logs "HTTP/2 201 Created"
2026-07-25 20:10:52,917 - INFO - HTTP Request: POST https://fhtverdbtmwjvgxlkmkz.supabase.co/rest/v1/execution_logs "HTTP/2 201 Created"
2026-07-25 20:11:31,817 - INFO - HTTP Request: POST https://fhtverdbtmwjvgxlkmkz.supabase.co/rest/v1/execution_logs "HTTP/2 201 Created"
2026-07-25 20:12:10,971 - INFO - HTTP Request: POST https://fhtverdbtmwjvgxlkmkz.supabase.co/rest/v1/execution_logs "HTTP/2 201 Created"
2026-07-25 20:12:49,952 - INFO - HTTP Request: POST https://fhtverdbtmwjvgxlkmkz.supabase.co/rest/v1/execution_logs "HTTP/2 201 Created"
2026-07-25 20:13:28,895 - INFO - HTTP Request: POST https://fhtverdbtmwjvgxlkmkz.supabase.co/rest/v1/execution_logs "HTTP/2 201 Created"
2026-07-25 20:14:08,111 - INFO - HTTP Request: POST https://fhtverdbtmwjvgxlkmkz.supabase.co/rest/v1/execution_logs "HTTP/2 201 Created"
2026-07-25 20:14:46,917 - INFO - HTTP Request: POST https://fhtverdbtmwjvgxlkmkz.supabase.co/rest/v1/execution_logs "HTTP/2 201 Created"
2026-07-25 20:15:26,103 - INFO - HTTP Request: POST https://fhtverdbtmwjvgxlkmkz.supabase.co/rest/v1/execution_logs "HTTP/2 201 Created"
2026-07-25 20:16:05,108 - INFO - HTTP Request: POST https://fhtverdbtmwjvgxlkmkz.supabase.co/rest/v1/execution_logs "HTTP/2 201 Created"
2026-07-25 20:16:44,253 - INFO - HTTP Request: POST https://fhtverdbtmwjvgxlkmkz.supabase.co/rest/v1/execution_logs "HTTP/2 201 Created"
2026-07-25 20:17:23,010 - INFO - HTTP Request: POST https://fhtverdbtmwjvgxlkmkz.supabase.co/rest/v1/execution_logs "HTTP/2 201 Created"
2026-07-25 20:18:02,047 - INFO - HTTP Request: POST https://fhtverdbtmwjvgxlkmkz.supabase.co/rest/v1/execution_logs "HTTP/2 201 Created"
2026-07-25 20:18:41,090 - INFO - HTTP Request: POST https://fhtverdbtmwjvgxlkmkz.supabase.co/rest/v1/execution_logs "HTTP/2 201 Created"
2026-07-25 20:19:20,515 - INFO - HTTP Request: POST https://fhtverdbtmwjvgxlkmkz.supabase.co/rest/v1/execution_logs "HTTP/2 201 Created"
2026-07-25 20:19:59,470 - INFO - HTTP Request: POST https://fhtverdbtmwjvgxlkmkz.supabase.co/rest/v1/execution_logs "HTTP/2 201 Created"
2026-07-25 20:20:38,508 - INFO - HTTP Request: POST https://fhtverdbtmwjvgxlkmkz.supabase.co/rest/v1/execution_logs "HTTP/2 201 Created"
2026-07-25 20:21:17,596 - INFO - HTTP Request: POST https://fhtverdbtmwjvgxlkmkz.supabase.co/rest/v1/execution_logs "HTTP/2 201 Created"
2026-07-25 20:21:56,619 - INFO - HTTP Request: POST https://fhtverdbtmwjvgxlkmkz.supabase.co/rest/v1/execution_logs "HTTP/2 201 Created"
2026-07-25 20:22:35,910 - INFO - HTTP Request: POST https://fhtverdbtmwjvgxlkmkz.supabase.co/rest/v1/execution_logs "HTTP/2 201 Created"
2026-07-25 20:23:15,239 - INFO - HTTP Request: POST https://fhtverdbtmwjvgxlkmkz.supabase.co/rest/v1/execution_logs "HTTP/2 201 Created"
2026-07-25 20:23:54,188 - INFO - HTTP Request: POST https://fhtverdbtmwjvgxlkmkz.supabase.co/rest/v1/execution_logs "HTTP/2 201 Created"
2026-07-25 20:24:33,061 - INFO - HTTP Request: POST https://fhtverdbtmwjvgxlkmkz.supabase.co/rest/v1/execution_logs "HTTP/2 201 Created"
2026-07-25 20:25:12,097 - INFO - HTTP Request: POST https://fhtverdbtmwjvgxlkmkz.supabase.co/rest/v1/execution_logs "HTTP/2 201 Created"
2026-07-25 20:25:51,008 - INFO - HTTP Request: POST https://fhtverdbtmwjvgxlkmkz.supabase.co/rest/v1/execution_logs "HTTP/2 201 Created"
2026-07-25 20:26:29,865 - INFO - HTTP Request: POST https://fhtverdbtmwjvgxlkmkz.supabase.co/rest/v1/execution_logs "HTTP/2 201 Created"
2026-07-25 20:27:08,967 - INFO - HTTP Request: POST https://fhtverdbtmwjvgxlkmkz.supabase.co/rest/v1/execution_logs "HTTP/2 201 Created"
2026-07-25 20:27:47,923 - INFO - HTTP Request: POST https://fhtverdbtmwjvgxlkmkz.supabase.co/rest/v1/execution_logs "HTTP/2 201 Created"
2026-07-25 20:28:27,201 - INFO - HTTP Request: POST https://fhtverdbtmwjvgxlkmkz.supabase.co/rest/v1/execution_logs "HTTP/2 201 Created"
2026-07-25 20:29:05,874 - INFO - HTTP Request: POST https://fhtverdbtmwjvgxlkmkz.supabase.co/rest/v1/execution_logs "HTTP/2 201 Created"
2026-07-25 20:29:44,938 - INFO - HTTP Request: POST https://fhtverdbtmwjvgxlkmkz.supabase.co/rest/v1/execution_logs "HTTP/2 201 Created"
2026-07-25 20:30:24,298 - INFO - HTTP Request: POST https://fhtverdbtmwjvgxlkmkz.supabase.co/rest/v1/execution_logs "HTTP/2 201 Created"
2026-07-25 20:31:03,008 - INFO - HTTP Request: POST https://fhtverdbtmwjvgxlkmkz.supabase.co/rest/v1/execution_logs "HTTP/2 201 Created"
2026-07-25 20:31:42,428 - INFO - HTTP Request: POST https://fhtverdbtmwjvgxlkmkz.supabase.co/rest/v1/execution_logs "HTTP/2 201 Created"
2026-07-25 20:32:21,268 - INFO - HTTP Request: POST https://fhtverdbtmwjvgxlkmkz.supabase.co/rest/v1/execution_logs "HTTP/2 201 Created"
2026-07-25 20:32:59,936 - INFO - HTTP Request: POST https://fhtverdbtmwjvgxlkmkz.supabase.co/rest/v1/execution_logs "HTTP/2 201 Created"
2026-07-25 20:33:38,844 - INFO - HTTP Request: POST https://fhtverdbtmwjvgxlkmkz.supabase.co/rest/v1/execution_logs "HTTP/2 201 Created"
2026-07-25 20:34:17,590 - INFO - HTTP Request: POST https://fhtverdbtmwjvgxlkmkz.supabase.co/rest/v1/execution_logs "HTTP/2 201 Created"
2026-07-25 20:34:56,545 - INFO - HTTP Request: POST https://fhtverdbtmwjvgxlkmkz.supabase.co/rest/v1/execution_logs "HTTP/2 201 Created"
2026-07-25 20:35:35,383 - INFO - HTTP Request: POST https://fhtverdbtmwjvgxlkmkz.supabase.co/rest/v1/execution_logs "HTTP/2 201 Created"
2026-07-25 20:36:14,520 - INFO - HTTP Request: POST https://fhtverdbtmwjvgxlkmkz.supabase.co/rest/v1/execution_logs "HTTP/2 201 Created"
2026-07-25 20:36:53,636 - INFO - HTTP Request: POST https://fhtverdbtmwjvgxlkmkz.supabase.co/rest/v1/execution_logs "HTTP/2 201 Created"
2026-07-25 20:37:32,432 - INFO - HTTP Request: POST https://fhtverdbtmwjvgxlkmkz.supabase.co/rest/v1/execution_logs "HTTP/2 201 Created"
2026-07-25 20:38:11,565 - INFO - HTTP Request: POST https://fhtverdbtmwjvgxlkmkz.supabase.co/rest/v1/execution_logs "HTTP/2 201 Created"
2026-07-25 20:38:50,884 - INFO - HTTP Request: POST https://fhtverdbtmwjvgxlkmkz.supabase.co/rest/v1/execution_logs "HTTP/2 201 Created"
2026-07-25 20:39:29,930 - INFO - HTTP Request: POST https://fhtverdbtmwjvgxlkmkz.supabase.co/rest/v1/execution_logs "HTTP/2 201 Created"
2026-07-25 20:40:09,120 - INFO - HTTP Request: POST https://fhtverdbtmwjvgxlkmkz.supabase.co/rest/v1/execution_logs "HTTP/2 201 Created"
2026-07-25 20:40:48,389 - INFO - HTTP Request: POST https://fhtverdbtmwjvgxlkmkz.supabase.co/rest/v1/execution_logs "HTTP/2 201 Created"
2026-07-25 20:41:27,561 - INFO - HTTP Request: POST https://fhtverdbtmwjvgxlkmkz.supabase.co/rest/v1/execution_logs "HTTP/2 201 Created"
2026-07-25 20:42:06,206 - INFO - HTTP Request: POST https://fhtverdbtmwjvgxlkmkz.supabase.co/rest/v1/execution_logs "HTTP/2 201 Created"
2026-07-25 20:42:45,210 - INFO - HTTP Request: POST https://fhtverdbtmwjvgxlkmkz.supabase.co/rest/v1/execution_logs "HTTP/2 201 Created"
2026-07-25 20:43:23,952 - INFO - HTTP Request: POST https://fhtverdbtmwjvgxlkmkz.supabase.co/rest/v1/execution_logs "HTTP/2 201 Created"
2026-07-25 20:44:02,867 - INFO - HTTP Request: POST https://fhtverdbtmwjvgxlkmkz.supabase.co/rest/v1/execution_logs "HTTP/2 201 Created"
2026-07-25 20:44:42,252 - INFO - HTTP Request: POST https://fhtverdbtmwjvgxlkmkz.supabase.co/rest/v1/execution_logs "HTTP/2 201 Created"
2026-07-25 20:45:21,650 - INFO - HTTP Request: POST https://fhtverdbtmwjvgxlkmkz.supabase.co/rest/v1/execution_logs "HTTP/2 201 Created"
2026-07-25 20:46:00,662 - INFO - HTTP Request: POST https://fhtverdbtmwjvgxlkmkz.supabase.co/rest/v1/execution_logs "HTTP/2 201 Created"
2026-07-25 20:46:39,804 - INFO - HTTP Request: POST https://fhtverdbtmwjvgxlkmkz.supabase.co/rest/v1/execution_logs "HTTP/2 201 Created"
2026-07-25 20:47:18,689 - INFO - HTTP Request: POST https://fhtverdbtmwjvgxlkmkz.supabase.co/rest/v1/execution_logs "HTTP/2 201 Created"
2026-07-25 20:47:57,476 - INFO - HTTP Request: POST https://fhtverdbtmwjvgxlkmkz.supabase.co/rest/v1/execution_logs "HTTP/2 201 Created"
2026-07-25 20:48:36,519 - INFO - HTTP Request: POST https://fhtverdbtmwjvgxlkmkz.supabase.co/rest/v1/execution_logs "HTTP/2 201 Created"
2026-07-25 20:49:15,805 - INFO - HTTP Request: POST https://fhtverdbtmwjvgxlkmkz.supabase.co/rest/v1/execution_logs "HTTP/2 201 Created"
2026-07-25 20:49:54,622 - INFO - HTTP Request: POST https://fhtverdbtmwjvgxlkmkz.supabase.co/rest/v1/execution_logs "HTTP/2 201 Created"
2026-07-25 20:50:33,724 - INFO - HTTP Request: POST https://fhtverdbtmwjvgxlkmkz.supabase.co/rest/v1/execution_logs "HTTP/2 201 Created"
2026-07-25 20:51:12,675 - INFO - HTTP Request: POST https://fhtverdbtmwjvgxlkmkz.supabase.co/rest/v1/execution_logs "HTTP/2 201 Created"
2026-07-25 20:51:51,992 - INFO - HTTP Request: POST https://fhtverdbtmwjvgxlkmkz.supabase.co/rest/v1/execution_logs "HTTP/2 201 Created"
2026-07-25 20:52:30,650 - INFO - HTTP Request: POST https://fhtverdbtmwjvgxlkmkz.supabase.co/rest/v1/execution_logs "HTTP/2 201 Created"
2026-07-25 20:53:09,613 - INFO - HTTP Request: POST https://fhtverdbtmwjvgxlkmkz.supabase.co/rest/v1/execution_logs "HTTP/2 201 Created"
2026-07-25 20:53:48,604 - INFO - HTTP Request: POST https://fhtverdbtmwjvgxlkmkz.supabase.co/rest/v1/execution_logs "HTTP/2 201 Created"
2026-07-25 20:54:27,463 - INFO - HTTP Request: POST https://fhtverdbtmwjvgxlkmkz.supabase.co/rest/v1/execution_logs "HTTP/2 201 Created"
2026-07-25 20:55:06,834 - INFO - HTTP Request: POST https://fhtverdbtmwjvgxlkmkz.supabase.co/rest/v1/execution_logs "HTTP/2 201 Created"
2026-07-25 20:55:46,086 - INFO - HTTP Request: POST https://fhtverdbtmwjvgxlkmkz.supabase.co/rest/v1/execution_logs "HTTP/2 201 Created"
2026-07-25 20:56:25,238 - INFO - HTTP Request: POST https://fhtverdbtmwjvgxlkmkz.supabase.co/rest/v1/execution_logs "HTTP/2 201 Created"
2026-07-25 20:57:04,211 - INFO - HTTP Request: POST https://fhtverdbtmwjvgxlkmkz.supabase.co/rest/v1/execution_logs "HTTP/2 201 Created"
2026-07-25 20:57:43,226 - INFO - HTTP Request: POST https://fhtverdbtmwjvgxlkmkz.supabase.co/rest/v1/execution_logs "HTTP/2 201 Created"
2026-07-25 20:58:22,297 - INFO - HTTP Request: POST https://fhtverdbtmwjvgxlkmkz.supabase.co/rest/v1/execution_logs "HTTP/2 201 Created"
2026-07-25 20:59:01,464 - INFO - HTTP Request: POST https://fhtverdbtmwjvgxlkmkz.supabase.co/rest/v1/execution_logs "HTTP/2 201 Created"
2026-07-25 20:59:40,585 - INFO - HTTP Request: POST https://fhtverdbtmwjvgxlkmkz.supabase.co/rest/v1/execution_logs "HTTP/2 201 Created"
2026-07-25 21:00:19,372 - INFO - HTTP Request: POST https://fhtverdbtmwjvgxlkmkz.supabase.co/rest/v1/execution_logs "HTTP/2 201 Created"
2026-07-25 21:00:58,836 - INFO - HTTP Request: POST https://fhtverdbtmwjvgxlkmkz.supabase.co/rest/v1/execution_logs "HTTP/2 201 Created"
2026-07-25 21:01:37,930 - INFO - HTTP Request: POST https://fhtverdbtmwjvgxlkmkz.supabase.co/rest/v1/execution_logs "HTTP/2 201 Created"
2026-07-25 21:02:16,751 - INFO - HTTP Request: POST https://fhtverdbtmwjvgxlkmkz.supabase.co/rest/v1/execution_logs "HTTP/2 201 Created"
2026-07-25 21:02:56,063 - INFO - HTTP Request: POST https://fhtverdbtmwjvgxlkmkz.supabase.co/rest/v1/execution_logs "HTTP/2 201 Created"
2026-07-25 21:03:34,923 - INFO - HTTP Request: POST https://fhtverdbtmwjvgxlkmkz.supabase.co/rest/v1/execution_logs "HTTP/2 201 Created"
2026-07-25 21:04:13,636 - INFO - HTTP Request: POST https://fhtverdbtmwjvgxlkmkz.supabase.co/rest/v1/execution_logs "HTTP/2 201 Created"
2026-07-25 21:04:52,751 - INFO - HTTP Request: POST https://fhtverdbtmwjvgxlkmkz.supabase.co/rest/v1/execution_logs "HTTP/2 201 Created"
2026-07-25 21:05:31,713 - INFO - HTTP Request: POST https://fhtverdbtmwjvgxlkmkz.supabase.co/rest/v1/execution_logs "HTTP/2 201 Created"
2026-07-25 21:06:10,716 - INFO - HTTP Request: POST https://fhtverdbtmwjvgxlkmkz.supabase.co/rest/v1/execution_logs "HTTP/2 201 Created"
2026-07-25 21:06:49,723 - INFO - HTTP Request: POST https://fhtverdbtmwjvgxlkmkz.supabase.co/rest/v1/execution_logs "HTTP/2 201 Created"
2026-07-25 21:07:28,534 - INFO - HTTP Request: POST https://fhtverdbtmwjvgxlkmkz.supabase.co/rest/v1/execution_logs "HTTP/2 201 Created"
2026-07-25 21:08:07,184 - INFO - HTTP Request: POST https://fhtverdbtmwjvgxlkmkz.supabase.co/rest/v1/execution_logs "HTTP/2 201 Created"
2026-07-25 21:08:46,673 - INFO - HTTP Request: POST https://fhtverdbtmwjvgxlkmkz.supabase.co/rest/v1/execution_logs "HTTP/2 201 Created"
2026-07-25 21:09:25,457 - INFO - HTTP Request: POST https://fhtverdbtmwjvgxlkmkz.supabase.co/rest/v1/execution_logs "HTTP/2 201 Created"
2026-07-25 21:10:04,620 - INFO - HTTP Request: POST https://fhtverdbtmwjvgxlkmkz.supabase.co/rest/v1/execution_logs "HTTP/2 201 Created"
2026-07-25 21:10:43,304 - INFO - HTTP Request: POST https://fhtverdbtmwjvgxlkmkz.supabase.co/rest/v1/execution_logs "HTTP/2 201 Created"
2026-07-25 21:11:22,312 - INFO - HTTP Request: POST https://fhtverdbtmwjvgxlkmkz.supabase.co/rest/v1/execution_logs "HTTP/2 201 Created"
2026-07-25 21:12:01,167 - INFO - HTTP Request: POST https://fhtverdbtmwjvgxlkmkz.supabase.co/rest/v1/execution_logs "HTTP/2 201 Created"
2026-07-25 21:12:40,270 - INFO - HTTP Request: POST https://fhtverdbtmwjvgxlkmkz.supabase.co/rest/v1/execution_logs "HTTP/2 201 Created"
2026-07-25 21:13:19,065 - INFO - HTTP Request: POST https://fhtverdbtmwjvgxlkmkz.supabase.co/rest/v1/execution_logs "HTTP/2 201 Created"
2026-07-25 21:13:58,139 - INFO - HTTP Request: POST https://fhtverdbtmwjvgxlkmkz.supabase.co/rest/v1/execution_logs "HTTP/2 201 Created"
2026-07-25 21:14:36,832 - INFO - HTTP Request: POST https://fhtverdbtmwjvgxlkmkz.supabase.co/rest/v1/execution_logs "HTTP/2 201 Created"
2026-07-25 21:15:15,839 - INFO - HTTP Request: POST https://fhtverdbtmwjvgxlkmkz.supabase.co/rest/v1/execution_logs "HTTP/2 201 Created"
2026-07-25 21:15:54,606 - INFO - HTTP Request: POST https://fhtverdbtmwjvgxlkmkz.supabase.co/rest/v1/execution_logs "HTTP/2 201 Created"
2026-07-25 21:16:33,718 - INFO - HTTP Request: POST https://fhtverdbtmwjvgxlkmkz.supabase.co/rest/v1/execution_logs "HTTP/2 201 Created"
2026-07-25 21:17:12,488 - INFO - HTTP Request: POST https://fhtverdbtmwjvgxlkmkz.supabase.co/rest/v1/execution_logs "HTTP/2 201 Created"
2026-07-25 21:17:51,553 - INFO - HTTP Request: POST https://fhtverdbtmwjvgxlkmkz.supabase.co/rest/v1/execution_logs "HTTP/2 201 Created"
2026-07-25 21:18:30,393 - INFO - HTTP Request: POST https://fhtverdbtmwjvgxlkmkz.supabase.co/rest/v1/execution_logs "HTTP/2 201 Created"
2026-07-25 21:19:09,329 - INFO - HTTP Request: POST https://fhtverdbtmwjvgxlkmkz.supabase.co/rest/v1/execution_logs "HTTP/2 201 Created"
2026-07-25 21:19:48,085 - INFO - HTTP Request: POST https://fhtverdbtmwjvgxlkmkz.supabase.co/rest/v1/execution_logs "HTTP/2 201 Created"
2026-07-25 21:20:26,808 - INFO - HTTP Request: POST https://fhtverdbtmwjvgxlkmkz.supabase.co/rest/v1/execution_logs "HTTP/2 201 Created"
2026-07-25 21:21:05,736 - INFO - HTTP Request: POST https://fhtverdbtmwjvgxlkmkz.supabase.co/rest/v1/execution_logs "HTTP/2 201 Created"
2026-07-25 21:21:44,358 - INFO - HTTP Request: POST https://fhtverdbtmwjvgxlkmkz.supabase.co/rest/v1/execution_logs "HTTP/2 201 Created"
2026-07-25 21:22:23,121 - INFO - HTTP Request: POST https://fhtverdbtmwjvgxlkmkz.supabase.co/rest/v1/execution_logs "HTTP/2 201 Created"
2026-07-25 21:23:01,719 - INFO - HTTP Request: POST https://fhtverdbtmwjvgxlkmkz.supabase.co/rest/v1/execution_logs "HTTP/2 201 Created"
2026-07-25 21:23:40,442 - INFO - HTTP Request: POST https://fhtverdbtmwjvgxlkmkz.supabase.co/rest/v1/execution_logs "HTTP/2 201 Created"
2026-07-25 21:24:19,179 - INFO - HTTP Request: POST https://fhtverdbtmwjvgxlkmkz.supabase.co/rest/v1/execution_logs "HTTP/2 201 Created"
2026-07-25 21:24:58,008 - INFO - HTTP Request: POST https://fhtverdbtmwjvgxlkmkz.supabase.co/rest/v1/execution_logs "HTTP/2 201 Created"
2026-07-25 21:25:36,814 - INFO - HTTP Request: POST https://fhtverdbtmwjvgxlkmkz.supabase.co/rest/v1/execution_logs "HTTP/2 201 Created"
2026-07-25 21:26:15,365 - INFO - HTTP Request: POST https://fhtverdbtmwjvgxlkmkz.supabase.co/rest/v1/execution_logs "HTTP/2 201 Created"
2026-07-25 21:26:54,215 - INFO - HTTP Request: POST https://fhtverdbtmwjvgxlkmkz.supabase.co/rest/v1/execution_logs "HTTP/2 201 Created"
2026-07-25 21:27:32,983 - INFO - HTTP Request: POST https://fhtverdbtmwjvgxlkmkz.supabase.co/rest/v1/execution_logs "HTTP/2 201 Created"
2026-07-25 21:28:11,777 - INFO - HTTP Request: POST https://fhtverdbtmwjvgxlkmkz.supabase.co/rest/v1/execution_logs "HTTP/2 201 Created"
2026-07-25 21:28:50,336 - INFO - HTTP Request: POST https://fhtverdbtmwjvgxlkmkz.supabase.co/rest/v1/execution_logs "HTTP/2 201 Created"
2026-07-25 21:29:29,193 - INFO - HTTP Request: POST https://fhtverdbtmwjvgxlkmkz.supabase.co/rest/v1/execution_logs "HTTP/2 201 Created"
2026-07-25 21:30:08,392 - INFO - HTTP Request: POST https://fhtverdbtmwjvgxlkmkz.supabase.co/rest/v1/execution_logs "HTTP/2 201 Created"
2026-07-25 21:30:46,982 - INFO - HTTP Request: POST https://fhtverdbtmwjvgxlkmkz.supabase.co/rest/v1/execution_logs "HTTP/2 201 Created"
2026-07-25 21:31:25,540 - INFO - HTTP Request: POST https://fhtverdbtmwjvgxlkmkz.supabase.co/rest/v1/execution_logs "HTTP/2 201 Created"
2026-07-25 21:32:04,295 - INFO - HTTP Request: POST https://fhtverdbtmwjvgxlkmkz.supabase.co/rest/v1/execution_logs "HTTP/2 201 Created"
2026-07-25 21:32:42,839 - INFO - HTTP Request: POST https://fhtverdbtmwjvgxlkmkz.supabase.co/rest/v1/execution_logs "HTTP/2 201 Created"
2026-07-25 21:33:21,428 - INFO - HTTP Request: POST https://fhtverdbtmwjvgxlkmkz.supabase.co/rest/v1/execution_logs "HTTP/2 201 Created"
2026-07-25 21:34:00,160 - INFO - HTTP Request: POST https://fhtverdbtmwjvgxlkmkz.supabase.co/rest/v1/execution_logs "HTTP/2 201 Created"
2026-07-25 21:34:38,743 - INFO - HTTP Request: POST https://fhtverdbtmwjvgxlkmkz.supabase.co/rest/v1/execution_logs "HTTP/2 201 Created"
2026-07-25 21:35:17,516 - INFO - HTTP Request: POST https://fhtverdbtmwjvgxlkmkz.supabase.co/rest/v1/execution_logs "HTTP/2 201 Created"
2026-07-25 21:35:56,263 - INFO - HTTP Request: POST https://fhtverdbtmwjvgxlkmkz.supabase.co/rest/v1/execution_logs "HTTP/2 201 Created"
2026-07-25 21:36:34,910 - INFO - HTTP Request: POST https://fhtverdbtmwjvgxlkmkz.supabase.co/rest/v1/execution_logs "HTTP/2 201 Created"
2026-07-25 21:37:13,669 - INFO - HTTP Request: POST https://fhtverdbtmwjvgxlkmkz.supabase.co/rest/v1/execution_logs "HTTP/2 201 Created"
2026-07-25 21:37:52,407 - INFO - HTTP Request: POST https://fhtverdbtmwjvgxlkmkz.supabase.co/rest/v1/execution_logs "HTTP/2 201 Created"
2026-07-25 21:38:30,949 - INFO - HTTP Request: POST https://fhtverdbtmwjvgxlkmkz.supabase.co/rest/v1/execution_logs "HTTP/2 201 Created"
2026-07-25 21:39:09,496 - INFO - HTTP Request: POST https://fhtverdbtmwjvgxlkmkz.supabase.co/rest/v1/execution_logs "HTTP/2 201 Created"
2026-07-25 21:39:48,366 - INFO - HTTP Request: POST https://fhtverdbtmwjvgxlkmkz.supabase.co/rest/v1/execution_logs "HTTP/2 201 Created"
2026-07-25 21:40:27,176 - INFO - HTTP Request: POST https://fhtverdbtmwjvgxlkmkz.supabase.co/rest/v1/execution_logs "HTTP/2 201 Created"
2026-07-25 21:41:05,763 - INFO - HTTP Request: POST https://fhtverdbtmwjvgxlkmkz.supabase.co/rest/v1/execution_logs "HTTP/2 201 Created"
2026-07-25 21:41:44,521 - INFO - HTTP Request: POST https://fhtverdbtmwjvgxlkmkz.supabase.co/rest/v1/execution_logs "HTTP/2 201 Created"
2026-07-25 21:42:23,106 - INFO - HTTP Request: POST https://fhtverdbtmwjvgxlkmkz.supabase.co/rest/v1/execution_logs "HTTP/2 201 Created"
2026-07-25 21:43:02,103 - INFO - HTTP Request: POST https://fhtverdbtmwjvgxlkmkz.supabase.co/rest/v1/execution_logs "HTTP/2 201 Created"
2026-07-25 21:43:40,999 - INFO - HTTP Request: POST https://fhtverdbtmwjvgxlkmkz.supabase.co/rest/v1/execution_logs "HTTP/2 201 Created"
2026-07-25 21:44:19,732 - INFO - HTTP Request: POST https://fhtverdbtmwjvgxlkmkz.supabase.co/rest/v1/execution_logs "HTTP/2 201 Created"
2026-07-25 21:44:58,313 - INFO - HTTP Request: POST https://fhtverdbtmwjvgxlkmkz.supabase.co/rest/v1/execution_logs "HTTP/2 201 Created"
2026-07-25 21:45:37,100 - INFO - HTTP Request: POST https://fhtverdbtmwjvgxlkmkz.supabase.co/rest/v1/execution_logs "HTTP/2 201 Created"
2026-07-25 21:46:16,098 - INFO - HTTP Request: POST https://fhtverdbtmwjvgxlkmkz.supabase.co/rest/v1/execution_logs "HTTP/2 201 Created"
2026-07-25 21:46:55,074 - INFO - HTTP Request: POST https://fhtverdbtmwjvgxlkmkz.supabase.co/rest/v1/execution_logs "HTTP/2 201 Created"
2026-07-25 21:47:33,815 - INFO - HTTP Request: POST https://fhtverdbtmwjvgxlkmkz.supabase.co/rest/v1/execution_logs "HTTP/2 201 Created"
2026-07-25 21:48:12,534 - INFO - HTTP Request: POST https://fhtverdbtmwjvgxlkmkz.supabase.co/rest/v1/execution_logs "HTTP/2 201 Created"
2026-07-25 21:48:51,304 - INFO - HTTP Request: POST https://fhtverdbtmwjvgxlkmkz.supabase.co/rest/v1/execution_logs "HTTP/2 201 Created"
2026-07-25 21:49:30,010 - INFO - HTTP Request: POST https://fhtverdbtmwjvgxlkmkz.supabase.co/rest/v1/execution_logs "HTTP/2 201 Created"
2026-07-25 21:50:08,670 - INFO - HTTP Request: POST https://fhtverdbtmwjvgxlkmkz.supabase.co/rest/v1/execution_logs "HTTP/2 201 Created"
2026-07-25 21:50:47,473 - INFO - HTTP Request: POST https://fhtverdbtmwjvgxlkmkz.supabase.co/rest/v1/execution_logs "HTTP/2 201 Created"
2026-07-25 21:51:26,020 - INFO - HTTP Request: POST https://fhtverdbtmwjvgxlkmkz.supabase.co/rest/v1/execution_logs "HTTP/2 201 Created"
2026-07-25 21:52:04,746 - INFO - HTTP Request: POST https://fhtverdbtmwjvgxlkmkz.supabase.co/rest/v1/execution_logs "HTTP/2 201 Created"
2026-07-25 21:52:43,649 - INFO - HTTP Request: POST https://fhtverdbtmwjvgxlkmkz.supabase.co/rest/v1/execution_logs "HTTP/2 201 Created"
2026-07-25 21:53:22,406 - INFO - HTTP Request: POST https://fhtverdbtmwjvgxlkmkz.supabase.co/rest/v1/execution_logs "HTTP/2 201 Created"
2026-07-25 21:54:01,183 - INFO - HTTP Request: POST https://fhtverdbtmwjvgxlkmkz.supabase.co/rest/v1/execution_logs "HTTP/2 201 Created"
2026-07-25 21:54:39,707 - INFO - HTTP Request: POST https://fhtverdbtmwjvgxlkmkz.supabase.co/rest/v1/execution_logs "HTTP/2 201 Created"
2026-07-25 21:55:18,684 - INFO - HTTP Request: POST https://fhtverdbtmwjvgxlkmkz.supabase.co/rest/v1/execution_logs "HTTP/2 201 Created"
2026-07-25 21:55:57,213 - INFO - HTTP Request: POST https://fhtverdbtmwjvgxlkmkz.supabase.co/rest/v1/execution_logs "HTTP/2 201 Created"
2026-07-25 21:56:36,056 - INFO - HTTP Request: POST https://fhtverdbtmwjvgxlkmkz.supabase.co/rest/v1/execution_logs "HTTP/2 201 Created"
2026-07-25 21:57:14,818 - INFO - HTTP Request: POST https://fhtverdbtmwjvgxlkmkz.supabase.co/rest/v1/execution_logs "HTTP/2 201 Created"
2026-07-25 21:57:53,643 - INFO - HTTP Request: POST https://fhtverdbtmwjvgxlkmkz.supabase.co/rest/v1/execution_logs "HTTP/2 201 Created"
2026-07-25 21:58:32,218 - INFO - HTTP Request: POST https://fhtverdbtmwjvgxlkmkz.supabase.co/rest/v1/execution_logs "HTTP/2 201 Created"
2026-07-25 21:59:10,833 - INFO - HTTP Request: POST https://fhtverdbtmwjvgxlkmkz.supabase.co/rest/v1/execution_logs "HTTP/2 201 Created"
2026-07-25 21:59:49,791 - INFO - HTTP Request: POST https://fhtverdbtmwjvgxlkmkz.supabase.co/rest/v1/execution_logs "HTTP/2 201 Created"
2026-07-25 22:00:28,463 - INFO - HTTP Request: POST https://fhtverdbtmwjvgxlkmkz.supabase.co/rest/v1/execution_logs "HTTP/2 201 Created"
2026-07-25 22:01:07,239 - INFO - HTTP Request: POST https://fhtverdbtmwjvgxlkmkz.supabase.co/rest/v1/execution_logs "HTTP/2 201 Created"
2026-07-25 22:01:45,866 - INFO - HTTP Request: POST https://fhtverdbtmwjvgxlkmkz.supabase.co/rest/v1/execution_logs "HTTP/2 201 Created"
2026-07-25 22:02:24,806 - INFO - HTTP Request: POST https://fhtverdbtmwjvgxlkmkz.supabase.co/rest/v1/execution_logs "HTTP/2 201 Created"
2026-07-25 22:03:03,638 - INFO - HTTP Request: POST https://fhtverdbtmwjvgxlkmkz.supabase.co/rest/v1/execution_logs "HTTP/2 201 Created"
2026-07-25 22:03:42,604 - INFO - HTTP Request: POST https://fhtverdbtmwjvgxlkmkz.supabase.co/rest/v1/execution_logs "HTTP/2 201 Created"
2026-07-25 22:04:21,361 - INFO - HTTP Request: POST https://fhtverdbtmwjvgxlkmkz.supabase.co/rest/v1/execution_logs "HTTP/2 201 Created"
2026-07-25 22:05:00,330 - INFO - HTTP Request: POST https://fhtverdbtmwjvgxlkmkz.supabase.co/rest/v1/execution_logs "HTTP/2 201 Created"
2026-07-25 22:05:39,096 - INFO - HTTP Request: POST https://fhtverdbtmwjvgxlkmkz.supabase.co/rest/v1/execution_logs "HTTP/2 201 Created"
2026-07-25 22:06:17,756 - INFO - HTTP Request: POST https://fhtverdbtmwjvgxlkmkz.supabase.co/rest/v1/execution_logs "HTTP/2 201 Created"
2026-07-25 22:06:56,566 - INFO - HTTP Request: POST https://fhtverdbtmwjvgxlkmkz.supabase.co/rest/v1/execution_logs "HTTP/2 201 Created"
2026-07-25 22:07:35,471 - INFO - HTTP Request: POST https://fhtverdbtmwjvgxlkmkz.supabase.co/rest/v1/execution_logs "HTTP/2 201 Created"
2026-07-25 22:08:14,246 - INFO - HTTP Request: POST https://fhtverdbtmwjvgxlkmkz.supabase.co/rest/v1/execution_logs "HTTP/2 201 Created"
2026-07-25 22:08:52,975 - INFO - HTTP Request: POST https://fhtverdbtmwjvgxlkmkz.supabase.co/rest/v1/execution_logs "HTTP/2 201 Created"
2026-07-25 22:09:31,739 - INFO - HTTP Request: POST https://fhtverdbtmwjvgxlkmkz.supabase.co/rest/v1/execution_logs "HTTP/2 201 Created"
2026-07-25 22:10:10,503 - INFO - HTTP Request: POST https://fhtverdbtmwjvgxlkmkz.supabase.co/rest/v1/execution_logs "HTTP/2 201 Created"
2026-07-25 22:10:49,271 - INFO - HTTP Request: POST https://fhtverdbtmwjvgxlkmkz.supabase.co/rest/v1/execution_logs "HTTP/2 201 Created"
2026-07-25 22:11:27,828 - INFO - HTTP Request: POST https://fhtverdbtmwjvgxlkmkz.supabase.co/rest/v1/execution_logs "HTTP/2 201 Created"
2026-07-25 22:12:06,449 - INFO - HTTP Request: POST https://fhtverdbtmwjvgxlkmkz.supabase.co/rest/v1/execution_logs "HTTP/2 201 Created"
2026-07-25 22:12:45,218 - INFO - HTTP Request: POST https://fhtverdbtmwjvgxlkmkz.supabase.co/rest/v1/execution_logs "HTTP/2 201 Created"
2026-07-25 22:13:24,117 - INFO - HTTP Request: POST https://fhtverdbtmwjvgxlkmkz.supabase.co/rest/v1/execution_logs "HTTP/2 201 Created"
2026-07-25 22:14:02,825 - INFO - HTTP Request: POST https://fhtverdbtmwjvgxlkmkz.supabase.co/rest/v1/execution_logs "HTTP/2 201 Created"
2026-07-25 22:14:41,688 - INFO - HTTP Request: POST https://fhtverdbtmwjvgxlkmkz.supabase.co/rest/v1/execution_logs "HTTP/2 201 Created"
2026-07-25 22:15:20,323 - INFO - HTTP Request: POST https://fhtverdbtmwjvgxlkmkz.supabase.co/rest/v1/execution_logs "HTTP/2 201 Created"
2026-07-25 22:15:59,168 - INFO - HTTP Request: POST https://fhtverdbtmwjvgxlkmkz.supabase.co/rest/v1/execution_logs "HTTP/2 201 Created"
2026-07-25 22:16:37,908 - INFO - HTTP Request: POST https://fhtverdbtmwjvgxlkmkz.supabase.co/rest/v1/execution_logs "HTTP/2 201 Created"
2026-07-25 22:17:16,527 - INFO - HTTP Request: POST https://fhtverdbtmwjvgxlkmkz.supabase.co/rest/v1/execution_logs "HTTP/2 201 Created"
2026-07-25 22:17:55,290 - INFO - HTTP Request: POST https://fhtverdbtmwjvgxlkmkz.supabase.co/rest/v1/execution_logs "HTTP/2 201 Created"
2026-07-25 22:18:33,929 - INFO - HTTP Request: POST https://fhtverdbtmwjvgxlkmkz.supabase.co/rest/v1/execution_logs "HTTP/2 201 Created"
2026-07-25 22:19:12,485 - INFO - HTTP Request: POST https://fhtverdbtmwjvgxlkmkz.supabase.co/rest/v1/execution_logs "HTTP/2 201 Created"
2026-07-25 22:19:51,116 - INFO - HTTP Request: POST https://fhtverdbtmwjvgxlkmkz.supabase.co/rest/v1/execution_logs "HTTP/2 201 Created"
2026-07-25 22:20:29,995 - INFO - HTTP Request: POST https://fhtverdbtmwjvgxlkmkz.supabase.co/rest/v1/execution_logs "HTTP/2 201 Created"
2026-07-25 22:21:08,853 - INFO - HTTP Request: POST https://fhtverdbtmwjvgxlkmkz.supabase.co/rest/v1/execution_logs "HTTP/2 201 Created"
2026-07-25 22:21:47,463 - INFO - HTTP Request: POST https://fhtverdbtmwjvgxlkmkz.supabase.co/rest/v1/execution_logs "HTTP/2 201 Created"
2026-07-25 22:22:26,270 - INFO - HTTP Request: POST https://fhtverdbtmwjvgxlkmkz.supabase.co/rest/v1/execution_logs "HTTP/2 201 Created"
2026-07-25 22:23:05,154 - INFO - HTTP Request: POST https://fhtverdbtmwjvgxlkmkz.supabase.co/rest/v1/execution_logs "HTTP/2 201 Created"
2026-07-25 22:23:44,114 - INFO - HTTP Request: POST https://fhtverdbtmwjvgxlkmkz.supabase.co/rest/v1/execution_logs "HTTP/2 201 Created"
2026-07-25 22:24:22,925 - INFO - HTTP Request: POST https://fhtverdbtmwjvgxlkmkz.supabase.co/rest/v1/execution_logs "HTTP/2 201 Created"
2026-07-25 22:25:01,710 - INFO - HTTP Request: POST https://fhtverdbtmwjvgxlkmkz.supabase.co/rest/v1/execution_logs "HTTP/2 201 Created"
2026-07-25 22:25:40,325 - INFO - HTTP Request: POST https://fhtverdbtmwjvgxlkmkz.supabase.co/rest/v1/execution_logs "HTTP/2 201 Created"
2026-07-25 22:26:19,168 - INFO - HTTP Request: POST https://fhtverdbtmwjvgxlkmkz.supabase.co/rest/v1/execution_logs "HTTP/2 201 Created"
2026-07-25 22:26:57,850 - INFO - HTTP Request: POST https://fhtverdbtmwjvgxlkmkz.supabase.co/rest/v1/execution_logs "HTTP/2 201 Created"
2026-07-25 22:27:36,474 - INFO - HTTP Request: POST https://fhtverdbtmwjvgxlkmkz.supabase.co/rest/v1/execution_logs "HTTP/2 201 Created"
2026-07-25 22:28:15,341 - INFO - HTTP Request: POST https://fhtverdbtmwjvgxlkmkz.supabase.co/rest/v1/execution_logs "HTTP/2 201 Created"
2026-07-25 22:28:54,108 - INFO - HTTP Request: POST https://fhtverdbtmwjvgxlkmkz.supabase.co/rest/v1/execution_logs "HTTP/2 201 Created"
2026-07-25 22:29:32,667 - INFO - HTTP Request: POST https://fhtverdbtmwjvgxlkmkz.supabase.co/rest/v1/execution_logs "HTTP/2 201 Created"
2026-07-25 22:30:11,545 - INFO - HTTP Request: POST https://fhtverdbtmwjvgxlkmkz.supabase.co/rest/v1/execution_logs "HTTP/2 201 Created"
2026-07-25 22:30:50,183 - INFO - HTTP Request: POST https://fhtverdbtmwjvgxlkmkz.supabase.co/rest/v1/execution_logs "HTTP/2 201 Created"
2026-07-25 22:31:28,753 - INFO - HTTP Request: POST https://fhtverdbtmwjvgxlkmkz.supabase.co/rest/v1/execution_logs "HTTP/2 201 Created"
2026-07-25 22:32:07,617 - INFO - HTTP Request: POST https://fhtverdbtmwjvgxlkmkz.supabase.co/rest/v1/execution_logs "HTTP/2 201 Created"
2026-07-25 22:32:46,335 - INFO - HTTP Request: POST https://fhtverdbtmwjvgxlkmkz.supabase.co/rest/v1/execution_logs "HTTP/2 201 Created"
2026-07-25 22:33:24,899 - INFO - HTTP Request: POST https://fhtverdbtmwjvgxlkmkz.supabase.co/rest/v1/execution_logs "HTTP/2 201 Created"
2026-07-25 22:34:03,645 - INFO - HTTP Request: POST https://fhtverdbtmwjvgxlkmkz.supabase.co/rest/v1/execution_logs "HTTP/2 201 Created"
2026-07-25 22:34:42,423 - INFO - HTTP Request: POST https://fhtverdbtmwjvgxlkmkz.supabase.co/rest/v1/execution_logs "HTTP/2 201 Created"
2026-07-25 22:35:21,051 - INFO - HTTP Request: POST https://fhtverdbtmwjvgxlkmkz.supabase.co/rest/v1/execution_logs "HTTP/2 201 Created"
2026-07-25 22:35:59,915 - INFO - HTTP Request: POST https://fhtverdbtmwjvgxlkmkz.supabase.co/rest/v1/execution_logs "HTTP/2 201 Created"
2026-07-25 22:36:38,602 - INFO - HTTP Request: POST https://fhtverdbtmwjvgxlkmkz.supabase.co/rest/v1/execution_logs "HTTP/2 201 Created"
2026-07-25 22:37:17,395 - INFO - HTTP Request: POST https://fhtverdbtmwjvgxlkmkz.supabase.co/rest/v1/execution_logs "HTTP/2 201 Created"
2026-07-25 22:37:56,269 - INFO - HTTP Request: POST https://fhtverdbtmwjvgxlkmkz.supabase.co/rest/v1/execution_logs "HTTP/2 201 Created"
2026-07-25 22:38:34,813 - INFO - HTTP Request: POST https://fhtverdbtmwjvgxlkmkz.supabase.co/rest/v1/execution_logs "HTTP/2 201 Created"
2026-07-25 22:39:13,452 - INFO - HTTP Request: POST https://fhtverdbtmwjvgxlkmkz.supabase.co/rest/v1/execution_logs "HTTP/2 201 Created"
2026-07-25 22:39:52,408 - INFO - HTTP Request: POST https://fhtverdbtmwjvgxlkmkz.supabase.co/rest/v1/execution_logs "HTTP/2 201 Created"
2026-07-25 22:40:31,000 - INFO - HTTP Request: POST https://fhtverdbtmwjvgxlkmkz.supabase.co/rest/v1/execution_logs "HTTP/2 201 Created"
2026-07-25 22:41:09,609 - INFO - HTTP Request: POST https://fhtverdbtmwjvgxlkmkz.supabase.co/rest/v1/execution_logs "HTTP/2 201 Created"
2026-07-25 22:41:48,469 - INFO - HTTP Request: POST https://fhtverdbtmwjvgxlkmkz.supabase.co/rest/v1/execution_logs "HTTP/2 201 Created"
2026-07-25 22:42:27,252 - INFO - HTTP Request: POST https://fhtverdbtmwjvgxlkmkz.supabase.co/rest/v1/execution_logs "HTTP/2 201 Created"
2026-07-25 22:43:05,816 - INFO - HTTP Request: POST https://fhtverdbtmwjvgxlkmkz.supabase.co/rest/v1/execution_logs "HTTP/2 201 Created"
2026-07-25 22:43:44,716 - INFO - HTTP Request: POST https://fhtverdbtmwjvgxlkmkz.supabase.co/rest/v1/execution_logs "HTTP/2 201 Created"
2026-07-25 22:44:23,358 - INFO - HTTP Request: POST https://fhtverdbtmwjvgxlkmkz.supabase.co/rest/v1/execution_logs "HTTP/2 201 Created"
2026-07-25 22:45:02,067 - INFO - HTTP Request: POST https://fhtverdbtmwjvgxlkmkz.supabase.co/rest/v1/execution_logs "HTTP/2 201 Created"
2026-07-25 22:45:41,264 - INFO - HTTP Request: POST https://fhtverdbtmwjvgxlkmkz.supabase.co/rest/v1/execution_logs "HTTP/2 201 Created"
2026-07-25 22:46:20,144 - INFO - HTTP Request: POST https://fhtverdbtmwjvgxlkmkz.supabase.co/rest/v1/execution_logs "HTTP/2 201 Created"
2026-07-25 22:46:58,915 - INFO - HTTP Request: POST https://fhtverdbtmwjvgxlkmkz.supabase.co/rest/v1/execution_logs "HTTP/2 201 Created"
2026-07-25 22:47:37,796 - INFO - HTTP Request: POST https://fhtverdbtmwjvgxlkmkz.supabase.co/rest/v1/execution_logs "HTTP/2 201 Created"
2026-07-25 22:48:16,358 - INFO - HTTP Request: POST https://fhtverdbtmwjvgxlkmkz.supabase.co/rest/v1/execution_logs "HTTP/2 201 Created"
2026-07-25 22:48:55,147 - INFO - HTTP Request: POST https://fhtverdbtmwjvgxlkmkz.supabase.co/rest/v1/execution_logs "HTTP/2 201 Created"
2026-07-25 22:49:33,928 - INFO - HTTP Request: POST https://fhtverdbtmwjvgxlkmkz.supabase.co/rest/v1/execution_logs "HTTP/2 201 Created"
2026-07-25 22:50:12,832 - INFO - HTTP Request: POST https://fhtverdbtmwjvgxlkmkz.supabase.co/rest/v1/execution_logs "HTTP/2 201 Created"
2026-07-25 22:50:51,352 - INFO - HTTP Request: POST https://fhtverdbtmwjvgxlkmkz.supabase.co/rest/v1/execution_logs "HTTP/2 201 Created"
2026-07-25 22:51:30,142 - INFO - HTTP Request: POST https://fhtverdbtmwjvgxlkmkz.supabase.co/rest/v1/execution_logs "HTTP/2 201 Created"
2026-07-25 22:52:08,848 - INFO - HTTP Request: POST https://fhtverdbtmwjvgxlkmkz.supabase.co/rest/v1/execution_logs "HTTP/2 201 Created"
2026-07-25 22:52:47,446 - INFO - HTTP Request: POST https://fhtverdbtmwjvgxlkmkz.supabase.co/rest/v1/execution_logs "HTTP/2 201 Created"
2026-07-25 22:53:26,138 - INFO - HTTP Request: POST https://fhtverdbtmwjvgxlkmkz.supabase.co/rest/v1/execution_logs "HTTP/2 201 Created"
2026-07-25 22:54:04,921 - INFO - HTTP Request: POST https://fhtverdbtmwjvgxlkmkz.supabase.co/rest/v1/execution_logs "HTTP/2 201 Created"
2026-07-25 22:54:43,630 - INFO - HTTP Request: POST https://fhtverdbtmwjvgxlkmkz.supabase.co/rest/v1/execution_logs "HTTP/2 201 Created"
2026-07-25 22:55:22,434 - INFO - HTTP Request: POST https://fhtverdbtmwjvgxlkmkz.supabase.co/rest/v1/execution_logs "HTTP/2 201 Created"
2026-07-25 22:56:01,213 - INFO - HTTP Request: POST https://fhtverdbtmwjvgxlkmkz.supabase.co/rest/v1/execution_logs "HTTP/2 201 Created"
2026-07-25 22:56:39,965 - INFO - HTTP Request: POST https://fhtverdbtmwjvgxlkmkz.supabase.co/rest/v1/execution_logs "HTTP/2 201 Created"
2026-07-25 22:57:18,720 - INFO - HTTP Request: POST https://fhtverdbtmwjvgxlkmkz.supabase.co/rest/v1/execution_logs "HTTP/2 201 Created"
2026-07-25 22:57:57,424 - INFO - HTTP Request: POST https://fhtverdbtmwjvgxlkmkz.supabase.co/rest/v1/execution_logs "HTTP/2 201 Created"
2026-07-25 22:58:36,030 - INFO - HTTP Request: POST https://fhtverdbtmwjvgxlkmkz.supabase.co/rest/v1/execution_logs "HTTP/2 201 Created"
2026-07-25 22:59:14,831 - INFO - HTTP Request: POST https://fhtverdbtmwjvgxlkmkz.supabase.co/rest/v1/execution_logs "HTTP/2 201 Created"
2026-07-25 22:59:53,464 - INFO - HTTP Request: POST https://fhtverdbtmwjvgxlkmkz.supabase.co/rest/v1/execution_logs "HTTP/2 201 Created"
2026-07-25 23:00:32,086 - INFO - HTTP Request: POST https://fhtverdbtmwjvgxlkmkz.supabase.co/rest/v1/execution_logs "HTTP/2 201 Created"
2026-07-25 23:01:10,882 - INFO - HTTP Request: POST https://fhtverdbtmwjvgxlkmkz.supabase.co/rest/v1/execution_logs "HTTP/2 201 Created"
2026-07-25 23:01:49,977 - INFO - HTTP Request: POST https://fhtverdbtmwjvgxlkmkz.supabase.co/rest/v1/execution_logs "HTTP/2 201 Created"
2026-07-25 23:02:28,590 - INFO - HTTP Request: POST https://fhtverdbtmwjvgxlkmkz.supabase.co/rest/v1/execution_logs "HTTP/2 201 Created"
2026-07-25 23:03:07,905 - INFO - HTTP Request: POST https://fhtverdbtmwjvgxlkmkz.supabase.co/rest/v1/execution_logs "HTTP/2 201 Created"
2026-07-25 23:03:46,599 - INFO - HTTP Request: POST https://fhtverdbtmwjvgxlkmkz.supabase.co/rest/v1/execution_logs "HTTP/2 201 Created"
2026-07-25 23:04:25,249 - INFO - HTTP Request: POST https://fhtverdbtmwjvgxlkmkz.supabase.co/rest/v1/execution_logs "HTTP/2 201 Created"
2026-07-25 23:05:04,335 - INFO - HTTP Request: POST https://fhtverdbtmwjvgxlkmkz.supabase.co/rest/v1/execution_logs "HTTP/2 201 Created"
2026-07-25 23:05:42,954 - INFO - HTTP Request: POST https://fhtverdbtmwjvgxlkmkz.supabase.co/rest/v1/execution_logs "HTTP/2 201 Created"
2026-07-25 23:06:21,598 - INFO - HTTP Request: POST https://fhtverdbtmwjvgxlkmkz.supabase.co/rest/v1/execution_logs "HTTP/2 201 Created"
2026-07-25 23:07:00,443 - INFO - HTTP Request: POST https://fhtverdbtmwjvgxlkmkz.supabase.co/rest/v1/execution_logs "HTTP/2 201 Created"
2026-07-25 23:07:39,151 - INFO - HTTP Request: POST https://fhtverdbtmwjvgxlkmkz.supabase.co/rest/v1/execution_logs "HTTP/2 201 Created"
2026-07-25 23:08:17,744 - INFO - HTTP Request: POST https://fhtverdbtmwjvgxlkmkz.supabase.co/rest/v1/execution_logs "HTTP/2 201 Created"
2026-07-25 23:08:56,310 - INFO - HTTP Request: POST https://fhtverdbtmwjvgxlkmkz.supabase.co/rest/v1/execution_logs "HTTP/2 201 Created"
2026-07-25 23:09:34,873 - INFO - HTTP Request: POST https://fhtverdbtmwjvgxlkmkz.supabase.co/rest/v1/execution_logs "HTTP/2 201 Created"
2026-07-25 23:10:13,674 - INFO - HTTP Request: POST https://fhtverdbtmwjvgxlkmkz.supabase.co/rest/v1/execution_logs "HTTP/2 201 Created"
2026-07-25 23:10:52,690 - INFO - HTTP Request: POST https://fhtverdbtmwjvgxlkmkz.supabase.co/rest/v1/execution_logs "HTTP/2 201 Created"
2026-07-25 23:11:31,677 - INFO - HTTP Request: POST https://fhtverdbtmwjvgxlkmkz.supabase.co/rest/v1/execution_logs "HTTP/2 201 Created"
2026-07-25 23:12:10,494 - INFO - HTTP Request: POST https://fhtverdbtmwjvgxlkmkz.supabase.co/rest/v1/execution_logs "HTTP/2 201 Created"
2026-07-25 23:12:49,292 - INFO - HTTP Request: POST https://fhtverdbtmwjvgxlkmkz.supabase.co/rest/v1/execution_logs "HTTP/2 201 Created"
2026-07-25 23:13:28,245 - INFO - HTTP Request: POST https://fhtverdbtmwjvgxlkmkz.supabase.co/rest/v1/execution_logs "HTTP/2 201 Created"
2026-07-25 23:14:06,968 - INFO - HTTP Request: POST https://fhtverdbtmwjvgxlkmkz.supabase.co/rest/v1/execution_logs "HTTP/2 201 Created"
2026-07-25 23:14:45,696 - INFO - HTTP Request: POST https://fhtverdbtmwjvgxlkmkz.supabase.co/rest/v1/execution_logs "HTTP/2 201 Created"
2026-07-25 23:15:24,533 - INFO - HTTP Request: POST https://fhtverdbtmwjvgxlkmkz.supabase.co/rest/v1/execution_logs "HTTP/2 201 Created"
2026-07-25 23:16:03,098 - INFO - HTTP Request: POST https://fhtverdbtmwjvgxlkmkz.supabase.co/rest/v1/execution_logs "HTTP/2 201 Created"
2026-07-25 23:16:41,725 - INFO - HTTP Request: POST https://fhtverdbtmwjvgxlkmkz.supabase.co/rest/v1/execution_logs "HTTP/2 201 Created"
2026-07-25 23:17:20,381 - INFO - HTTP Request: POST https://fhtverdbtmwjvgxlkmkz.supabase.co/rest/v1/execution_logs "HTTP/2 201 Created"
2026-07-25 23:17:59,404 - INFO - HTTP Request: POST https://fhtverdbtmwjvgxlkmkz.supabase.co/rest/v1/execution_logs "HTTP/2 201 Created"
2026-07-25 23:18:37,969 - INFO - HTTP Request: POST https://fhtverdbtmwjvgxlkmkz.supabase.co/rest/v1/execution_logs "HTTP/2 201 Created"
2026-07-25 23:19:16,644 - INFO - HTTP Request: POST https://fhtverdbtmwjvgxlkmkz.supabase.co/rest/v1/execution_logs "HTTP/2 201 Created"
2026-07-25 23:19:55,407 - INFO - HTTP Request: POST https://fhtverdbtmwjvgxlkmkz.supabase.co/rest/v1/execution_logs "HTTP/2 201 Created"
2026-07-25 23:20:34,168 - INFO - HTTP Request: POST https://fhtverdbtmwjvgxlkmkz.supabase.co/rest/v1/execution_logs "HTTP/2 201 Created"
2026-07-25 23:21:13,025 - INFO - HTTP Request: POST https://fhtverdbtmwjvgxlkmkz.supabase.co/rest/v1/execution_logs "HTTP/2 201 Created"
2026-07-25 23:21:51,615 - INFO - HTTP Request: POST https://fhtverdbtmwjvgxlkmkz.supabase.co/rest/v1/execution_logs "HTTP/2 201 Created"
2026-07-25 23:22:30,391 - INFO - HTTP Request: POST https://fhtverdbtmwjvgxlkmkz.supabase.co/rest/v1/execution_logs "HTTP/2 201 Created"
2026-07-25 23:23:09,158 - INFO - HTTP Request: POST https://fhtverdbtmwjvgxlkmkz.supabase.co/rest/v1/execution_logs "HTTP/2 201 Created"
2026-07-25 23:23:47,837 - INFO - HTTP Request: POST https://fhtverdbtmwjvgxlkmkz.supabase.co/rest/v1/execution_logs "HTTP/2 201 Created"
2026-07-25 23:24:26,475 - INFO - HTTP Request: POST https://fhtverdbtmwjvgxlkmkz.supabase.co/rest/v1/execution_logs "HTTP/2 201 Created"
2026-07-25 23:25:05,360 - INFO - HTTP Request: POST https://fhtverdbtmwjvgxlkmkz.supabase.co/rest/v1/execution_logs "HTTP/2 201 Created"
2026-07-25 23:25:44,199 - INFO - HTTP Request: POST https://fhtverdbtmwjvgxlkmkz.supabase.co/rest/v1/execution_logs "HTTP/2 201 Created"
2026-07-25 23:26:22,759 - INFO - HTTP Request: POST https://fhtverdbtmwjvgxlkmkz.supabase.co/rest/v1/execution_logs "HTTP/2 201 Created"
2026-07-25 23:27:01,575 - INFO - HTTP Request: POST https://fhtverdbtmwjvgxlkmkz.supabase.co/rest/v1/execution_logs "HTTP/2 201 Created"
2026-07-25 23:27:40,120 - INFO - HTTP Request: POST https://fhtverdbtmwjvgxlkmkz.supabase.co/rest/v1/execution_logs "HTTP/2 201 Created"
2026-07-25 23:28:19,340 - INFO - HTTP Request: POST https://fhtverdbtmwjvgxlkmkz.supabase.co/rest/v1/execution_logs "HTTP/2 201 Created"
2026-07-25 23:28:58,023 - INFO - HTTP Request: POST https://fhtverdbtmwjvgxlkmkz.supabase.co/rest/v1/execution_logs "HTTP/2 201 Created"
2026-07-25 23:29:36,701 - INFO - HTTP Request: POST https://fhtverdbtmwjvgxlkmkz.supabase.co/rest/v1/execution_logs "HTTP/2 201 Created"
2026-07-25 23:30:15,431 - INFO - HTTP Request: POST https://fhtverdbtmwjvgxlkmkz.supabase.co/rest/v1/execution_logs "HTTP/2 201 Created"
2026-07-25 23:30:54,004 - INFO - HTTP Request: POST https://fhtverdbtmwjvgxlkmkz.supabase.co/rest/v1/execution_logs "HTTP/2 201 Created"
2026-07-25 23:31:32,773 - INFO - HTTP Request: POST https://fhtverdbtmwjvgxlkmkz.supabase.co/rest/v1/execution_logs "HTTP/2 201 Created"
2026-07-25 23:32:11,547 - INFO - HTTP Request: POST https://fhtverdbtmwjvgxlkmkz.supabase.co/rest/v1/execution_logs "HTTP/2 201 Created"
2026-07-25 23:32:50,114 - INFO - HTTP Request: POST https://fhtverdbtmwjvgxlkmkz.supabase.co/rest/v1/execution_logs "HTTP/2 201 Created"
2026-07-25 23:33:28,907 - INFO - HTTP Request: POST https://fhtverdbtmwjvgxlkmkz.supabase.co/rest/v1/execution_logs "HTTP/2 201 Created"
2026-07-25 23:34:07,808 - INFO - HTTP Request: POST https://fhtverdbtmwjvgxlkmkz.supabase.co/rest/v1/execution_logs "HTTP/2 201 Created"
2026-07-25 23:34:46,580 - INFO - HTTP Request: POST https://fhtverdbtmwjvgxlkmkz.supabase.co/rest/v1/execution_logs "HTTP/2 201 Created"
2026-07-25 23:35:25,287 - INFO - HTTP Request: POST https://fhtverdbtmwjvgxlkmkz.supabase.co/rest/v1/execution_logs "HTTP/2 201 Created"
2026-07-25 23:36:04,178 - INFO - HTTP Request: POST https://fhtverdbtmwjvgxlkmkz.supabase.co/rest/v1/execution_logs "HTTP/2 201 Created"
2026-07-25 23:36:43,006 - INFO - HTTP Request: POST https://fhtverdbtmwjvgxlkmkz.supabase.co/rest/v1/execution_logs "HTTP/2 201 Created"
2026-07-25 23:37:21,552 - INFO - HTTP Request: POST https://fhtverdbtmwjvgxlkmkz.supabase.co/rest/v1/execution_logs "HTTP/2 201 Created"
2026-07-25 23:38:00,106 - INFO - HTTP Request: POST https://fhtverdbtmwjvgxlkmkz.supabase.co/rest/v1/execution_logs "HTTP/2 201 Created"
2026-07-25 23:38:38,758 - INFO - HTTP Request: POST https://fhtverdbtmwjvgxlkmkz.supabase.co/rest/v1/execution_logs "HTTP/2 201 Created"
2026-07-25 23:39:17,595 - INFO - HTTP Request: POST https://fhtverdbtmwjvgxlkmkz.supabase.co/rest/v1/execution_logs "HTTP/2 201 Created"
2026-07-25 23:39:56,316 - INFO - HTTP Request: POST https://fhtverdbtmwjvgxlkmkz.supabase.co/rest/v1/execution_logs "HTTP/2 201 Created"
2026-07-25 23:40:34,888 - INFO - HTTP Request: POST https://fhtverdbtmwjvgxlkmkz.supabase.co/rest/v1/execution_logs "HTTP/2 201 Created"
2026-07-25 23:41:13,523 - INFO - HTTP Request: POST https://fhtverdbtmwjvgxlkmkz.supabase.co/rest/v1/execution_logs "HTTP/2 201 Created"
2026-07-25 23:41:52,312 - INFO - HTTP Request: POST https://fhtverdbtmwjvgxlkmkz.supabase.co/rest/v1/execution_logs "HTTP/2 201 Created"
2026-07-25 23:42:31,130 - INFO - HTTP Request: POST https://fhtverdbtmwjvgxlkmkz.supabase.co/rest/v1/execution_logs "HTTP/2 201 Created"
2026-07-25 23:43:10,020 - INFO - HTTP Request: POST https://fhtverdbtmwjvgxlkmkz.supabase.co/rest/v1/execution_logs "HTTP/2 201 Created"
2026-07-25 23:43:48,794 - INFO - HTTP Request: POST https://fhtverdbtmwjvgxlkmkz.supabase.co/rest/v1/execution_logs "HTTP/2 201 Created"
2026-07-25 23:44:27,743 - INFO - HTTP Request: POST https://fhtverdbtmwjvgxlkmkz.supabase.co/rest/v1/execution_logs "HTTP/2 201 Created"
2026-07-25 23:45:06,484 - INFO - HTTP Request: POST https://fhtverdbtmwjvgxlkmkz.supabase.co/rest/v1/execution_logs "HTTP/2 201 Created"
2026-07-25 23:45:45,240 - INFO - HTTP Request: POST https://fhtverdbtmwjvgxlkmkz.supabase.co/rest/v1/execution_logs "HTTP/2 201 Created"
2026-07-25 23:46:23,816 - INFO - HTTP Request: POST https://fhtverdbtmwjvgxlkmkz.supabase.co/rest/v1/execution_logs "HTTP/2 201 Created"
2026-07-25 23:47:02,410 - INFO - HTTP Request: POST https://fhtverdbtmwjvgxlkmkz.supabase.co/rest/v1/execution_logs "HTTP/2 201 Created"
2026-07-25 23:47:41,281 - INFO - HTTP Request: POST https://fhtverdbtmwjvgxlkmkz.supabase.co/rest/v1/execution_logs "HTTP/2 201 Created"
2026-07-25 23:48:19,963 - INFO - HTTP Request: POST https://fhtverdbtmwjvgxlkmkz.supabase.co/rest/v1/execution_logs "HTTP/2 201 Created"
2026-07-25 23:48:58,496 - INFO - HTTP Request: POST https://fhtverdbtmwjvgxlkmkz.supabase.co/rest/v1/execution_logs "HTTP/2 201 Created"
2026-07-25 23:49:37,507 - INFO - HTTP Request: POST https://fhtverdbtmwjvgxlkmkz.supabase.co/rest/v1/execution_logs "HTTP/2 201 Created"
2026-07-25 23:50:16,466 - INFO - HTTP Request: POST https://fhtverdbtmwjvgxlkmkz.supabase.co/rest/v1/execution_logs "HTTP/2 201 Created"
2026-07-25 23:50:55,050 - INFO - HTTP Request: POST https://fhtverdbtmwjvgxlkmkz.supabase.co/rest/v1/execution_logs "HTTP/2 201 Created"
2026-07-25 23:51:33,793 - INFO - HTTP Request: POST https://fhtverdbtmwjvgxlkmkz.supabase.co/rest/v1/execution_logs "HTTP/2 201 Created"
2026-07-25 23:52:12,850 - INFO - HTTP Request: POST https://fhtverdbtmwjvgxlkmkz.supabase.co/rest/v1/execution_logs "HTTP/2 201 Created"
2026-07-25 23:52:51,399 - INFO - HTTP Request: POST https://fhtverdbtmwjvgxlkmkz.supabase.co/rest/v1/execution_logs "HTTP/2 201 Created"
2026-07-25 23:53:30,259 - INFO - HTTP Request: POST https://fhtverdbtmwjvgxlkmkz.supabase.co/rest/v1/execution_logs "HTTP/2 201 Created"
2026-07-25 23:54:08,832 - INFO - HTTP Request: POST https://fhtverdbtmwjvgxlkmkz.supabase.co/rest/v1/execution_logs "HTTP/2 201 Created"
2026-07-25 23:54:47,495 - INFO - HTTP Request: POST https://fhtverdbtmwjvgxlkmkz.supabase.co/rest/v1/execution_logs "HTTP/2 201 Created"
2026-07-25 23:55:26,381 - INFO - HTTP Request: POST https://fhtverdbtmwjvgxlkmkz.supabase.co/rest/v1/execution_logs "HTTP/2 201 Created"
2026-07-25 23:56:05,293 - INFO - HTTP Request: POST https://fhtverdbtmwjvgxlkmkz.supabase.co/rest/v1/execution_logs "HTTP/2 201 Created"
2026-07-25 23:56:43,816 - INFO - HTTP Request: POST https://fhtverdbtmwjvgxlkmkz.supabase.co/rest/v1/execution_logs "HTTP/2 201 Created"
2026-07-25 23:57:22,367 - INFO - HTTP Request: POST https://fhtverdbtmwjvgxlkmkz.supabase.co/rest/v1/execution_logs "HTTP/2 201 Created"
2026-07-25 23:58:01,314 - INFO - HTTP Request: POST https://fhtverdbtmwjvgxlkmkz.supabase.co/rest/v1/execution_logs "HTTP/2 201 Created"
2026-07-25 23:58:40,116 - INFO - HTTP Request: POST https://fhtverdbtmwjvgxlkmkz.supabase.co/rest/v1/execution_logs "HTTP/2 201 Created"
2026-07-25 23:59:18,861 - INFO - HTTP Request: POST https://fhtverdbtmwjvgxlkmkz.supabase.co/rest/v1/execution_logs "HTTP/2 201 Created"
2026-07-25 23:59:57,591 - INFO - HTTP Request: POST https://fhtverdbtmwjvgxlkmkz.supabase.co/rest/v1/execution_logs "HTTP/2 201 Created"
2026-07-26 00:00:36,453 - INFO - HTTP Request: POST https://fhtverdbtmwjvgxlkmkz.supabase.co/rest/v1/execution_logs "HTTP/2 201 Created"
2026-07-26 00:01:15,091 - INFO - HTTP Request: POST https://fhtverdbtmwjvgxlkmkz.supabase.co/rest/v1/execution_logs "HTTP/2 201 Created"
2026-07-26 00:01:54,075 - INFO - HTTP Request: POST https://fhtverdbtmwjvgxlkmkz.supabase.co/rest/v1/execution_logs "HTTP/2 201 Created"
2026-07-26 00:02:32,783 - INFO - HTTP Request: POST https://fhtverdbtmwjvgxlkmkz.supabase.co/rest/v1/execution_logs "HTTP/2 201 Created"
2026-07-26 00:03:11,582 - INFO - HTTP Request: POST https://fhtverdbtmwjvgxlkmkz.supabase.co/rest/v1/execution_logs "HTTP/2 201 Created"
2026-07-26 00:03:50,447 - INFO - HTTP Request: POST https://fhtverdbtmwjvgxlkmkz.supabase.co/rest/v1/execution_logs "HTTP/2 201 Created"
2026-07-26 00:04:29,041 - INFO - HTTP Request: POST https://fhtverdbtmwjvgxlkmkz.supabase.co/rest/v1/execution_logs "HTTP/2 201 Created"
2026-07-26 00:05:08,021 - INFO - HTTP Request: POST https://fhtverdbtmwjvgxlkmkz.supabase.co/rest/v1/execution_logs "HTTP/2 201 Created"
2026-07-26 00:05:46,618 - INFO - HTTP Request: POST https://fhtverdbtmwjvgxlkmkz.supabase.co/rest/v1/execution_logs "HTTP/2 201 Created"
2026-07-26 00:06:25,170 - INFO - HTTP Request: POST https://fhtverdbtmwjvgxlkmkz.supabase.co/rest/v1/execution_logs "HTTP/2 201 Created"
2026-07-26 00:07:04,056 - INFO - HTTP Request: POST https://fhtverdbtmwjvgxlkmkz.supabase.co/rest/v1/execution_logs "HTTP/2 201 Created"
2026-07-26 00:07:42,623 - INFO - HTTP Request: POST https://fhtverdbtmwjvgxlkmkz.supabase.co/rest/v1/execution_logs "HTTP/2 201 Created"
2026-07-26 00:08:21,469 - INFO - HTTP Request: POST https://fhtverdbtmwjvgxlkmkz.supabase.co/rest/v1/execution_logs "HTTP/2 201 Created"
2026-07-26 00:09:00,217 - INFO - HTTP Request: POST https://fhtverdbtmwjvgxlkmkz.supabase.co/rest/v1/execution_logs "HTTP/2 201 Created"
2026-07-26 00:09:38,921 - INFO - HTTP Request: POST https://fhtverdbtmwjvgxlkmkz.supabase.co/rest/v1/execution_logs "HTTP/2 201 Created"
2026-07-26 00:10:17,717 - INFO - HTTP Request: POST https://fhtverdbtmwjvgxlkmkz.supabase.co/rest/v1/execution_logs "HTTP/2 201 Created"
2026-07-26 00:10:56,596 - INFO - HTTP Request: POST https://fhtverdbtmwjvgxlkmkz.supabase.co/rest/v1/execution_logs "HTTP/2 201 Created"
2026-07-26 00:11:35,356 - INFO - HTTP Request: POST https://fhtverdbtmwjvgxlkmkz.supabase.co/rest/v1/execution_logs "HTTP/2 201 Created"
2026-07-26 00:12:13,955 - INFO - HTTP Request: POST https://fhtverdbtmwjvgxlkmkz.supabase.co/rest/v1/execution_logs "HTTP/2 201 Created"
2026-07-26 00:12:52,669 - INFO - HTTP Request: POST https://fhtverdbtmwjvgxlkmkz.supabase.co/rest/v1/execution_logs "HTTP/2 201 Created"
2026-07-26 00:13:31,600 - INFO - HTTP Request: POST https://fhtverdbtmwjvgxlkmkz.supabase.co/rest/v1/execution_logs "HTTP/2 201 Created"
2026-07-26 00:14:10,489 - INFO - HTTP Request: POST https://fhtverdbtmwjvgxlkmkz.supabase.co/rest/v1/execution_logs "HTTP/2 201 Created"
2026-07-26 00:14:49,446 - INFO - HTTP Request: POST https://fhtverdbtmwjvgxlkmkz.supabase.co/rest/v1/execution_logs "HTTP/2 201 Created"
2026-07-26 00:15:28,035 - INFO - HTTP Request: POST https://fhtverdbtmwjvgxlkmkz.supabase.co/rest/v1/execution_logs "HTTP/2 201 Created"
2026-07-26 00:16:06,671 - INFO - HTTP Request: POST https://fhtverdbtmwjvgxlkmkz.supabase.co/rest/v1/execution_logs "HTTP/2 201 Created"
2026-07-26 00:16:45,229 - INFO - HTTP Request: POST https://fhtverdbtmwjvgxlkmkz.supabase.co/rest/v1/execution_logs "HTTP/2 201 Created"
2026-07-26 00:17:23,995 - INFO - HTTP Request: POST https://fhtverdbtmwjvgxlkmkz.supabase.co/rest/v1/execution_logs "HTTP/2 201 Created"
2026-07-26 00:18:02,623 - INFO - HTTP Request: POST https://fhtverdbtmwjvgxlkmkz.supabase.co/rest/v1/execution_logs "HTTP/2 201 Created"
2026-07-26 00:18:41,446 - INFO - HTTP Request: POST https://fhtverdbtmwjvgxlkmkz.supabase.co/rest/v1/execution_logs "HTTP/2 201 Created"
2026-07-26 00:19:20,175 - INFO - HTTP Request: POST https://fhtverdbtmwjvgxlkmkz.supabase.co/rest/v1/execution_logs "HTTP/2 201 Created"
2026-07-26 00:19:58,913 - INFO - HTTP Request: POST https://fhtverdbtmwjvgxlkmkz.supabase.co/rest/v1/execution_logs "HTTP/2 201 Created"
2026-07-26 00:20:37,697 - INFO - HTTP Request: POST https://fhtverdbtmwjvgxlkmkz.supabase.co/rest/v1/execution_logs "HTTP/2 201 Created"
2026-07-26 00:21:16,447 - INFO - HTTP Request: POST https://fhtverdbtmwjvgxlkmkz.supabase.co/rest/v1/execution_logs "HTTP/2 201 Created"
2026-07-26 00:21:55,000 - INFO - HTTP Request: POST https://fhtverdbtmwjvgxlkmkz.supabase.co/rest/v1/execution_logs "HTTP/2 201 Created"
2026-07-26 00:22:33,872 - INFO - HTTP Request: POST https://fhtverdbtmwjvgxlkmkz.supabase.co/rest/v1/execution_logs "HTTP/2 201 Created"
2026-07-26 00:23:12,484 - INFO - HTTP Request: POST https://fhtverdbtmwjvgxlkmkz.supabase.co/rest/v1/execution_logs "HTTP/2 201 Created"
2026-07-26 00:23:51,286 - INFO - HTTP Request: POST https://fhtverdbtmwjvgxlkmkz.supabase.co/rest/v1/execution_logs "HTTP/2 201 Created"
2026-07-26 00:24:30,369 - INFO - HTTP Request: POST https://fhtverdbtmwjvgxlkmkz.supabase.co/rest/v1/execution_logs "HTTP/2 201 Created"
2026-07-26 00:25:09,320 - INFO - HTTP Request: POST https://fhtverdbtmwjvgxlkmkz.supabase.co/rest/v1/execution_logs "HTTP/2 201 Created"
2026-07-26 00:25:47,910 - INFO - HTTP Request: POST https://fhtverdbtmwjvgxlkmkz.supabase.co/rest/v1/execution_logs "HTTP/2 201 Created"
2026-07-26 00:26:26,633 - INFO - HTTP Request: POST https://fhtverdbtmwjvgxlkmkz.supabase.co/rest/v1/execution_logs "HTTP/2 201 Created"
2026-07-26 00:27:05,227 - INFO - HTTP Request: POST https://fhtverdbtmwjvgxlkmkz.supabase.co/rest/v1/execution_logs "HTTP/2 201 Created"
2026-07-26 00:27:43,916 - INFO - HTTP Request: POST https://fhtverdbtmwjvgxlkmkz.supabase.co/rest/v1/execution_logs "HTTP/2 201 Created"
2026-07-26 00:28:22,658 - INFO - HTTP Request: POST https://fhtverdbtmwjvgxlkmkz.supabase.co/rest/v1/execution_logs "HTTP/2 201 Created"
2026-07-26 00:29:01,285 - INFO - HTTP Request: POST https://fhtverdbtmwjvgxlkmkz.supabase.co/rest/v1/execution_logs "HTTP/2 201 Created"
2026-07-26 00:29:40,030 - INFO - HTTP Request: POST https://fhtverdbtmwjvgxlkmkz.supabase.co/rest/v1/execution_logs "HTTP/2 201 Created"
2026-07-26 00:30:18,882 - INFO - HTTP Request: POST https://fhtverdbtmwjvgxlkmkz.supabase.co/rest/v1/execution_logs "HTTP/2 201 Created"
2026-07-26 00:30:57,638 - INFO - HTTP Request: POST https://fhtverdbtmwjvgxlkmkz.supabase.co/rest/v1/execution_logs "HTTP/2 201 Created"
2026-07-26 00:31:36,652 - INFO - HTTP Request: POST https://fhtverdbtmwjvgxlkmkz.supabase.co/rest/v1/execution_logs "HTTP/2 201 Created"
2026-07-26 00:32:15,337 - INFO - HTTP Request: POST https://fhtverdbtmwjvgxlkmkz.supabase.co/rest/v1/execution_logs "HTTP/2 201 Created"
2026-07-26 00:32:54,171 - INFO - HTTP Request: POST https://fhtverdbtmwjvgxlkmkz.supabase.co/rest/v1/execution_logs "HTTP/2 201 Created"
2026-07-26 00:33:32,694 - INFO - HTTP Request: POST https://fhtverdbtmwjvgxlkmkz.supabase.co/rest/v1/execution_logs "HTTP/2 201 Created"
2026-07-26 00:34:11,573 - INFO - HTTP Request: POST https://fhtverdbtmwjvgxlkmkz.supabase.co/rest/v1/execution_logs "HTTP/2 201 Created"
2026-07-26 00:34:50,497 - INFO - HTTP Request: POST https://fhtverdbtmwjvgxlkmkz.supabase.co/rest/v1/execution_logs "HTTP/2 201 Created"
2026-07-26 00:35:29,191 - INFO - HTTP Request: POST https://fhtverdbtmwjvgxlkmkz.supabase.co/rest/v1/execution_logs "HTTP/2 201 Created"
2026-07-26 00:36:07,814 - INFO - HTTP Request: POST https://fhtverdbtmwjvgxlkmkz.supabase.co/rest/v1/execution_logs "HTTP/2 201 Created"
2026-07-26 00:36:46,518 - INFO - HTTP Request: POST https://fhtverdbtmwjvgxlkmkz.supabase.co/rest/v1/execution_logs "HTTP/2 201 Created"
2026-07-26 00:37:25,379 - INFO - HTTP Request: POST https://fhtverdbtmwjvgxlkmkz.supabase.co/rest/v1/execution_logs "HTTP/2 201 Created"
2026-07-26 00:38:04,107 - INFO - HTTP Request: POST https://fhtverdbtmwjvgxlkmkz.supabase.co/rest/v1/execution_logs "HTTP/2 201 Created"
2026-07-26 00:38:42,896 - INFO - HTTP Request: POST https://fhtverdbtmwjvgxlkmkz.supabase.co/rest/v1/execution_logs "HTTP/2 201 Created"
2026-07-26 00:39:21,553 - INFO - HTTP Request: POST https://fhtverdbtmwjvgxlkmkz.supabase.co/rest/v1/execution_logs "HTTP/2 201 Created"
2026-07-26 00:40:00,478 - INFO - HTTP Request: POST https://fhtverdbtmwjvgxlkmkz.supabase.co/rest/v1/execution_logs "HTTP/2 201 Created"
2026-07-26 00:40:39,292 - INFO - HTTP Request: POST https://fhtverdbtmwjvgxlkmkz.supabase.co/rest/v1/execution_logs "HTTP/2 201 Created"
2026-07-26 00:41:18,121 - INFO - HTTP Request: POST https://fhtverdbtmwjvgxlkmkz.supabase.co/rest/v1/execution_logs "HTTP/2 201 Created"
2026-07-26 00:41:56,871 - INFO - HTTP Request: POST https://fhtverdbtmwjvgxlkmkz.supabase.co/rest/v1/execution_logs "HTTP/2 201 Created"
2026-07-26 00:42:35,474 - INFO - HTTP Request: POST https://fhtverdbtmwjvgxlkmkz.supabase.co/rest/v1/execution_logs "HTTP/2 201 Created"
2026-07-26 00:43:14,053 - INFO - HTTP Request: POST https://fhtverdbtmwjvgxlkmkz.supabase.co/rest/v1/execution_logs "HTTP/2 201 Created"
2026-07-26 00:43:53,027 - INFO - HTTP Request: POST https://fhtverdbtmwjvgxlkmkz.supabase.co/rest/v1/execution_logs "HTTP/2 201 Created"
2026-07-26 00:44:31,993 - INFO - HTTP Request: POST https://fhtverdbtmwjvgxlkmkz.supabase.co/rest/v1/execution_logs "HTTP/2 201 Created"
2026-07-26 00:45:10,558 - INFO - HTTP Request: POST https://fhtverdbtmwjvgxlkmkz.supabase.co/rest/v1/execution_logs "HTTP/2 201 Created"
2026-07-26 00:45:49,457 - INFO - HTTP Request: POST https://fhtverdbtmwjvgxlkmkz.supabase.co/rest/v1/execution_logs "HTTP/2 201 Created"
2026-07-26 00:46:28,060 - INFO - HTTP Request: POST https://fhtverdbtmwjvgxlkmkz.supabase.co/rest/v1/execution_logs "HTTP/2 201 Created"
2026-07-26 00:47:06,824 - INFO - HTTP Request: POST https://fhtverdbtmwjvgxlkmkz.supabase.co/rest/v1/execution_logs "HTTP/2 201 Created"
2026-07-26 00:47:45,615 - INFO - HTTP Request: POST https://fhtverdbtmwjvgxlkmkz.supabase.co/rest/v1/execution_logs "HTTP/2 201 Created"
2026-07-26 00:48:24,440 - INFO - HTTP Request: POST https://fhtverdbtmwjvgxlkmkz.supabase.co/rest/v1/execution_logs "HTTP/2 201 Created"
2026-07-26 00:49:03,034 - INFO - HTTP Request: POST https://fhtverdbtmwjvgxlkmkz.supabase.co/rest/v1/execution_logs "HTTP/2 201 Created"
2026-07-26 00:49:41,837 - INFO - HTTP Request: POST https://fhtverdbtmwjvgxlkmkz.supabase.co/rest/v1/execution_logs "HTTP/2 201 Created"
2026-07-26 00:50:20,629 - INFO - HTTP Request: POST https://fhtverdbtmwjvgxlkmkz.supabase.co/rest/v1/execution_logs "HTTP/2 201 Created"
2026-07-26 00:50:59,278 - INFO - HTTP Request: POST https://fhtverdbtmwjvgxlkmkz.supabase.co/rest/v1/execution_logs "HTTP/2 201 Created"
2026-07-26 00:51:37,955 - INFO - HTTP Request: POST https://fhtverdbtmwjvgxlkmkz.supabase.co/rest/v1/execution_logs "HTTP/2 201 Created"
2026-07-26 00:52:16,802 - INFO - HTTP Request: POST https://fhtverdbtmwjvgxlkmkz.supabase.co/rest/v1/execution_logs "HTTP/2 201 Created"
2026-07-26 00:52:55,852 - INFO - HTTP Request: POST https://fhtverdbtmwjvgxlkmkz.supabase.co/rest/v1/execution_logs "HTTP/2 201 Created"
2026-07-26 00:53:34,879 - INFO - HTTP Request: POST https://fhtverdbtmwjvgxlkmkz.supabase.co/rest/v1/execution_logs "HTTP/2 201 Created"
2026-07-26 00:54:13,475 - INFO - HTTP Request: POST https://fhtverdbtmwjvgxlkmkz.supabase.co/rest/v1/execution_logs "HTTP/2 201 Created"
2026-07-26 00:54:52,057 - INFO - HTTP Request: POST https://fhtverdbtmwjvgxlkmkz.supabase.co/rest/v1/execution_logs "HTTP/2 201 Created"
2026-07-26 00:55:30,830 - INFO - HTTP Request: POST https://fhtverdbtmwjvgxlkmkz.supabase.co/rest/v1/execution_logs "HTTP/2 201 Created"
2026-07-26 00:56:09,351 - INFO - HTTP Request: POST https://fhtverdbtmwjvgxlkmkz.supabase.co/rest/v1/execution_logs "HTTP/2 201 Created"
2026-07-26 00:56:48,038 - INFO - HTTP Request: POST https://fhtverdbtmwjvgxlkmkz.supabase.co/rest/v1/execution_logs "HTTP/2 201 Created"
2026-07-26 00:57:26,986 - INFO - HTTP Request: POST https://fhtverdbtmwjvgxlkmkz.supabase.co/rest/v1/execution_logs "HTTP/2 201 Created"
2026-07-26 00:58:05,842 - INFO - HTTP Request: POST https://fhtverdbtmwjvgxlkmkz.supabase.co/rest/v1/execution_logs "HTTP/2 201 Created"
2026-07-26 00:58:44,444 - INFO - HTTP Request: POST https://fhtverdbtmwjvgxlkmkz.supabase.co/rest/v1/execution_logs "HTTP/2 201 Created"
2026-07-26 00:59:23,240 - INFO - HTTP Request: POST https://fhtverdbtmwjvgxlkmkz.supabase.co/rest/v1/execution_logs "HTTP/2 201 Created"
2026-07-26 01:00:02,104 - INFO - HTTP Request: POST https://fhtverdbtmwjvgxlkmkz.supabase.co/rest/v1/execution_logs "HTTP/2 201 Created"
2026-07-26 01:00:40,679 - INFO - HTTP Request: POST https://fhtverdbtmwjvgxlkmkz.supabase.co/rest/v1/execution_logs "HTTP/2 201 Created"
2026-07-26 01:01:19,451 - INFO - HTTP Request: POST https://fhtverdbtmwjvgxlkmkz.supabase.co/rest/v1/execution_logs "HTTP/2 201 Created"
2026-07-26 01:01:58,253 - INFO - HTTP Request: POST https://fhtverdbtmwjvgxlkmkz.supabase.co/rest/v1/execution_logs "HTTP/2 201 Created"
2026-07-26 01:02:36,893 - INFO - HTTP Request: POST https://fhtverdbtmwjvgxlkmkz.supabase.co/rest/v1/execution_logs "HTTP/2 201 Created"
2026-07-26 01:03:15,798 - INFO - HTTP Request: POST https://fhtverdbtmwjvgxlkmkz.supabase.co/rest/v1/execution_logs "HTTP/2 201 Created"
2026-07-26 01:03:54,627 - INFO - HTTP Request: POST https://fhtverdbtmwjvgxlkmkz.supabase.co/rest/v1/execution_logs "HTTP/2 201 Created"
2026-07-26 01:04:33,313 - INFO - HTTP Request: POST https://fhtverdbtmwjvgxlkmkz.supabase.co/rest/v1/execution_logs "HTTP/2 201 Created"
2026-07-26 01:05:12,182 - INFO - HTTP Request: POST https://fhtverdbtmwjvgxlkmkz.supabase.co/rest/v1/execution_logs "HTTP/2 201 Created"
2026-07-26 01:05:50,993 - INFO - HTTP Request: POST https://fhtverdbtmwjvgxlkmkz.supabase.co/rest/v1/execution_logs "HTTP/2 201 Created"
2026-07-26 01:06:29,833 - INFO - HTTP Request: POST https://fhtverdbtmwjvgxlkmkz.supabase.co/rest/v1/execution_logs "HTTP/2 201 Created"
2026-07-26 01:07:08,539 - INFO - HTTP Request: POST https://fhtverdbtmwjvgxlkmkz.supabase.co/rest/v1/execution_logs "HTTP/2 201 Created"
2026-07-26 01:07:47,114 - INFO - HTTP Request: POST https://fhtverdbtmwjvgxlkmkz.supabase.co/rest/v1/execution_logs "HTTP/2 201 Created"
2026-07-26 01:08:25,848 - INFO - HTTP Request: POST https://fhtverdbtmwjvgxlkmkz.supabase.co/rest/v1/execution_logs "HTTP/2 201 Created"
2026-07-26 01:09:04,718 - INFO - HTTP Request: POST https://fhtverdbtmwjvgxlkmkz.supabase.co/rest/v1/execution_logs "HTTP/2 201 Created"
2026-07-26 01:09:43,400 - INFO - HTTP Request: POST https://fhtverdbtmwjvgxlkmkz.supabase.co/rest/v1/execution_logs "HTTP/2 201 Created"
2026-07-26 01:10:22,080 - INFO - HTTP Request: POST https://fhtverdbtmwjvgxlkmkz.supabase.co/rest/v1/execution_logs "HTTP/2 201 Created"
2026-07-26 01:11:01,183 - INFO - HTTP Request: POST https://fhtverdbtmwjvgxlkmkz.supabase.co/rest/v1/execution_logs "HTTP/2 201 Created"
2026-07-26 01:11:40,096 - INFO - HTTP Request: POST https://fhtverdbtmwjvgxlkmkz.supabase.co/rest/v1/execution_logs "HTTP/2 201 Created"
2026-07-26 01:12:18,865 - INFO - HTTP Request: POST https://fhtverdbtmwjvgxlkmkz.supabase.co/rest/v1/execution_logs "HTTP/2 201 Created"
2026-07-26 01:12:57,437 - INFO - HTTP Request: POST https://fhtverdbtmwjvgxlkmkz.supabase.co/rest/v1/execution_logs "HTTP/2 201 Created"
2026-07-26 01:13:36,058 - INFO - HTTP Request: POST https://fhtverdbtmwjvgxlkmkz.supabase.co/rest/v1/execution_logs "HTTP/2 201 Created"
2026-07-26 01:14:14,705 - INFO - HTTP Request: POST https://fhtverdbtmwjvgxlkmkz.supabase.co/rest/v1/execution_logs "HTTP/2 201 Created"
2026-07-26 01:14:53,472 - INFO - HTTP Request: POST https://fhtverdbtmwjvgxlkmkz.supabase.co/rest/v1/execution_logs "HTTP/2 201 Created"
2026-07-26 01:15:32,450 - INFO - HTTP Request: POST https://fhtverdbtmwjvgxlkmkz.supabase.co/rest/v1/execution_logs "HTTP/2 201 Created"
2026-07-26 01:16:10,986 - INFO - HTTP Request: POST https://fhtverdbtmwjvgxlkmkz.supabase.co/rest/v1/execution_logs "HTTP/2 201 Created"
2026-07-26 01:16:49,840 - INFO - HTTP Request: POST https://fhtverdbtmwjvgxlkmkz.supabase.co/rest/v1/execution_logs "HTTP/2 201 Created"
2026-07-26 01:17:28,654 - INFO - HTTP Request: POST https://fhtverdbtmwjvgxlkmkz.supabase.co/rest/v1/execution_logs "HTTP/2 201 Created"
2026-07-26 01:18:07,325 - INFO - HTTP Request: POST https://fhtverdbtmwjvgxlkmkz.supabase.co/rest/v1/execution_logs "HTTP/2 201 Created"
2026-07-26 01:18:46,075 - INFO - HTTP Request: POST https://fhtverdbtmwjvgxlkmkz.supabase.co/rest/v1/execution_logs "HTTP/2 201 Created"
2026-07-26 01:19:24,991 - INFO - HTTP Request: POST https://fhtverdbtmwjvgxlkmkz.supabase.co/rest/v1/execution_logs "HTTP/2 201 Created"
2026-07-26 01:20:03,779 - INFO - HTTP Request: POST https://fhtverdbtmwjvgxlkmkz.supabase.co/rest/v1/execution_logs "HTTP/2 201 Created"
2026-07-26 01:20:42,476 - INFO - HTTP Request: POST https://fhtverdbtmwjvgxlkmkz.supabase.co/rest/v1/execution_logs "HTTP/2 201 Created"
2026-07-26 01:21:21,083 - INFO - HTTP Request: POST https://fhtverdbtmwjvgxlkmkz.supabase.co/rest/v1/execution_logs "HTTP/2 201 Created"
2026-07-26 01:22:00,009 - INFO - HTTP Request: POST https://fhtverdbtmwjvgxlkmkz.supabase.co/rest/v1/execution_logs "HTTP/2 201 Created"
2026-07-26 01:22:38,602 - INFO - HTTP Request: POST https://fhtverdbtmwjvgxlkmkz.supabase.co/rest/v1/execution_logs "HTTP/2 201 Created"
2026-07-26 01:23:17,211 - INFO - HTTP Request: POST https://fhtverdbtmwjvgxlkmkz.supabase.co/rest/v1/execution_logs "HTTP/2 201 Created"
2026-07-26 01:23:55,987 - INFO - HTTP Request: POST https://fhtverdbtmwjvgxlkmkz.supabase.co/rest/v1/execution_logs "HTTP/2 201 Created"
2026-07-26 01:24:34,887 - INFO - HTTP Request: POST https://fhtverdbtmwjvgxlkmkz.supabase.co/rest/v1/execution_logs "HTTP/2 201 Created"
2026-07-26 01:25:13,605 - INFO - HTTP Request: POST https://fhtverdbtmwjvgxlkmkz.supabase.co/rest/v1/execution_logs "HTTP/2 201 Created"
2026-07-26 01:25:52,217 - INFO - HTTP Request: POST https://fhtverdbtmwjvgxlkmkz.supabase.co/rest/v1/execution_logs "HTTP/2 201 Created"
2026-07-26 01:26:31,087 - INFO - HTTP Request: POST https://fhtverdbtmwjvgxlkmkz.supabase.co/rest/v1/execution_logs "HTTP/2 201 Created"
2026-07-26 01:27:09,726 - INFO - HTTP Request: POST https://fhtverdbtmwjvgxlkmkz.supabase.co/rest/v1/execution_logs "HTTP/2 201 Created"
2026-07-26 01:27:48,444 - INFO - HTTP Request: POST https://fhtverdbtmwjvgxlkmkz.supabase.co/rest/v1/execution_logs "HTTP/2 201 Created"
2026-07-26 01:28:27,184 - INFO - HTTP Request: POST https://fhtverdbtmwjvgxlkmkz.supabase.co/rest/v1/execution_logs "HTTP/2 201 Created"
2026-07-26 01:29:05,797 - INFO - HTTP Request: POST https://fhtverdbtmwjvgxlkmkz.supabase.co/rest/v1/execution_logs "HTTP/2 201 Created"
2026-07-26 01:29:44,430 - INFO - HTTP Request: POST https://fhtverdbtmwjvgxlkmkz.supabase.co/rest/v1/execution_logs "HTTP/2 201 Created"
2026-07-26 01:30:23,267 - INFO - HTTP Request: POST https://fhtverdbtmwjvgxlkmkz.supabase.co/rest/v1/execution_logs "HTTP/2 201 Created"
2026-07-26 01:31:01,857 - INFO - HTTP Request: POST https://fhtverdbtmwjvgxlkmkz.supabase.co/rest/v1/execution_logs "HTTP/2 201 Created"
2026-07-26 01:31:40,592 - INFO - HTTP Request: POST https://fhtverdbtmwjvgxlkmkz.supabase.co/rest/v1/execution_logs "HTTP/2 201 Created"
2026-07-26 01:32:19,528 - INFO - HTTP Request: POST https://fhtverdbtmwjvgxlkmkz.supabase.co/rest/v1/execution_logs "HTTP/2 201 Created"
2026-07-26 01:32:58,341 - INFO - HTTP Request: POST https://fhtverdbtmwjvgxlkmkz.supabase.co/rest/v1/execution_logs "HTTP/2 201 Created"
2026-07-26 01:33:36,893 - INFO - HTTP Request: POST https://fhtverdbtmwjvgxlkmkz.supabase.co/rest/v1/execution_logs "HTTP/2 201 Created"
2026-07-26 01:34:15,426 - INFO - HTTP Request: POST https://fhtverdbtmwjvgxlkmkz.supabase.co/rest/v1/execution_logs "HTTP/2 201 Created"
2026-07-26 01:34:54,447 - INFO - HTTP Request: POST https://fhtverdbtmwjvgxlkmkz.supabase.co/rest/v1/execution_logs "HTTP/2 201 Created"
2026-07-26 01:35:33,017 - INFO - HTTP Request: POST https://fhtverdbtmwjvgxlkmkz.supabase.co/rest/v1/execution_logs "HTTP/2 201 Created"
2026-07-26 01:36:11,797 - INFO - HTTP Request: POST https://fhtverdbtmwjvgxlkmkz.supabase.co/rest/v1/execution_logs "HTTP/2 201 Created"
2026-07-26 01:36:50,414 - INFO - HTTP Request: POST https://fhtverdbtmwjvgxlkmkz.supabase.co/rest/v1/execution_logs "HTTP/2 201 Created"
2026-07-26 01:37:29,247 - INFO - HTTP Request: POST https://fhtverdbtmwjvgxlkmkz.supabase.co/rest/v1/execution_logs "HTTP/2 201 Created"
2026-07-26 01:38:08,192 - INFO - HTTP Request: POST https://fhtverdbtmwjvgxlkmkz.supabase.co/rest/v1/execution_logs "HTTP/2 201 Created"
2026-07-26 01:38:46,814 - INFO - HTTP Request: POST https://fhtverdbtmwjvgxlkmkz.supabase.co/rest/v1/execution_logs "HTTP/2 201 Created"
2026-07-26 01:39:25,751 - INFO - HTTP Request: POST https://fhtverdbtmwjvgxlkmkz.supabase.co/rest/v1/execution_logs "HTTP/2 201 Created"
2026-07-26 01:40:04,473 - INFO - HTTP Request: POST https://fhtverdbtmwjvgxlkmkz.supabase.co/rest/v1/execution_logs "HTTP/2 201 Created"
2026-07-26 01:40:43,055 - INFO - HTTP Request: POST https://fhtverdbtmwjvgxlkmkz.supabase.co/rest/v1/execution_logs "HTTP/2 201 Created"
2026-07-26 01:41:21,622 - INFO - HTTP Request: POST https://fhtverdbtmwjvgxlkmkz.supabase.co/rest/v1/execution_logs "HTTP/2 201 Created"
2026-07-26 01:42:00,390 - INFO - HTTP Request: POST https://fhtverdbtmwjvgxlkmkz.supabase.co/rest/v1/execution_logs "HTTP/2 201 Created"
2026-07-26 01:42:38,952 - INFO - HTTP Request: POST https://fhtverdbtmwjvgxlkmkz.supabase.co/rest/v1/execution_logs "HTTP/2 201 Created"
2026-07-26 01:43:17,702 - INFO - HTTP Request: POST https://fhtverdbtmwjvgxlkmkz.supabase.co/rest/v1/execution_logs "HTTP/2 201 Created"
2026-07-26 01:43:56,399 - INFO - HTTP Request: POST https://fhtverdbtmwjvgxlkmkz.supabase.co/rest/v1/execution_logs "HTTP/2 201 Created"
2026-07-26 01:44:35,164 - INFO - HTTP Request: POST https://fhtverdbtmwjvgxlkmkz.supabase.co/rest/v1/execution_logs "HTTP/2 201 Created"
2026-07-26 01:45:13,855 - INFO - HTTP Request: POST https://fhtverdbtmwjvgxlkmkz.supabase.co/rest/v1/execution_logs "HTTP/2 201 Created"
2026-07-26 01:45:52,584 - INFO - HTTP Request: POST https://fhtverdbtmwjvgxlkmkz.supabase.co/rest/v1/execution_logs "HTTP/2 201 Created"
2026-07-26 01:46:31,374 - INFO - HTTP Request: POST https://fhtverdbtmwjvgxlkmkz.supabase.co/rest/v1/execution_logs "HTTP/2 201 Created"
2026-07-26 01:47:10,343 - INFO - HTTP Request: POST https://fhtverdbtmwjvgxlkmkz.supabase.co/rest/v1/execution_logs "HTTP/2 201 Created"
2026-07-26 01:47:49,055 - INFO - HTTP Request: POST https://fhtverdbtmwjvgxlkmkz.supabase.co/rest/v1/execution_logs "HTTP/2 201 Created"
2026-07-26 01:48:27,861 - INFO - HTTP Request: POST https://fhtverdbtmwjvgxlkmkz.supabase.co/rest/v1/execution_logs "HTTP/2 201 Created"
2026-07-26 01:49:06,582 - INFO - HTTP Request: POST https://fhtverdbtmwjvgxlkmkz.supabase.co/rest/v1/execution_logs "HTTP/2 201 Created"
2026-07-26 01:49:45,321 - INFO - HTTP Request: POST https://fhtverdbtmwjvgxlkmkz.supabase.co/rest/v1/execution_logs "HTTP/2 201 Created"
2026-07-26 01:50:23,863 - INFO - HTTP Request: POST https://fhtverdbtmwjvgxlkmkz.supabase.co/rest/v1/execution_logs "HTTP/2 201 Created"
2026-07-26 01:51:02,411 - INFO - HTTP Request: POST https://fhtverdbtmwjvgxlkmkz.supabase.co/rest/v1/execution_logs "HTTP/2 201 Created"
2026-07-26 01:51:41,141 - INFO - HTTP Request: POST https://fhtverdbtmwjvgxlkmkz.supabase.co/rest/v1/execution_logs "HTTP/2 201 Created"
2026-07-26 01:52:19,731 - INFO - HTTP Request: POST https://fhtverdbtmwjvgxlkmkz.supabase.co/rest/v1/execution_logs "HTTP/2 201 Created"
2026-07-26 01:52:58,457 - INFO - HTTP Request: POST https://fhtverdbtmwjvgxlkmkz.supabase.co/rest/v1/execution_logs "HTTP/2 201 Created"
2026-07-26 01:53:37,356 - INFO - HTTP Request: POST https://fhtverdbtmwjvgxlkmkz.supabase.co/rest/v1/execution_logs "HTTP/2 201 Created"
2026-07-26 01:54:15,980 - INFO - HTTP Request: POST https://fhtverdbtmwjvgxlkmkz.supabase.co/rest/v1/execution_logs "HTTP/2 201 Created"
2026-07-26 01:54:54,686 - INFO - HTTP Request: POST https://fhtverdbtmwjvgxlkmkz.supabase.co/rest/v1/execution_logs "HTTP/2 201 Created"
2026-07-26 01:55:33,394 - INFO - HTTP Request: POST https://fhtverdbtmwjvgxlkmkz.supabase.co/rest/v1/execution_logs "HTTP/2 201 Created"
2026-07-26 01:56:12,285 - INFO - HTTP Request: POST https://fhtverdbtmwjvgxlkmkz.supabase.co/rest/v1/execution_logs "HTTP/2 201 Created"
2026-07-26 01:56:50,950 - INFO - HTTP Request: POST https://fhtverdbtmwjvgxlkmkz.supabase.co/rest/v1/execution_logs "HTTP/2 201 Created"
2026-07-26 01:57:29,702 - INFO - HTTP Request: POST https://fhtverdbtmwjvgxlkmkz.supabase.co/rest/v1/execution_logs "HTTP/2 201 Created"
2026-07-26 01:58:08,488 - INFO - HTTP Request: POST https://fhtverdbtmwjvgxlkmkz.supabase.co/rest/v1/execution_logs "HTTP/2 201 Created"
2026-07-26 01:58:47,086 - INFO - HTTP Request: POST https://fhtverdbtmwjvgxlkmkz.supabase.co/rest/v1/execution_logs "HTTP/2 201 Created"
2026-07-26 01:59:25,775 - INFO - HTTP Request: POST https://fhtverdbtmwjvgxlkmkz.supabase.co/rest/v1/execution_logs "HTTP/2 201 Created"
2026-07-26 02:00:04,547 - INFO - HTTP Request: POST https://fhtverdbtmwjvgxlkmkz.supabase.co/rest/v1/execution_logs "HTTP/2 201 Created"
2026-07-26 02:00:43,090 - INFO - HTTP Request: POST https://fhtverdbtmwjvgxlkmkz.supabase.co/rest/v1/execution_logs "HTTP/2 201 Created"
2026-07-26 02:01:21,843 - INFO - HTTP Request: POST https://fhtverdbtmwjvgxlkmkz.supabase.co/rest/v1/execution_logs "HTTP/2 201 Created"
2026-07-26 02:02:00,609 - INFO - HTTP Request: POST https://fhtverdbtmwjvgxlkmkz.supabase.co/rest/v1/execution_logs "HTTP/2 201 Created"
2026-07-26 02:02:39,463 - INFO - HTTP Request: POST https://fhtverdbtmwjvgxlkmkz.supabase.co/rest/v1/execution_logs "HTTP/2 201 Created"
2026-07-26 02:03:18,014 - INFO - HTTP Request: POST https://fhtverdbtmwjvgxlkmkz.supabase.co/rest/v1/execution_logs "HTTP/2 201 Created"
2026-07-26 02:03:56,555 - INFO - HTTP Request: POST https://fhtverdbtmwjvgxlkmkz.supabase.co/rest/v1/execution_logs "HTTP/2 201 Created"
2026-07-26 02:04:35,481 - INFO - HTTP Request: POST https://fhtverdbtmwjvgxlkmkz.supabase.co/rest/v1/execution_logs "HTTP/2 201 Created"
2026-07-26 02:05:14,229 - INFO - HTTP Request: POST https://fhtverdbtmwjvgxlkmkz.supabase.co/rest/v1/execution_logs "HTTP/2 201 Created"
2026-07-26 02:05:52,976 - INFO - HTTP Request: POST https://fhtverdbtmwjvgxlkmkz.supabase.co/rest/v1/execution_logs "HTTP/2 201 Created"
2026-07-26 02:06:31,542 - INFO - HTTP Request: POST https://fhtverdbtmwjvgxlkmkz.supabase.co/rest/v1/execution_logs "HTTP/2 201 Created"
2026-07-26 02:07:10,124 - INFO - HTTP Request: POST https://fhtverdbtmwjvgxlkmkz.supabase.co/rest/v1/execution_logs "HTTP/2 201 Created"
2026-07-26 02:07:48,630 - INFO - HTTP Request: POST https://fhtverdbtmwjvgxlkmkz.supabase.co/rest/v1/execution_logs "HTTP/2 201 Created"
2026-07-26 02:08:27,475 - INFO - HTTP Request: POST https://fhtverdbtmwjvgxlkmkz.supabase.co/rest/v1/execution_logs "HTTP/2 201 Created"
2026-07-26 02:09:06,044 - INFO - HTTP Request: POST https://fhtverdbtmwjvgxlkmkz.supabase.co/rest/v1/execution_logs "HTTP/2 201 Created"
2026-07-26 02:09:44,685 - INFO - HTTP Request: POST https://fhtverdbtmwjvgxlkmkz.supabase.co/rest/v1/execution_logs "HTTP/2 201 Created"
2026-07-26 02:10:23,455 - INFO - HTTP Request: POST https://fhtverdbtmwjvgxlkmkz.supabase.co/rest/v1/execution_logs "HTTP/2 201 Created"
2026-07-26 02:11:02,062 - INFO - HTTP Request: POST https://fhtverdbtmwjvgxlkmkz.supabase.co/rest/v1/execution_logs "HTTP/2 201 Created"
2026-07-26 02:11:40,643 - INFO - HTTP Request: POST https://fhtverdbtmwjvgxlkmkz.supabase.co/rest/v1/execution_logs "HTTP/2 201 Created"
2026-07-26 02:12:19,307 - INFO - HTTP Request: POST https://fhtverdbtmwjvgxlkmkz.supabase.co/rest/v1/execution_logs "HTTP/2 201 Created"
2026-07-26 02:12:57,858 - INFO - HTTP Request: POST https://fhtverdbtmwjvgxlkmkz.supabase.co/rest/v1/execution_logs "HTTP/2 201 Created"
2026-07-26 02:13:36,657 - INFO - HTTP Request: POST https://fhtverdbtmwjvgxlkmkz.supabase.co/rest/v1/execution_logs "HTTP/2 201 Created"
2026-07-26 02:14:15,206 - INFO - HTTP Request: POST https://fhtverdbtmwjvgxlkmkz.supabase.co/rest/v1/execution_logs "HTTP/2 201 Created"
2026-07-26 02:14:54,188 - INFO - HTTP Request: POST https://fhtverdbtmwjvgxlkmkz.supabase.co/rest/v1/execution_logs "HTTP/2 201 Created"
2026-07-26 02:15:32,747 - INFO - HTTP Request: POST https://fhtverdbtmwjvgxlkmkz.supabase.co/rest/v1/execution_logs "HTTP/2 201 Created"
2026-07-26 02:16:11,378 - INFO - HTTP Request: POST https://fhtverdbtmwjvgxlkmkz.supabase.co/rest/v1/execution_logs "HTTP/2 201 Created"
2026-07-26 02:16:50,172 - INFO - HTTP Request: POST https://fhtverdbtmwjvgxlkmkz.supabase.co/rest/v1/execution_logs "HTTP/2 201 Created"
2026-07-26 02:17:29,130 - INFO - HTTP Request: POST https://fhtverdbtmwjvgxlkmkz.supabase.co/rest/v1/execution_logs "HTTP/2 201 Created"
2026-07-26 02:18:07,859 - INFO - HTTP Request: POST https://fhtverdbtmwjvgxlkmkz.supabase.co/rest/v1/execution_logs "HTTP/2 201 Created"
2026-07-26 02:18:46,371 - INFO - HTTP Request: POST https://fhtverdbtmwjvgxlkmkz.supabase.co/rest/v1/execution_logs "HTTP/2 201 Created"
2026-07-26 02:19:25,131 - INFO - HTTP Request: POST https://fhtverdbtmwjvgxlkmkz.supabase.co/rest/v1/execution_logs "HTTP/2 201 Created"
2026-07-26 02:20:03,958 - INFO - HTTP Request: POST https://fhtverdbtmwjvgxlkmkz.supabase.co/rest/v1/execution_logs "HTTP/2 201 Created"
2026-07-26 02:20:42,495 - INFO - HTTP Request: POST https://fhtverdbtmwjvgxlkmkz.supabase.co/rest/v1/execution_logs "HTTP/2 201 Created"
2026-07-26 02:21:21,374 - INFO - HTTP Request: POST https://fhtverdbtmwjvgxlkmkz.supabase.co/rest/v1/execution_logs "HTTP/2 201 Created"
2026-07-26 02:21:59,902 - INFO - HTTP Request: POST https://fhtverdbtmwjvgxlkmkz.supabase.co/rest/v1/execution_logs "HTTP/2 201 Created"
2026-07-26 02:22:38,476 - INFO - HTTP Request: POST https://fhtverdbtmwjvgxlkmkz.supabase.co/rest/v1/execution_logs "HTTP/2 201 Created"
2026-07-26 02:23:17,056 - INFO - HTTP Request: POST https://fhtverdbtmwjvgxlkmkz.supabase.co/rest/v1/execution_logs "HTTP/2 201 Created"
2026-07-26 02:23:55,887 - INFO - HTTP Request: POST https://fhtverdbtmwjvgxlkmkz.supabase.co/rest/v1/execution_logs "HTTP/2 201 Created"
2026-07-26 02:24:34,600 - INFO - HTTP Request: POST https://fhtverdbtmwjvgxlkmkz.supabase.co/rest/v1/execution_logs "HTTP/2 201 Created"
2026-07-26 02:25:13,333 - INFO - HTTP Request: POST https://fhtverdbtmwjvgxlkmkz.supabase.co/rest/v1/execution_logs "HTTP/2 201 Created"
2026-07-26 02:25:51,888 - INFO - HTTP Request: POST https://fhtverdbtmwjvgxlkmkz.supabase.co/rest/v1/execution_logs "HTTP/2 201 Created"
2026-07-26 02:26:30,645 - INFO - HTTP Request: POST https://fhtverdbtmwjvgxlkmkz.supabase.co/rest/v1/execution_logs "HTTP/2 201 Created"
2026-07-26 02:27:09,178 - INFO - HTTP Request: POST https://fhtverdbtmwjvgxlkmkz.supabase.co/rest/v1/execution_logs "HTTP/2 201 Created"
2026-07-26 02:27:47,797 - INFO - HTTP Request: POST https://fhtverdbtmwjvgxlkmkz.supabase.co/rest/v1/execution_logs "HTTP/2 201 Created"
2026-07-26 02:28:26,661 - INFO - HTTP Request: POST https://fhtverdbtmwjvgxlkmkz.supabase.co/rest/v1/execution_logs "HTTP/2 201 Created"
2026-07-26 02:29:05,367 - INFO - HTTP Request: POST https://fhtverdbtmwjvgxlkmkz.supabase.co/rest/v1/execution_logs "HTTP/2 201 Created"
2026-07-26 02:29:43,901 - INFO - HTTP Request: POST https://fhtverdbtmwjvgxlkmkz.supabase.co/rest/v1/execution_logs "HTTP/2 201 Created"
2026-07-26 02:30:22,651 - INFO - HTTP Request: POST https://fhtverdbtmwjvgxlkmkz.supabase.co/rest/v1/execution_logs "HTTP/2 201 Created"
2026-07-26 02:31:01,358 - INFO - HTTP Request: POST https://fhtverdbtmwjvgxlkmkz.supabase.co/rest/v1/execution_logs "HTTP/2 201 Created"
2026-07-26 02:31:39,897 - INFO - HTTP Request: POST https://fhtverdbtmwjvgxlkmkz.supabase.co/rest/v1/execution_logs "HTTP/2 201 Created"
2026-07-26 02:32:18,628 - INFO - HTTP Request: POST https://fhtverdbtmwjvgxlkmkz.supabase.co/rest/v1/execution_logs "HTTP/2 201 Created"
2026-07-26 02:32:57,235 - INFO - HTTP Request: POST https://fhtverdbtmwjvgxlkmkz.supabase.co/rest/v1/execution_logs "HTTP/2 201 Created"
2026-07-26 02:33:36,009 - INFO - HTTP Request: POST https://fhtverdbtmwjvgxlkmkz.supabase.co/rest/v1/execution_logs "HTTP/2 201 Created"
2026-07-26 02:34:14,802 - INFO - HTTP Request: POST https://fhtverdbtmwjvgxlkmkz.supabase.co/rest/v1/execution_logs "HTTP/2 201 Created"
2026-07-26 02:34:53,310 - INFO - HTTP Request: POST https://fhtverdbtmwjvgxlkmkz.supabase.co/rest/v1/execution_logs "HTTP/2 201 Created"
2026-07-26 02:35:31,819 - INFO - HTTP Request: POST https://fhtverdbtmwjvgxlkmkz.supabase.co/rest/v1/execution_logs "HTTP/2 201 Created"
2026-07-26 02:36:10,581 - INFO - HTTP Request: POST https://fhtverdbtmwjvgxlkmkz.supabase.co/rest/v1/execution_logs "HTTP/2 201 Created"
2026-07-26 02:36:49,349 - INFO - HTTP Request: POST https://fhtverdbtmwjvgxlkmkz.supabase.co/rest/v1/execution_logs "HTTP/2 201 Created"
2026-07-26 02:37:27,887 - INFO - HTTP Request: POST https://fhtverdbtmwjvgxlkmkz.supabase.co/rest/v1/execution_logs "HTTP/2 201 Created"
2026-07-26 02:38:06,479 - INFO - HTTP Request: POST https://fhtverdbtmwjvgxlkmkz.supabase.co/rest/v1/execution_logs "HTTP/2 201 Created"
2026-07-26 02:38:44,988 - INFO - HTTP Request: POST https://fhtverdbtmwjvgxlkmkz.supabase.co/rest/v1/execution_logs "HTTP/2 201 Created"
2026-07-26 02:39:23,833 - INFO - HTTP Request: POST https://fhtverdbtmwjvgxlkmkz.supabase.co/rest/v1/execution_logs "HTTP/2 201 Created"
2026-07-26 02:40:02,555 - INFO - HTTP Request: POST https://fhtverdbtmwjvgxlkmkz.supabase.co/rest/v1/execution_logs "HTTP/2 201 Created"
2026-07-26 02:40:41,128 - INFO - HTTP Request: POST https://fhtverdbtmwjvgxlkmkz.supabase.co/rest/v1/execution_logs "HTTP/2 201 Created"
2026-07-26 02:41:19,832 - INFO - HTTP Request: POST https://fhtverdbtmwjvgxlkmkz.supabase.co/rest/v1/execution_logs "HTTP/2 201 Created"
2026-07-26 02:41:58,739 - INFO - HTTP Request: POST https://fhtverdbtmwjvgxlkmkz.supabase.co/rest/v1/execution_logs "HTTP/2 201 Created"
2026-07-26 02:42:37,302 - INFO - HTTP Request: POST https://fhtverdbtmwjvgxlkmkz.supabase.co/rest/v1/execution_logs "HTTP/2 201 Created"
2026-07-26 02:43:15,832 - INFO - HTTP Request: POST https://fhtverdbtmwjvgxlkmkz.supabase.co/rest/v1/execution_logs "HTTP/2 201 Created"
2026-07-26 02:43:54,650 - INFO - HTTP Request: POST https://fhtverdbtmwjvgxlkmkz.supabase.co/rest/v1/execution_logs "HTTP/2 201 Created"
2026-07-26 02:44:33,224 - INFO - HTTP Request: POST https://fhtverdbtmwjvgxlkmkz.supabase.co/rest/v1/execution_logs "HTTP/2 201 Created"
2026-07-26 02:45:12,023 - INFO - HTTP Request: POST https://fhtverdbtmwjvgxlkmkz.supabase.co/rest/v1/execution_logs "HTTP/2 201 Created"
2026-07-26 02:45:50,637 - INFO - HTTP Request: POST https://fhtverdbtmwjvgxlkmkz.supabase.co/rest/v1/execution_logs "HTTP/2 201 Created"
2026-07-26 02:46:29,232 - INFO - HTTP Request: POST https://fhtverdbtmwjvgxlkmkz.supabase.co/rest/v1/execution_logs "HTTP/2 201 Created"
2026-07-26 02:47:07,881 - INFO - HTTP Request: POST https://fhtverdbtmwjvgxlkmkz.supabase.co/rest/v1/execution_logs "HTTP/2 201 Created"
2026-07-26 02:47:46,727 - INFO - HTTP Request: POST https://fhtverdbtmwjvgxlkmkz.supabase.co/rest/v1/execution_logs "HTTP/2 201 Created"
2026-07-26 02:48:25,379 - INFO - HTTP Request: POST https://fhtverdbtmwjvgxlkmkz.supabase.co/rest/v1/execution_logs "HTTP/2 201 Created"
2026-07-26 02:49:03,865 - INFO - HTTP Request: POST https://fhtverdbtmwjvgxlkmkz.supabase.co/rest/v1/execution_logs "HTTP/2 201 Created"
2026-07-26 02:49:42,532 - INFO - HTTP Request: POST https://fhtverdbtmwjvgxlkmkz.supabase.co/rest/v1/execution_logs "HTTP/2 201 Created"
2026-07-26 02:50:21,260 - INFO - HTTP Request: POST https://fhtverdbtmwjvgxlkmkz.supabase.co/rest/v1/execution_logs "HTTP/2 201 Created"
2026-07-26 02:51:00,205 - INFO - HTTP Request: POST https://fhtverdbtmwjvgxlkmkz.supabase.co/rest/v1/execution_logs "HTTP/2 201 Created"
2026-07-26 02:51:38,905 - INFO - HTTP Request: POST https://fhtverdbtmwjvgxlkmkz.supabase.co/rest/v1/execution_logs "HTTP/2 201 Created"
2026-07-26 02:52:17,558 - INFO - HTTP Request: POST https://fhtverdbtmwjvgxlkmkz.supabase.co/rest/v1/execution_logs "HTTP/2 201 Created"
2026-07-26 02:52:56,121 - INFO - HTTP Request: POST https://fhtverdbtmwjvgxlkmkz.supabase.co/rest/v1/execution_logs "HTTP/2 201 Created"
2026-07-26 02:53:34,877 - INFO - HTTP Request: POST https://fhtverdbtmwjvgxlkmkz.supabase.co/rest/v1/execution_logs "HTTP/2 201 Created"
2026-07-26 02:54:13,501 - INFO - HTTP Request: POST https://fhtverdbtmwjvgxlkmkz.supabase.co/rest/v1/execution_logs "HTTP/2 201 Created"
2026-07-26 02:54:52,051 - INFO - HTTP Request: POST https://fhtverdbtmwjvgxlkmkz.supabase.co/rest/v1/execution_logs "HTTP/2 201 Created"
2026-07-26 02:55:30,571 - INFO - HTTP Request: POST https://fhtverdbtmwjvgxlkmkz.supabase.co/rest/v1/execution_logs "HTTP/2 201 Created"
2026-07-26 02:56:09,181 - INFO - HTTP Request: POST https://fhtverdbtmwjvgxlkmkz.supabase.co/rest/v1/execution_logs "HTTP/2 201 Created"
2026-07-26 02:56:47,736 - INFO - HTTP Request: POST https://fhtverdbtmwjvgxlkmkz.supabase.co/rest/v1/execution_logs "HTTP/2 201 Created"
2026-07-26 02:57:26,515 - INFO - HTTP Request: POST https://fhtverdbtmwjvgxlkmkz.supabase.co/rest/v1/execution_logs "HTTP/2 201 Created"
2026-07-26 02:58:05,139 - INFO - HTTP Request: POST https://fhtverdbtmwjvgxlkmkz.supabase.co/rest/v1/execution_logs "HTTP/2 201 Created"
2026-07-26 02:58:43,756 - INFO - HTTP Request: POST https://fhtverdbtmwjvgxlkmkz.supabase.co/rest/v1/execution_logs "HTTP/2 201 Created"
2026-07-26 02:59:22,502 - INFO - HTTP Request: POST https://fhtverdbtmwjvgxlkmkz.supabase.co/rest/v1/execution_logs "HTTP/2 201 Created"
2026-07-26 03:00:01,132 - INFO - HTTP Request: POST https://fhtverdbtmwjvgxlkmkz.supabase.co/rest/v1/execution_logs "HTTP/2 201 Created"
2026-07-26 03:00:39,928 - INFO - HTTP Request: POST https://fhtverdbtmwjvgxlkmkz.supabase.co/rest/v1/execution_logs "HTTP/2 201 Created"
2026-07-26 03:01:18,527 - INFO - HTTP Request: POST https://fhtverdbtmwjvgxlkmkz.supabase.co/rest/v1/execution_logs "HTTP/2 201 Created"
2026-07-26 03:01:57,275 - INFO - HTTP Request: POST https://fhtverdbtmwjvgxlkmkz.supabase.co/rest/v1/execution_logs "HTTP/2 201 Created"
2026-07-26 03:02:35,864 - INFO - HTTP Request: POST https://fhtverdbtmwjvgxlkmkz.supabase.co/rest/v1/execution_logs "HTTP/2 201 Created"
2026-07-26 03:03:14,605 - INFO - HTTP Request: POST https://fhtverdbtmwjvgxlkmkz.supabase.co/rest/v1/execution_logs "HTTP/2 201 Created"
2026-07-26 03:03:53,380 - INFO - HTTP Request: POST https://fhtverdbtmwjvgxlkmkz.supabase.co/rest/v1/execution_logs "HTTP/2 201 Created"
2026-07-26 03:04:31,909 - INFO - HTTP Request: POST https://fhtverdbtmwjvgxlkmkz.supabase.co/rest/v1/execution_logs "HTTP/2 201 Created"
2026-07-26 03:05:10,754 - INFO - HTTP Request: POST https://fhtverdbtmwjvgxlkmkz.supabase.co/rest/v1/execution_logs "HTTP/2 201 Created"
2026-07-26 03:05:49,645 - INFO - HTTP Request: POST https://fhtverdbtmwjvgxlkmkz.supabase.co/rest/v1/execution_logs "HTTP/2 201 Created"
2026-07-26 03:06:28,144 - INFO - HTTP Request: POST https://fhtverdbtmwjvgxlkmkz.supabase.co/rest/v1/execution_logs "HTTP/2 201 Created"
2026-07-26 03:07:06,906 - INFO - HTTP Request: POST https://fhtverdbtmwjvgxlkmkz.supabase.co/rest/v1/execution_logs "HTTP/2 201 Created"
2026-07-26 03:07:45,565 - INFO - HTTP Request: POST https://fhtverdbtmwjvgxlkmkz.supabase.co/rest/v1/execution_logs "HTTP/2 201 Created"
2026-07-26 03:08:24,367 - INFO - HTTP Request: POST https://fhtverdbtmwjvgxlkmkz.supabase.co/rest/v1/execution_logs "HTTP/2 201 Created"
2026-07-26 03:09:02,853 - INFO - HTTP Request: POST https://fhtverdbtmwjvgxlkmkz.supabase.co/rest/v1/execution_logs "HTTP/2 201 Created"
2026-07-26 03:09:41,369 - INFO - HTTP Request: POST https://fhtverdbtmwjvgxlkmkz.supabase.co/rest/v1/execution_logs "HTTP/2 201 Created"
2026-07-26 03:10:20,134 - INFO - HTTP Request: POST https://fhtverdbtmwjvgxlkmkz.supabase.co/rest/v1/execution_logs "HTTP/2 201 Created"
2026-07-26 03:10:58,727 - INFO - HTTP Request: POST https://fhtverdbtmwjvgxlkmkz.supabase.co/rest/v1/execution_logs "HTTP/2 201 Created"
2026-07-26 03:11:37,553 - INFO - HTTP Request: POST https://fhtverdbtmwjvgxlkmkz.supabase.co/rest/v1/execution_logs "HTTP/2 201 Created"
2026-07-26 03:12:16,336 - INFO - HTTP Request: POST https://fhtverdbtmwjvgxlkmkz.supabase.co/rest/v1/execution_logs "HTTP/2 201 Created"
2026-07-26 03:12:55,247 - INFO - HTTP Request: POST https://fhtverdbtmwjvgxlkmkz.supabase.co/rest/v1/execution_logs "HTTP/2 201 Created"
2026-07-26 03:13:33,998 - INFO - HTTP Request: POST https://fhtverdbtmwjvgxlkmkz.supabase.co/rest/v1/execution_logs "HTTP/2 201 Created"
2026-07-26 03:14:12,729 - INFO - HTTP Request: POST https://fhtverdbtmwjvgxlkmkz.supabase.co/rest/v1/execution_logs "HTTP/2 201 Created"
2026-07-26 03:14:51,360 - INFO - HTTP Request: POST https://fhtverdbtmwjvgxlkmkz.supabase.co/rest/v1/execution_logs "HTTP/2 201 Created"
2026-07-26 03:15:30,198 - INFO - HTTP Request: POST https://fhtverdbtmwjvgxlkmkz.supabase.co/rest/v1/execution_logs "HTTP/2 201 Created"
2026-07-26 03:16:08,959 - INFO - HTTP Request: POST https://fhtverdbtmwjvgxlkmkz.supabase.co/rest/v1/execution_logs "HTTP/2 201 Created"
2026-07-26 03:16:47,732 - INFO - HTTP Request: POST https://fhtverdbtmwjvgxlkmkz.supabase.co/rest/v1/execution_logs "HTTP/2 201 Created"
2026-07-26 03:17:26,292 - INFO - HTTP Request: POST https://fhtverdbtmwjvgxlkmkz.supabase.co/rest/v1/execution_logs "HTTP/2 201 Created"
2026-07-26 03:18:05,130 - INFO - HTTP Request: POST https://fhtverdbtmwjvgxlkmkz.supabase.co/rest/v1/execution_logs "HTTP/2 201 Created"
2026-07-26 03:18:43,684 - INFO - HTTP Request: POST https://fhtverdbtmwjvgxlkmkz.supabase.co/rest/v1/execution_logs "HTTP/2 201 Created"
2026-07-26 03:19:22,416 - INFO - HTTP Request: POST https://fhtverdbtmwjvgxlkmkz.supabase.co/rest/v1/execution_logs "HTTP/2 201 Created"
2026-07-26 03:20:00,923 - INFO - HTTP Request: POST https://fhtverdbtmwjvgxlkmkz.supabase.co/rest/v1/execution_logs "HTTP/2 201 Created"
2026-07-26 03:20:39,848 - INFO - HTTP Request: POST https://fhtverdbtmwjvgxlkmkz.supabase.co/rest/v1/execution_logs "HTTP/2 201 Created"
2026-07-26 03:21:18,360 - INFO - HTTP Request: POST https://fhtverdbtmwjvgxlkmkz.supabase.co/rest/v1/execution_logs "HTTP/2 201 Created"
2026-07-26 03:21:56,999 - INFO - HTTP Request: POST https://fhtverdbtmwjvgxlkmkz.supabase.co/rest/v1/execution_logs "HTTP/2 201 Created"
2026-07-26 03:22:35,735 - INFO - HTTP Request: POST https://fhtverdbtmwjvgxlkmkz.supabase.co/rest/v1/execution_logs "HTTP/2 201 Created"
2026-07-26 03:23:14,303 - INFO - HTTP Request: POST https://fhtverdbtmwjvgxlkmkz.supabase.co/rest/v1/execution_logs "HTTP/2 201 Created"
2026-07-26 03:23:53,258 - INFO - HTTP Request: POST https://fhtverdbtmwjvgxlkmkz.supabase.co/rest/v1/execution_logs "HTTP/2 201 Created"
2026-07-26 03:24:31,880 - INFO - HTTP Request: POST https://fhtverdbtmwjvgxlkmkz.supabase.co/rest/v1/execution_logs "HTTP/2 201 Created"
2026-07-26 03:25:10,740 - INFO - HTTP Request: POST https://fhtverdbtmwjvgxlkmkz.supabase.co/rest/v1/execution_logs "HTTP/2 201 Created"
2026-07-26 03:25:49,307 - INFO - HTTP Request: POST https://fhtverdbtmwjvgxlkmkz.supabase.co/rest/v1/execution_logs "HTTP/2 201 Created"
2026-07-26 03:26:27,884 - INFO - HTTP Request: POST https://fhtverdbtmwjvgxlkmkz.supabase.co/rest/v1/execution_logs "HTTP/2 201 Created"
2026-07-26 03:27:06,803 - INFO - HTTP Request: POST https://fhtverdbtmwjvgxlkmkz.supabase.co/rest/v1/execution_logs "HTTP/2 201 Created"
2026-07-26 03:27:45,421 - INFO - HTTP Request: POST https://fhtverdbtmwjvgxlkmkz.supabase.co/rest/v1/execution_logs "HTTP/2 201 Created"
2026-07-26 03:28:24,206 - INFO - HTTP Request: POST https://fhtverdbtmwjvgxlkmkz.supabase.co/rest/v1/execution_logs "HTTP/2 201 Created"
2026-07-26 03:29:02,918 - INFO - HTTP Request: POST https://fhtverdbtmwjvgxlkmkz.supabase.co/rest/v1/execution_logs "HTTP/2 201 Created"
2026-07-26 03:29:41,857 - INFO - HTTP Request: POST https://fhtverdbtmwjvgxlkmkz.supabase.co/rest/v1/execution_logs "HTTP/2 201 Created"
2026-07-26 03:30:20,601 - INFO - HTTP Request: POST https://fhtverdbtmwjvgxlkmkz.supabase.co/rest/v1/execution_logs "HTTP/2 201 Created"
2026-07-26 03:30:59,356 - INFO - HTTP Request: POST https://fhtverdbtmwjvgxlkmkz.supabase.co/rest/v1/execution_logs "HTTP/2 201 Created"
2026-07-26 03:31:38,067 - INFO - HTTP Request: POST https://fhtverdbtmwjvgxlkmkz.supabase.co/rest/v1/execution_logs "HTTP/2 201 Created"
2026-07-26 03:32:16,636 - INFO - HTTP Request: POST https://fhtverdbtmwjvgxlkmkz.supabase.co/rest/v1/execution_logs "HTTP/2 201 Created"
2026-07-26 03:32:55,414 - INFO - HTTP Request: POST https://fhtverdbtmwjvgxlkmkz.supabase.co/rest/v1/execution_logs "HTTP/2 201 Created"
2026-07-26 03:33:33,929 - INFO - HTTP Request: POST https://fhtverdbtmwjvgxlkmkz.supabase.co/rest/v1/execution_logs "HTTP/2 201 Created"
2026-07-26 03:34:12,676 - INFO - HTTP Request: POST https://fhtverdbtmwjvgxlkmkz.supabase.co/rest/v1/execution_logs "HTTP/2 201 Created"
2026-07-26 03:34:51,298 - INFO - HTTP Request: POST https://fhtverdbtmwjvgxlkmkz.supabase.co/rest/v1/execution_logs "HTTP/2 201 Created"
2026-07-26 03:35:29,863 - INFO - HTTP Request: POST https://fhtverdbtmwjvgxlkmkz.supabase.co/rest/v1/execution_logs "HTTP/2 201 Created"
2026-07-26 03:36:08,786 - INFO - HTTP Request: POST https://fhtverdbtmwjvgxlkmkz.supabase.co/rest/v1/execution_logs "HTTP/2 201 Created"
2026-07-26 03:36:47,379 - INFO - HTTP Request: POST https://fhtverdbtmwjvgxlkmkz.supabase.co/rest/v1/execution_logs "HTTP/2 201 Created"
2026-07-26 03:37:26,011 - INFO - HTTP Request: POST https://fhtverdbtmwjvgxlkmkz.supabase.co/rest/v1/execution_logs "HTTP/2 201 Created"
2026-07-26 03:38:04,696 - INFO - HTTP Request: POST https://fhtverdbtmwjvgxlkmkz.supabase.co/rest/v1/execution_logs "HTTP/2 201 Created"
2026-07-26 03:38:43,417 - INFO - HTTP Request: POST https://fhtverdbtmwjvgxlkmkz.supabase.co/rest/v1/execution_logs "HTTP/2 201 Created"
2026-07-26 03:39:22,372 - INFO - HTTP Request: POST https://fhtverdbtmwjvgxlkmkz.supabase.co/rest/v1/execution_logs "HTTP/2 201 Created"
2026-07-26 03:40:01,238 - INFO - HTTP Request: POST https://fhtverdbtmwjvgxlkmkz.supabase.co/rest/v1/execution_logs "HTTP/2 201 Created"
2026-07-26 03:40:40,295 - INFO - HTTP Request: POST https://fhtverdbtmwjvgxlkmkz.supabase.co/rest/v1/execution_logs "HTTP/2 201 Created"
2026-07-26 03:41:19,069 - INFO - HTTP Request: POST https://fhtverdbtmwjvgxlkmkz.supabase.co/rest/v1/execution_logs "HTTP/2 201 Created"
2026-07-26 03:41:57,954 - INFO - HTTP Request: POST https://fhtverdbtmwjvgxlkmkz.supabase.co/rest/v1/execution_logs "HTTP/2 201 Created"
2026-07-26 03:42:36,714 - INFO - HTTP Request: POST https://fhtverdbtmwjvgxlkmkz.supabase.co/rest/v1/execution_logs "HTTP/2 201 Created"
2026-07-26 03:43:15,519 - INFO - HTTP Request: POST https://fhtverdbtmwjvgxlkmkz.supabase.co/rest/v1/execution_logs "HTTP/2 201 Created"
2026-07-26 03:43:54,386 - INFO - HTTP Request: POST https://fhtverdbtmwjvgxlkmkz.supabase.co/rest/v1/execution_logs "HTTP/2 201 Created"
2026-07-26 03:44:33,100 - INFO - HTTP Request: POST https://fhtverdbtmwjvgxlkmkz.supabase.co/rest/v1/execution_logs "HTTP/2 201 Created"
2026-07-26 03:45:12,019 - INFO - HTTP Request: POST https://fhtverdbtmwjvgxlkmkz.supabase.co/rest/v1/execution_logs "HTTP/2 201 Created"
2026-07-26 03:45:50,882 - INFO - HTTP Request: POST https://fhtverdbtmwjvgxlkmkz.supabase.co/rest/v1/execution_logs "HTTP/2 201 Created"
2026-07-26 03:46:29,465 - INFO - HTTP Request: POST https://fhtverdbtmwjvgxlkmkz.supabase.co/rest/v1/execution_logs "HTTP/2 201 Created"
2026-07-26 03:47:08,140 - INFO - HTTP Request: POST https://fhtverdbtmwjvgxlkmkz.supabase.co/rest/v1/execution_logs "HTTP/2 201 Created"
2026-07-26 03:47:47,288 - INFO - HTTP Request: POST https://fhtverdbtmwjvgxlkmkz.supabase.co/rest/v1/execution_logs "HTTP/2 201 Created"
2026-07-26 03:48:26,074 - INFO - HTTP Request: POST https://fhtverdbtmwjvgxlkmkz.supabase.co/rest/v1/execution_logs "HTTP/2 201 Created"
2026-07-26 03:49:05,213 - INFO - HTTP Request: POST https://fhtverdbtmwjvgxlkmkz.supabase.co/rest/v1/execution_logs "HTTP/2 201 Created"
2026-07-26 03:49:44,228 - INFO - HTTP Request: POST https://fhtverdbtmwjvgxlkmkz.supabase.co/rest/v1/execution_logs "HTTP/2 201 Created"
2026-07-26 03:50:22,908 - INFO - HTTP Request: POST https://fhtverdbtmwjvgxlkmkz.supabase.co/rest/v1/execution_logs "HTTP/2 201 Created"
2026-07-26 03:51:02,054 - INFO - HTTP Request: POST https://fhtverdbtmwjvgxlkmkz.supabase.co/rest/v1/execution_logs "HTTP/2 201 Created"
2026-07-26 03:51:41,029 - INFO - HTTP Request: POST https://fhtverdbtmwjvgxlkmkz.supabase.co/rest/v1/execution_logs "HTTP/2 201 Created"
2026-07-26 03:52:20,028 - INFO - HTTP Request: POST https://fhtverdbtmwjvgxlkmkz.supabase.co/rest/v1/execution_logs "HTTP/2 201 Created"
2026-07-26 03:52:58,836 - INFO - HTTP Request: POST https://fhtverdbtmwjvgxlkmkz.supabase.co/rest/v1/execution_logs "HTTP/2 201 Created"
2026-07-26 03:53:37,426 - INFO - HTTP Request: POST https://fhtverdbtmwjvgxlkmkz.supabase.co/rest/v1/execution_logs "HTTP/2 201 Created"
2026-07-26 03:54:16,216 - INFO - HTTP Request: POST https://fhtverdbtmwjvgxlkmkz.supabase.co/rest/v1/execution_logs "HTTP/2 201 Created"
2026-07-26 03:54:54,895 - INFO - HTTP Request: POST https://fhtverdbtmwjvgxlkmkz.supabase.co/rest/v1/execution_logs "HTTP/2 201 Created"
2026-07-26 03:55:33,786 - INFO - HTTP Request: POST https://fhtverdbtmwjvgxlkmkz.supabase.co/rest/v1/execution_logs "HTTP/2 201 Created"
2026-07-26 03:56:12,736 - INFO - HTTP Request: POST https://fhtverdbtmwjvgxlkmkz.supabase.co/rest/v1/execution_logs "HTTP/2 201 Created"
2026-07-26 03:56:51,562 - INFO - HTTP Request: POST https://fhtverdbtmwjvgxlkmkz.supabase.co/rest/v1/execution_logs "HTTP/2 201 Created"
2026-07-26 03:57:30,264 - INFO - HTTP Request: POST https://fhtverdbtmwjvgxlkmkz.supabase.co/rest/v1/execution_logs "HTTP/2 201 Created"
2026-07-26 03:58:09,002 - INFO - HTTP Request: POST https://fhtverdbtmwjvgxlkmkz.supabase.co/rest/v1/execution_logs "HTTP/2 201 Created"
2026-07-26 03:58:47,643 - INFO - HTTP Request: POST https://fhtverdbtmwjvgxlkmkz.supabase.co/rest/v1/execution_logs "HTTP/2 201 Created"
2026-07-26 03:59:26,593 - INFO - HTTP Request: POST https://fhtverdbtmwjvgxlkmkz.supabase.co/rest/v1/execution_logs "HTTP/2 201 Created"
2026-07-26 04:00:05,430 - INFO - HTTP Request: POST https://fhtverdbtmwjvgxlkmkz.supabase.co/rest/v1/execution_logs "HTTP/2 201 Created"
2026-07-26 04:00:44,721 - INFO - HTTP Request: POST https://fhtverdbtmwjvgxlkmkz.supabase.co/rest/v1/execution_logs "HTTP/2 201 Created"
2026-07-26 04:01:23,553 - INFO - HTTP Request: POST https://fhtverdbtmwjvgxlkmkz.supabase.co/rest/v1/execution_logs "HTTP/2 201 Created"
2026-07-26 04:02:02,370 - INFO - HTTP Request: POST https://fhtverdbtmwjvgxlkmkz.supabase.co/rest/v1/execution_logs "HTTP/2 201 Created"
2026-07-26 04:02:41,355 - INFO - HTTP Request: POST https://fhtverdbtmwjvgxlkmkz.supabase.co/rest/v1/execution_logs "HTTP/2 201 Created"
2026-07-26 04:03:20,193 - INFO - HTTP Request: POST https://fhtverdbtmwjvgxlkmkz.supabase.co/rest/v1/execution_logs "HTTP/2 201 Created"
2026-07-26 04:03:58,812 - INFO - HTTP Request: POST https://fhtverdbtmwjvgxlkmkz.supabase.co/rest/v1/execution_logs "HTTP/2 201 Created"
2026-07-26 04:04:37,478 - INFO - HTTP Request: POST https://fhtverdbtmwjvgxlkmkz.supabase.co/rest/v1/execution_logs "HTTP/2 201 Created"
2026-07-26 04:05:16,210 - INFO - HTTP Request: POST https://fhtverdbtmwjvgxlkmkz.supabase.co/rest/v1/execution_logs "HTTP/2 201 Created"
2026-07-26 04:05:55,243 - INFO - HTTP Request: POST https://fhtverdbtmwjvgxlkmkz.supabase.co/rest/v1/execution_logs "HTTP/2 201 Created"
2026-07-26 04:06:33,873 - INFO - HTTP Request: POST https://fhtverdbtmwjvgxlkmkz.supabase.co/rest/v1/execution_logs "HTTP/2 201 Created"
2026-07-26 04:07:12,964 - INFO - HTTP Request: POST https://fhtverdbtmwjvgxlkmkz.supabase.co/rest/v1/execution_logs "HTTP/2 201 Created"
2026-07-26 04:07:51,804 - INFO - HTTP Request: POST https://fhtverdbtmwjvgxlkmkz.supabase.co/rest/v1/execution_logs "HTTP/2 201 Created"
2026-07-26 04:08:30,598 - INFO - HTTP Request: POST https://fhtverdbtmwjvgxlkmkz.supabase.co/rest/v1/execution_logs "HTTP/2 201 Created"
2026-07-26 04:09:09,398 - INFO - HTTP Request: POST https://fhtverdbtmwjvgxlkmkz.supabase.co/rest/v1/execution_logs "HTTP/2 201 Created"
2026-07-26 04:09:48,003 - INFO - HTTP Request: POST https://fhtverdbtmwjvgxlkmkz.supabase.co/rest/v1/execution_logs "HTTP/2 201 Created"
2026-07-26 04:10:26,886 - INFO - HTTP Request: POST https://fhtverdbtmwjvgxlkmkz.supabase.co/rest/v1/execution_logs "HTTP/2 201 Created"
2026-07-26 04:11:05,539 - INFO - HTTP Request: POST https://fhtverdbtmwjvgxlkmkz.supabase.co/rest/v1/execution_logs "HTTP/2 201 Created"
2026-07-26 04:11:44,364 - INFO - HTTP Request: POST https://fhtverdbtmwjvgxlkmkz.supabase.co/rest/v1/execution_logs "HTTP/2 201 Created"
2026-07-26 04:12:23,085 - INFO - HTTP Request: POST https://fhtverdbtmwjvgxlkmkz.supabase.co/rest/v1/execution_logs "HTTP/2 201 Created"
2026-07-26 04:13:01,899 - INFO - HTTP Request: POST https://fhtverdbtmwjvgxlkmkz.supabase.co/rest/v1/execution_logs "HTTP/2 201 Created"
2026-07-26 04:13:40,920 - INFO - HTTP Request: POST https://fhtverdbtmwjvgxlkmkz.supabase.co/rest/v1/execution_logs "HTTP/2 201 Created"
2026-07-26 04:14:19,912 - INFO - HTTP Request: POST https://fhtverdbtmwjvgxlkmkz.supabase.co/rest/v1/execution_logs "HTTP/2 201 Created"
2026-07-26 04:14:58,620 - INFO - HTTP Request: POST https://fhtverdbtmwjvgxlkmkz.supabase.co/rest/v1/execution_logs "HTTP/2 201 Created"
2026-07-26 04:15:37,558 - INFO - HTTP Request: POST https://fhtverdbtmwjvgxlkmkz.supabase.co/rest/v1/execution_logs "HTTP/2 201 Created"
2026-07-26 04:16:16,665 - INFO - HTTP Request: POST https://fhtverdbtmwjvgxlkmkz.supabase.co/rest/v1/execution_logs "HTTP/2 201 Created"
2026-07-26 04:16:55,302 - INFO - HTTP Request: POST https://fhtverdbtmwjvgxlkmkz.supabase.co/rest/v1/execution_logs "HTTP/2 201 Created"
2026-07-26 04:17:34,440 - INFO - HTTP Request: POST https://fhtverdbtmwjvgxlkmkz.supabase.co/rest/v1/execution_logs "HTTP/2 201 Created"
2026-07-26 04:18:13,436 - INFO - HTTP Request: POST https://fhtverdbtmwjvgxlkmkz.supabase.co/rest/v1/execution_logs "HTTP/2 201 Created"
2026-07-26 04:18:52,227 - INFO - HTTP Request: POST https://fhtverdbtmwjvgxlkmkz.supabase.co/rest/v1/execution_logs "HTTP/2 201 Created"
2026-07-26 04:19:30,881 - INFO - HTTP Request: POST https://fhtverdbtmwjvgxlkmkz.supabase.co/rest/v1/execution_logs "HTTP/2 201 Created"
2026-07-26 04:20:09,805 - INFO - HTTP Request: POST https://fhtverdbtmwjvgxlkmkz.supabase.co/rest/v1/execution_logs "HTTP/2 201 Created"
2026-07-26 04:20:48,586 - INFO - HTTP Request: POST https://fhtverdbtmwjvgxlkmkz.supabase.co/rest/v1/execution_logs "HTTP/2 201 Created"
2026-07-26 04:21:27,277 - INFO - HTTP Request: POST https://fhtverdbtmwjvgxlkmkz.supabase.co/rest/v1/execution_logs "HTTP/2 201 Created"
2026-07-26 04:22:05,952 - INFO - HTTP Request: POST https://fhtverdbtmwjvgxlkmkz.supabase.co/rest/v1/execution_logs "HTTP/2 201 Created"
2026-07-26 04:22:44,941 - INFO - HTTP Request: POST https://fhtverdbtmwjvgxlkmkz.supabase.co/rest/v1/execution_logs "HTTP/2 201 Created"
2026-07-26 04:23:23,724 - INFO - HTTP Request: POST https://fhtverdbtmwjvgxlkmkz.supabase.co/rest/v1/execution_logs "HTTP/2 201 Created"
2026-07-26 04:24:02,464 - INFO - HTTP Request: POST https://fhtverdbtmwjvgxlkmkz.supabase.co/rest/v1/execution_logs "HTTP/2 201 Created"
2026-07-26 04:24:41,262 - INFO - HTTP Request: POST https://fhtverdbtmwjvgxlkmkz.supabase.co/rest/v1/execution_logs "HTTP/2 201 Created"
2026-07-26 04:25:19,956 - INFO - HTTP Request: POST https://fhtverdbtmwjvgxlkmkz.supabase.co/rest/v1/execution_logs "HTTP/2 201 Created"
2026-07-26 04:25:58,794 - INFO - HTTP Request: POST https://fhtverdbtmwjvgxlkmkz.supabase.co/rest/v1/execution_logs "HTTP/2 201 Created"
2026-07-26 04:26:37,834 - INFO - HTTP Request: POST https://fhtverdbtmwjvgxlkmkz.supabase.co/rest/v1/execution_logs "HTTP/2 201 Created"
2026-07-26 04:27:16,418 - INFO - HTTP Request: POST https://fhtverdbtmwjvgxlkmkz.supabase.co/rest/v1/execution_logs "HTTP/2 201 Created"
2026-07-26 04:27:54,991 - INFO - HTTP Request: POST https://fhtverdbtmwjvgxlkmkz.supabase.co/rest/v1/execution_logs "HTTP/2 201 Created"
2026-07-26 04:28:33,834 - INFO - HTTP Request: POST https://fhtverdbtmwjvgxlkmkz.supabase.co/rest/v1/execution_logs "HTTP/2 201 Created"
2026-07-26 04:29:12,570 - INFO - HTTP Request: POST https://fhtverdbtmwjvgxlkmkz.supabase.co/rest/v1/execution_logs "HTTP/2 201 Created"
2026-07-26 04:29:51,698 - INFO - HTTP Request: POST https://fhtverdbtmwjvgxlkmkz.supabase.co/rest/v1/execution_logs "HTTP/2 201 Created"
2026-07-26 04:30:30,670 - INFO - HTTP Request: POST https://fhtverdbtmwjvgxlkmkz.supabase.co/rest/v1/execution_logs "HTTP/2 201 Created"
2026-07-26 04:31:09,509 - INFO - HTTP Request: POST https://fhtverdbtmwjvgxlkmkz.supabase.co/rest/v1/execution_logs "HTTP/2 201 Created"
2026-07-26 04:31:48,310 - INFO - HTTP Request: POST https://fhtverdbtmwjvgxlkmkz.supabase.co/rest/v1/execution_logs "HTTP/2 201 Created"
2026-07-26 04:32:27,047 - INFO - HTTP Request: POST https://fhtverdbtmwjvgxlkmkz.supabase.co/rest/v1/execution_logs "HTTP/2 201 Created"
2026-07-26 04:33:05,792 - INFO - HTTP Request: POST https://fhtverdbtmwjvgxlkmkz.supabase.co/rest/v1/execution_logs "HTTP/2 201 Created"
2026-07-26 04:33:44,436 - INFO - HTTP Request: POST https://fhtverdbtmwjvgxlkmkz.supabase.co/rest/v1/execution_logs "HTTP/2 201 Created"
2026-07-26 04:34:23,159 - INFO - HTTP Request: POST https://fhtverdbtmwjvgxlkmkz.supabase.co/rest/v1/execution_logs "HTTP/2 201 Created"
2026-07-26 04:35:02,029 - INFO - HTTP Request: POST https://fhtverdbtmwjvgxlkmkz.supabase.co/rest/v1/execution_logs "HTTP/2 201 Created"
2026-07-26 04:35:40,640 - INFO - HTTP Request: POST https://fhtverdbtmwjvgxlkmkz.supabase.co/rest/v1/execution_logs "HTTP/2 201 Created"
2026-07-26 04:36:19,552 - INFO - HTTP Request: POST https://fhtverdbtmwjvgxlkmkz.supabase.co/rest/v1/execution_logs "HTTP/2 201 Created"
2026-07-26 04:36:58,224 - INFO - HTTP Request: POST https://fhtverdbtmwjvgxlkmkz.supabase.co/rest/v1/execution_logs "HTTP/2 201 Created"
2026-07-26 04:37:36,948 - INFO - HTTP Request: POST https://fhtverdbtmwjvgxlkmkz.supabase.co/rest/v1/execution_logs "HTTP/2 201 Created"
2026-07-26 04:38:15,988 - INFO - HTTP Request: POST https://fhtverdbtmwjvgxlkmkz.supabase.co/rest/v1/execution_logs "HTTP/2 201 Created"
2026-07-26 04:38:54,873 - INFO - HTTP Request: POST https://fhtverdbtmwjvgxlkmkz.supabase.co/rest/v1/execution_logs "HTTP/2 201 Created"
2026-07-26 04:39:33,479 - INFO - HTTP Request: POST https://fhtverdbtmwjvgxlkmkz.supabase.co/rest/v1/execution_logs "HTTP/2 201 Created"
2026-07-26 04:40:12,353 - INFO - HTTP Request: POST https://fhtverdbtmwjvgxlkmkz.supabase.co/rest/v1/execution_logs "HTTP/2 201 Created"
2026-07-26 04:40:50,926 - INFO - HTTP Request: POST https://fhtverdbtmwjvgxlkmkz.supabase.co/rest/v1/execution_logs "HTTP/2 201 Created"
2026-07-26 04:41:29,853 - INFO - HTTP Request: POST https://fhtverdbtmwjvgxlkmkz.supabase.co/rest/v1/execution_logs "HTTP/2 201 Created"
2026-07-26 04:42:08,554 - INFO - HTTP Request: POST https://fhtverdbtmwjvgxlkmkz.supabase.co/rest/v1/execution_logs "HTTP/2 201 Created"
2026-07-26 04:42:47,142 - INFO - HTTP Request: POST https://fhtverdbtmwjvgxlkmkz.supabase.co/rest/v1/execution_logs "HTTP/2 201 Created"
2026-07-26 04:43:25,806 - INFO - HTTP Request: POST https://fhtverdbtmwjvgxlkmkz.supabase.co/rest/v1/execution_logs "HTTP/2 201 Created"
2026-07-26 04:44:04,769 - INFO - HTTP Request: POST https://fhtverdbtmwjvgxlkmkz.supabase.co/rest/v1/execution_logs "HTTP/2 201 Created"
2026-07-26 04:44:43,607 - INFO - HTTP Request: POST https://fhtverdbtmwjvgxlkmkz.supabase.co/rest/v1/execution_logs "HTTP/2 201 Created"
2026-07-26 04:45:22,170 - INFO - HTTP Request: POST https://fhtverdbtmwjvgxlkmkz.supabase.co/rest/v1/execution_logs "HTTP/2 201 Created"
2026-07-26 04:46:00,955 - INFO - HTTP Request: POST https://fhtverdbtmwjvgxlkmkz.supabase.co/rest/v1/execution_logs "HTTP/2 201 Created"
2026-07-26 04:46:39,672 - INFO - HTTP Request: POST https://fhtverdbtmwjvgxlkmkz.supabase.co/rest/v1/execution_logs "HTTP/2 201 Created"
2026-07-26 04:47:18,373 - INFO - HTTP Request: POST https://fhtverdbtmwjvgxlkmkz.supabase.co/rest/v1/execution_logs "HTTP/2 201 Created"
2026-07-26 04:47:57,008 - INFO - HTTP Request: POST https://fhtverdbtmwjvgxlkmkz.supabase.co/rest/v1/execution_logs "HTTP/2 201 Created"
2026-07-26 04:48:35,953 - INFO - HTTP Request: POST https://fhtverdbtmwjvgxlkmkz.supabase.co/rest/v1/execution_logs "HTTP/2 201 Created"
2026-07-26 04:49:14,553 - INFO - HTTP Request: POST https://fhtverdbtmwjvgxlkmkz.supabase.co/rest/v1/execution_logs "HTTP/2 201 Created"
2026-07-26 04:49:53,459 - INFO - HTTP Request: POST https://fhtverdbtmwjvgxlkmkz.supabase.co/rest/v1/execution_logs "HTTP/2 201 Created"
2026-07-26 04:50:32,117 - INFO - HTTP Request: POST https://fhtverdbtmwjvgxlkmkz.supabase.co/rest/v1/execution_logs "HTTP/2 201 Created"
2026-07-26 04:51:10,869 - INFO - HTTP Request: POST https://fhtverdbtmwjvgxlkmkz.supabase.co/rest/v1/execution_logs "HTTP/2 201 Created"
2026-07-26 04:51:49,760 - INFO - HTTP Request: POST https://fhtverdbtmwjvgxlkmkz.supabase.co/rest/v1/execution_logs "HTTP/2 201 Created"
2026-07-26 04:52:28,480 - INFO - HTTP Request: POST https://fhtverdbtmwjvgxlkmkz.supabase.co/rest/v1/execution_logs "HTTP/2 201 Created"
2026-07-26 04:53:07,188 - INFO - HTTP Request: POST https://fhtverdbtmwjvgxlkmkz.supabase.co/rest/v1/execution_logs "HTTP/2 201 Created"
2026-07-26 04:53:46,084 - INFO - HTTP Request: POST https://fhtverdbtmwjvgxlkmkz.supabase.co/rest/v1/execution_logs "HTTP/2 201 Created"
2026-07-26 04:54:25,136 - INFO - HTTP Request: POST https://fhtverdbtmwjvgxlkmkz.supabase.co/rest/v1/execution_logs "HTTP/2 201 Created"
2026-07-26 04:55:03,816 - INFO - HTTP Request: POST https://fhtverdbtmwjvgxlkmkz.supabase.co/rest/v1/execution_logs "HTTP/2 201 Created"
2026-07-26 04:55:42,563 - INFO - HTTP Request: POST https://fhtverdbtmwjvgxlkmkz.supabase.co/rest/v1/execution_logs "HTTP/2 201 Created"
2026-07-26 04:56:21,194 - INFO - HTTP Request: POST https://fhtverdbtmwjvgxlkmkz.supabase.co/rest/v1/execution_logs "HTTP/2 201 Created"
2026-07-26 04:56:59,761 - INFO - HTTP Request: POST https://fhtverdbtmwjvgxlkmkz.supabase.co/rest/v1/execution_logs "HTTP/2 201 Created"
2026-07-26 04:57:39,084 - INFO - HTTP Request: POST https://fhtverdbtmwjvgxlkmkz.supabase.co/rest/v1/execution_logs "HTTP/2 201 Created"
2026-07-26 04:58:17,882 - INFO - HTTP Request: POST https://fhtverdbtmwjvgxlkmkz.supabase.co/rest/v1/execution_logs "HTTP/2 201 Created"
2026-07-26 04:58:56,659 - INFO - HTTP Request: POST https://fhtverdbtmwjvgxlkmkz.supabase.co/rest/v1/execution_logs "HTTP/2 201 Created"
2026-07-26 04:59:35,243 - INFO - HTTP Request: POST https://fhtverdbtmwjvgxlkmkz.supabase.co/rest/v1/execution_logs "HTTP/2 201 Created"
2026-07-26 05:00:14,009 - INFO - HTTP Request: POST https://fhtverdbtmwjvgxlkmkz.supabase.co/rest/v1/execution_logs "HTTP/2 201 Created"
2026-07-26 05:00:53,004 - INFO - HTTP Request: POST https://fhtverdbtmwjvgxlkmkz.supabase.co/rest/v1/execution_logs "HTTP/2 201 Created"
2026-07-26 05:01:31,806 - INFO - HTTP Request: POST https://fhtverdbtmwjvgxlkmkz.supabase.co/rest/v1/execution_logs "HTTP/2 201 Created"
2026-07-26 05:02:10,413 - INFO - HTTP Request: POST https://fhtverdbtmwjvgxlkmkz.supabase.co/rest/v1/execution_logs "HTTP/2 201 Created"
2026-07-26 05:02:49,032 - INFO - HTTP Request: POST https://fhtverdbtmwjvgxlkmkz.supabase.co/rest/v1/execution_logs "HTTP/2 201 Created"
2026-07-26 05:03:27,588 - INFO - HTTP Request: POST https://fhtverdbtmwjvgxlkmkz.supabase.co/rest/v1/execution_logs "HTTP/2 201 Created"
2026-07-26 05:04:06,290 - INFO - HTTP Request: POST https://fhtverdbtmwjvgxlkmkz.supabase.co/rest/v1/execution_logs "HTTP/2 201 Created"
2026-07-26 05:04:45,073 - INFO - HTTP Request: POST https://fhtverdbtmwjvgxlkmkz.supabase.co/rest/v1/execution_logs "HTTP/2 201 Created"
2026-07-26 05:05:23,741 - INFO - HTTP Request: POST https://fhtverdbtmwjvgxlkmkz.supabase.co/rest/v1/execution_logs "HTTP/2 201 Created"
2026-07-26 05:06:02,543 - INFO - HTTP Request: POST https://fhtverdbtmwjvgxlkmkz.supabase.co/rest/v1/execution_logs "HTTP/2 201 Created"
2026-07-26 05:06:41,193 - INFO - HTTP Request: POST https://fhtverdbtmwjvgxlkmkz.supabase.co/rest/v1/execution_logs "HTTP/2 201 Created"
2026-07-26 05:07:20,002 - INFO - HTTP Request: POST https://fhtverdbtmwjvgxlkmkz.supabase.co/rest/v1/execution_logs "HTTP/2 201 Created"
2026-07-26 05:07:58,675 - INFO - HTTP Request: POST https://fhtverdbtmwjvgxlkmkz.supabase.co/rest/v1/execution_logs "HTTP/2 201 Created"
2026-07-26 05:08:37,603 - INFO - HTTP Request: POST https://fhtverdbtmwjvgxlkmkz.supabase.co/rest/v1/execution_logs "HTTP/2 201 Created"
2026-07-26 05:09:16,532 - INFO - HTTP Request: POST https://fhtverdbtmwjvgxlkmkz.supabase.co/rest/v1/execution_logs "HTTP/2 201 Created"
2026-07-26 05:09:55,162 - INFO - HTTP Request: POST https://fhtverdbtmwjvgxlkmkz.supabase.co/rest/v1/execution_logs "HTTP/2 201 Created"
2026-07-26 05:10:33,814 - INFO - HTTP Request: POST https://fhtverdbtmwjvgxlkmkz.supabase.co/rest/v1/execution_logs "HTTP/2 201 Created"
2026-07-26 05:11:12,611 - INFO - HTTP Request: POST https://fhtverdbtmwjvgxlkmkz.supabase.co/rest/v1/execution_logs "HTTP/2 201 Created"
2026-07-26 05:11:51,784 - INFO - HTTP Request: POST https://fhtverdbtmwjvgxlkmkz.supabase.co/rest/v1/execution_logs "HTTP/2 201 Created"
2026-07-26 05:12:30,798 - INFO - HTTP Request: POST https://fhtverdbtmwjvgxlkmkz.supabase.co/rest/v1/execution_logs "HTTP/2 201 Created"
2026-07-26 05:13:09,814 - INFO - HTTP Request: POST https://fhtverdbtmwjvgxlkmkz.supabase.co/rest/v1/execution_logs "HTTP/2 201 Created"
2026-07-26 05:13:48,930 - INFO - HTTP Request: POST https://fhtverdbtmwjvgxlkmkz.supabase.co/rest/v1/execution_logs "HTTP/2 201 Created"
2026-07-26 05:14:27,614 - INFO - HTTP Request: POST https://fhtverdbtmwjvgxlkmkz.supabase.co/rest/v1/execution_logs "HTTP/2 201 Created"
2026-07-26 05:15:06,359 - INFO - HTTP Request: POST https://fhtverdbtmwjvgxlkmkz.supabase.co/rest/v1/execution_logs "HTTP/2 201 Created"
2026-07-26 05:15:45,080 - INFO - HTTP Request: POST https://fhtverdbtmwjvgxlkmkz.supabase.co/rest/v1/execution_logs "HTTP/2 201 Created"
2026-07-26 05:16:23,957 - INFO - HTTP Request: POST https://fhtverdbtmwjvgxlkmkz.supabase.co/rest/v1/execution_logs "HTTP/2 201 Created"
2026-07-26 05:17:02,612 - INFO - HTTP Request: POST https://fhtverdbtmwjvgxlkmkz.supabase.co/rest/v1/execution_logs "HTTP/2 201 Created"
2026-07-26 05:17:41,279 - INFO - HTTP Request: POST https://fhtverdbtmwjvgxlkmkz.supabase.co/rest/v1/execution_logs "HTTP/2 201 Created"
2026-07-26 05:18:19,924 - INFO - HTTP Request: POST https://fhtverdbtmwjvgxlkmkz.supabase.co/rest/v1/execution_logs "HTTP/2 201 Created"
2026-07-26 05:18:58,679 - INFO - HTTP Request: POST https://fhtverdbtmwjvgxlkmkz.supabase.co/rest/v1/execution_logs "HTTP/2 201 Created"
2026-07-26 05:19:37,541 - INFO - HTTP Request: POST https://fhtverdbtmwjvgxlkmkz.supabase.co/rest/v1/execution_logs "HTTP/2 201 Created"
2026-07-26 05:20:16,460 - INFO - HTTP Request: POST https://fhtverdbtmwjvgxlkmkz.supabase.co/rest/v1/execution_logs "HTTP/2 201 Created"
2026-07-26 05:20:55,048 - INFO - HTTP Request: POST https://fhtverdbtmwjvgxlkmkz.supabase.co/rest/v1/execution_logs "HTTP/2 201 Created"
2026-07-26 05:21:33,984 - INFO - HTTP Request: POST https://fhtverdbtmwjvgxlkmkz.supabase.co/rest/v1/execution_logs "HTTP/2 201 Created"
2026-07-26 05:22:12,710 - INFO - HTTP Request: POST https://fhtverdbtmwjvgxlkmkz.supabase.co/rest/v1/execution_logs "HTTP/2 201 Created"
2026-07-26 05:22:51,506 - INFO - HTTP Request: POST https://fhtverdbtmwjvgxlkmkz.supabase.co/rest/v1/execution_logs "HTTP/2 201 Created"
2026-07-26 05:23:30,226 - INFO - HTTP Request: POST https://fhtverdbtmwjvgxlkmkz.supabase.co/rest/v1/execution_logs "HTTP/2 201 Created"
2026-07-26 05:24:08,818 - INFO - HTTP Request: POST https://fhtverdbtmwjvgxlkmkz.supabase.co/rest/v1/execution_logs "HTTP/2 201 Created"
2026-07-26 05:24:47,559 - INFO - HTTP Request: POST https://fhtverdbtmwjvgxlkmkz.supabase.co/rest/v1/execution_logs "HTTP/2 201 Created"
2026-07-26 05:25:26,420 - INFO - HTTP Request: POST https://fhtverdbtmwjvgxlkmkz.supabase.co/rest/v1/execution_logs "HTTP/2 201 Created"
2026-07-26 05:26:05,074 - INFO - HTTP Request: POST https://fhtverdbtmwjvgxlkmkz.supabase.co/rest/v1/execution_logs "HTTP/2 201 Created"
2026-07-26 05:26:43,740 - INFO - HTTP Request: POST https://fhtverdbtmwjvgxlkmkz.supabase.co/rest/v1/execution_logs "HTTP/2 201 Created"
2026-07-26 05:27:22,337 - INFO - HTTP Request: POST https://fhtverdbtmwjvgxlkmkz.supabase.co/rest/v1/execution_logs "HTTP/2 201 Created"
2026-07-26 05:28:00,901 - INFO - HTTP Request: POST https://fhtverdbtmwjvgxlkmkz.supabase.co/rest/v1/execution_logs "HTTP/2 201 Created"
2026-07-26 05:28:39,757 - INFO - HTTP Request: POST https://fhtverdbtmwjvgxlkmkz.supabase.co/rest/v1/execution_logs "HTTP/2 201 Created"
2026-07-26 05:29:18,493 - INFO - HTTP Request: POST https://fhtverdbtmwjvgxlkmkz.supabase.co/rest/v1/execution_logs "HTTP/2 201 Created"
2026-07-26 05:29:57,507 - INFO - HTTP Request: POST https://fhtverdbtmwjvgxlkmkz.supabase.co/rest/v1/execution_logs "HTTP/2 201 Created"
2026-07-26 05:30:36,271 - INFO - HTTP Request: POST https://fhtverdbtmwjvgxlkmkz.supabase.co/rest/v1/execution_logs "HTTP/2 201 Created"
2026-07-26 05:31:15,060 - INFO - HTTP Request: POST https://fhtverdbtmwjvgxlkmkz.supabase.co/rest/v1/execution_logs "HTTP/2 201 Created"
2026-07-26 05:31:53,669 - INFO - HTTP Request: POST https://fhtverdbtmwjvgxlkmkz.supabase.co/rest/v1/execution_logs "HTTP/2 201 Created"
2026-07-26 05:32:32,546 - INFO - HTTP Request: POST https://fhtverdbtmwjvgxlkmkz.supabase.co/rest/v1/execution_logs "HTTP/2 201 Created"
2026-07-26 05:33:11,346 - INFO - HTTP Request: POST https://fhtverdbtmwjvgxlkmkz.supabase.co/rest/v1/execution_logs "HTTP/2 201 Created"
2026-07-26 05:33:50,225 - INFO - HTTP Request: POST https://fhtverdbtmwjvgxlkmkz.supabase.co/rest/v1/execution_logs "HTTP/2 201 Created"
2026-07-26 05:34:29,209 - INFO - HTTP Request: POST https://fhtverdbtmwjvgxlkmkz.supabase.co/rest/v1/execution_logs "HTTP/2 201 Created"
2026-07-26 05:35:08,017 - INFO - HTTP Request: POST https://fhtverdbtmwjvgxlkmkz.supabase.co/rest/v1/execution_logs "HTTP/2 201 Created"
2026-07-26 05:35:46,803 - INFO - HTTP Request: POST https://fhtverdbtmwjvgxlkmkz.supabase.co/rest/v1/execution_logs "HTTP/2 201 Created"
2026-07-26 05:36:25,623 - INFO - HTTP Request: POST https://fhtverdbtmwjvgxlkmkz.supabase.co/rest/v1/execution_logs "HTTP/2 201 Created"
2026-07-26 05:37:04,567 - INFO - HTTP Request: POST https://fhtverdbtmwjvgxlkmkz.supabase.co/rest/v1/execution_logs "HTTP/2 201 Created"
2026-07-26 05:37:43,200 - INFO - HTTP Request: POST https://fhtverdbtmwjvgxlkmkz.supabase.co/rest/v1/execution_logs "HTTP/2 201 Created"
2026-07-26 05:38:21,926 - INFO - HTTP Request: POST https://fhtverdbtmwjvgxlkmkz.supabase.co/rest/v1/execution_logs "HTTP/2 201 Created"
2026-07-26 05:39:00,585 - INFO - HTTP Request: POST https://fhtverdbtmwjvgxlkmkz.supabase.co/rest/v1/execution_logs "HTTP/2 201 Created"
2026-07-26 05:39:39,308 - INFO - HTTP Request: POST https://fhtverdbtmwjvgxlkmkz.supabase.co/rest/v1/execution_logs "HTTP/2 201 Created"
2026-07-26 05:40:18,313 - INFO - HTTP Request: POST https://fhtverdbtmwjvgxlkmkz.supabase.co/rest/v1/execution_logs "HTTP/2 201 Created"
2026-07-26 05:40:57,328 - INFO - HTTP Request: POST https://fhtverdbtmwjvgxlkmkz.supabase.co/rest/v1/execution_logs "HTTP/2 201 Created"
2026-07-26 05:41:36,050 - INFO - HTTP Request: POST https://fhtverdbtmwjvgxlkmkz.supabase.co/rest/v1/execution_logs "HTTP/2 201 Created"
2026-07-26 05:42:14,824 - INFO - HTTP Request: POST https://fhtverdbtmwjvgxlkmkz.supabase.co/rest/v1/execution_logs "HTTP/2 201 Created"
2026-07-26 05:42:53,541 - INFO - HTTP Request: POST https://fhtverdbtmwjvgxlkmkz.supabase.co/rest/v1/execution_logs "HTTP/2 201 Created"
2026-07-26 05:43:32,218 - INFO - HTTP Request: POST https://fhtverdbtmwjvgxlkmkz.supabase.co/rest/v1/execution_logs "HTTP/2 201 Created"
2026-07-26 05:44:10,894 - INFO - HTTP Request: POST https://fhtverdbtmwjvgxlkmkz.supabase.co/rest/v1/execution_logs "HTTP/2 201 Created"
2026-07-26 05:44:49,667 - INFO - HTTP Request: POST https://fhtverdbtmwjvgxlkmkz.supabase.co/rest/v1/execution_logs "HTTP/2 201 Created"
2026-07-26 05:45:28,626 - INFO - HTTP Request: POST https://fhtverdbtmwjvgxlkmkz.supabase.co/rest/v1/execution_logs "HTTP/2 201 Created"
2026-07-26 05:46:07,590 - INFO - HTTP Request: POST https://fhtverdbtmwjvgxlkmkz.supabase.co/rest/v1/execution_logs "HTTP/2 201 Created"
2026-07-26 05:46:46,272 - INFO - HTTP Request: POST https://fhtverdbtmwjvgxlkmkz.supabase.co/rest/v1/execution_logs "HTTP/2 201 Created"
2026-07-26 05:47:24,861 - INFO - HTTP Request: POST https://fhtverdbtmwjvgxlkmkz.supabase.co/rest/v1/execution_logs "HTTP/2 201 Created"
2026-07-26 05:48:03,843 - INFO - HTTP Request: POST https://fhtverdbtmwjvgxlkmkz.supabase.co/rest/v1/execution_logs "HTTP/2 201 Created"
2026-07-26 05:48:42,627 - INFO - HTTP Request: POST https://fhtverdbtmwjvgxlkmkz.supabase.co/rest/v1/execution_logs "HTTP/2 201 Created"
2026-07-26 05:49:21,229 - INFO - HTTP Request: POST https://fhtverdbtmwjvgxlkmkz.supabase.co/rest/v1/execution_logs "HTTP/2 201 Created"
2026-07-26 05:49:59,757 - INFO - HTTP Request: POST https://fhtverdbtmwjvgxlkmkz.supabase.co/rest/v1/execution_logs "HTTP/2 201 Created"
2026-07-26 05:50:38,705 - INFO - HTTP Request: POST https://fhtverdbtmwjvgxlkmkz.supabase.co/rest/v1/execution_logs "HTTP/2 201 Created"
2026-07-26 05:51:17,655 - INFO - HTTP Request: POST https://fhtverdbtmwjvgxlkmkz.supabase.co/rest/v1/execution_logs "HTTP/2 201 Created"
2026-07-26 05:51:56,391 - INFO - HTTP Request: POST https://fhtverdbtmwjvgxlkmkz.supabase.co/rest/v1/execution_logs "HTTP/2 201 Created"
2026-07-26 05:52:34,949 - INFO - HTTP Request: POST https://fhtverdbtmwjvgxlkmkz.supabase.co/rest/v1/execution_logs "HTTP/2 201 Created"
2026-07-26 05:53:13,945 - INFO - HTTP Request: POST https://fhtverdbtmwjvgxlkmkz.supabase.co/rest/v1/execution_logs "HTTP/2 201 Created"
2026-07-26 05:53:52,589 - INFO - HTTP Request: POST https://fhtverdbtmwjvgxlkmkz.supabase.co/rest/v1/execution_logs "HTTP/2 201 Created"
2026-07-26 05:54:31,356 - INFO - HTTP Request: POST https://fhtverdbtmwjvgxlkmkz.supabase.co/rest/v1/execution_logs "HTTP/2 201 Created"
2026-07-26 05:55:10,125 - INFO - HTTP Request: POST https://fhtverdbtmwjvgxlkmkz.supabase.co/rest/v1/execution_logs "HTTP/2 201 Created"
2026-07-26 05:55:48,786 - INFO - HTTP Request: POST https://fhtverdbtmwjvgxlkmkz.supabase.co/rest/v1/execution_logs "HTTP/2 201 Created"
2026-07-26 05:56:27,564 - INFO - HTTP Request: POST https://fhtverdbtmwjvgxlkmkz.supabase.co/rest/v1/execution_logs "HTTP/2 201 Created"
2026-07-26 05:57:06,279 - INFO - HTTP Request: POST https://fhtverdbtmwjvgxlkmkz.supabase.co/rest/v1/execution_logs "HTTP/2 201 Created"
2026-07-26 05:57:45,141 - INFO - HTTP Request: POST https://fhtverdbtmwjvgxlkmkz.supabase.co/rest/v1/execution_logs "HTTP/2 201 Created"
2026-07-26 05:58:24,030 - INFO - HTTP Request: POST https://fhtverdbtmwjvgxlkmkz.supabase.co/rest/v1/execution_logs "HTTP/2 201 Created"
2026-07-26 05:59:02,708 - INFO - HTTP Request: POST https://fhtverdbtmwjvgxlkmkz.supabase.co/rest/v1/execution_logs "HTTP/2 201 Created"
2026-07-26 05:59:41,678 - INFO - HTTP Request: POST https://fhtverdbtmwjvgxlkmkz.supabase.co/rest/v1/execution_logs "HTTP/2 201 Created"
2026-07-26 06:00:20,303 - INFO - HTTP Request: POST https://fhtverdbtmwjvgxlkmkz.supabase.co/rest/v1/execution_logs "HTTP/2 201 Created"
2026-07-26 06:00:58,988 - INFO - HTTP Request: POST https://fhtverdbtmwjvgxlkmkz.supabase.co/rest/v1/execution_logs "HTTP/2 201 Created"
2026-07-26 06:01:37,779 - INFO - HTTP Request: POST https://fhtverdbtmwjvgxlkmkz.supabase.co/rest/v1/execution_logs "HTTP/2 201 Created"
2026-07-26 06:02:16,507 - INFO - HTTP Request: POST https://fhtverdbtmwjvgxlkmkz.supabase.co/rest/v1/execution_logs "HTTP/2 201 Created"
2026-07-26 06:02:55,320 - INFO - HTTP Request: POST https://fhtverdbtmwjvgxlkmkz.supabase.co/rest/v1/execution_logs "HTTP/2 201 Created"
2026-07-26 06:03:34,513 - INFO - HTTP Request: POST https://fhtverdbtmwjvgxlkmkz.supabase.co/rest/v1/execution_logs "HTTP/2 201 Created"
2026-07-26 06:04:13,142 - INFO - HTTP Request: POST https://fhtverdbtmwjvgxlkmkz.supabase.co/rest/v1/execution_logs "HTTP/2 201 Created"
2026-07-26 06:04:52,022 - INFO - HTTP Request: POST https://fhtverdbtmwjvgxlkmkz.supabase.co/rest/v1/execution_logs "HTTP/2 201 Created"
2026-07-26 06:05:30,973 - INFO - HTTP Request: POST https://fhtverdbtmwjvgxlkmkz.supabase.co/rest/v1/execution_logs "HTTP/2 201 Created"
2026-07-26 06:06:09,745 - INFO - HTTP Request: POST https://fhtverdbtmwjvgxlkmkz.supabase.co/rest/v1/execution_logs "HTTP/2 201 Created"
2026-07-26 06:06:48,302 - INFO - HTTP Request: POST https://fhtverdbtmwjvgxlkmkz.supabase.co/rest/v1/execution_logs "HTTP/2 201 Created"
2026-07-26 06:07:27,141 - INFO - HTTP Request: POST https://fhtverdbtmwjvgxlkmkz.supabase.co/rest/v1/execution_logs "HTTP/2 201 Created"
2026-07-26 06:08:05,676 - INFO - HTTP Request: POST https://fhtverdbtmwjvgxlkmkz.supabase.co/rest/v1/execution_logs "HTTP/2 201 Created"
2026-07-26 06:08:44,803 - INFO - HTTP Request: POST https://fhtverdbtmwjvgxlkmkz.supabase.co/rest/v1/execution_logs "HTTP/2 201 Created"
2026-07-26 06:09:23,715 - INFO - HTTP Request: POST https://fhtverdbtmwjvgxlkmkz.supabase.co/rest/v1/execution_logs "HTTP/2 201 Created"
2026-07-26 06:10:02,444 - INFO - HTTP Request: POST https://fhtverdbtmwjvgxlkmkz.supabase.co/rest/v1/execution_logs "HTTP/2 201 Created"
2026-07-26 06:10:41,437 - INFO - HTTP Request: POST https://fhtverdbtmwjvgxlkmkz.supabase.co/rest/v1/execution_logs "HTTP/2 201 Created"
2026-07-26 06:11:20,222 - INFO - HTTP Request: POST https://fhtverdbtmwjvgxlkmkz.supabase.co/rest/v1/execution_logs "HTTP/2 201 Created"
2026-07-26 06:11:58,903 - INFO - HTTP Request: POST https://fhtverdbtmwjvgxlkmkz.supabase.co/rest/v1/execution_logs "HTTP/2 201 Created"
2026-07-26 06:12:37,904 - INFO - HTTP Request: POST https://fhtverdbtmwjvgxlkmkz.supabase.co/rest/v1/execution_logs "HTTP/2 201 Created"
2026-07-26 06:13:16,514 - INFO - HTTP Request: POST https://fhtverdbtmwjvgxlkmkz.supabase.co/rest/v1/execution_logs "HTTP/2 201 Created"
2026-07-26 06:13:55,307 - INFO - HTTP Request: POST https://fhtverdbtmwjvgxlkmkz.supabase.co/rest/v1/execution_logs "HTTP/2 201 Created"
2026-07-26 06:14:34,195 - INFO - HTTP Request: POST https://fhtverdbtmwjvgxlkmkz.supabase.co/rest/v1/execution_logs "HTTP/2 201 Created"
2026-07-26 06:15:13,024 - INFO - HTTP Request: POST https://fhtverdbtmwjvgxlkmkz.supabase.co/rest/v1/execution_logs "HTTP/2 201 Created"
2026-07-26 06:15:51,866 - INFO - HTTP Request: POST https://fhtverdbtmwjvgxlkmkz.supabase.co/rest/v1/execution_logs "HTTP/2 201 Created"
2026-07-26 06:16:30,687 - INFO - HTTP Request: POST https://fhtverdbtmwjvgxlkmkz.supabase.co/rest/v1/execution_logs "HTTP/2 201 Created"
2026-07-26 06:17:09,277 - INFO - HTTP Request: POST https://fhtverdbtmwjvgxlkmkz.supabase.co/rest/v1/execution_logs "HTTP/2 201 Created"
2026-07-26 06:17:48,026 - INFO - HTTP Request: POST https://fhtverdbtmwjvgxlkmkz.supabase.co/rest/v1/execution_logs "HTTP/2 201 Created"
2026-07-26 06:18:26,668 - INFO - HTTP Request: POST https://fhtverdbtmwjvgxlkmkz.supabase.co/rest/v1/execution_logs "HTTP/2 201 Created"
2026-07-26 06:19:05,531 - INFO - HTTP Request: POST https://fhtverdbtmwjvgxlkmkz.supabase.co/rest/v1/execution_logs "HTTP/2 201 Created"
2026-07-26 06:19:44,151 - INFO - HTTP Request: POST https://fhtverdbtmwjvgxlkmkz.supabase.co/rest/v1/execution_logs "HTTP/2 201 Created"
2026-07-26 06:20:22,917 - INFO - HTTP Request: POST https://fhtverdbtmwjvgxlkmkz.supabase.co/rest/v1/execution_logs "HTTP/2 201 Created"
2026-07-26 06:21:01,845 - INFO - HTTP Request: POST https://fhtverdbtmwjvgxlkmkz.supabase.co/rest/v1/execution_logs "HTTP/2 201 Created"
2026-07-26 06:21:40,909 - INFO - HTTP Request: POST https://fhtverdbtmwjvgxlkmkz.supabase.co/rest/v1/execution_logs "HTTP/2 201 Created"
2026-07-26 06:22:19,643 - INFO - HTTP Request: POST https://fhtverdbtmwjvgxlkmkz.supabase.co/rest/v1/execution_logs "HTTP/2 201 Created"
2026-07-26 06:22:58,523 - INFO - HTTP Request: POST https://fhtverdbtmwjvgxlkmkz.supabase.co/rest/v1/execution_logs "HTTP/2 201 Created"
2026-07-26 06:23:37,074 - INFO - HTTP Request: POST https://fhtverdbtmwjvgxlkmkz.supabase.co/rest/v1/execution_logs "HTTP/2 201 Created"
2026-07-26 06:24:15,828 - INFO - HTTP Request: POST https://fhtverdbtmwjvgxlkmkz.supabase.co/rest/v1/execution_logs "HTTP/2 201 Created"
2026-07-26 06:24:54,579 - INFO - HTTP Request: POST https://fhtverdbtmwjvgxlkmkz.supabase.co/rest/v1/execution_logs "HTTP/2 201 Created"
2026-07-26 06:25:33,279 - INFO - HTTP Request: POST https://fhtverdbtmwjvgxlkmkz.supabase.co/rest/v1/execution_logs "HTTP/2 201 Created"
2026-07-26 06:26:12,204 - INFO - HTTP Request: POST https://fhtverdbtmwjvgxlkmkz.supabase.co/rest/v1/execution_logs "HTTP/2 201 Created"
2026-07-26 06:26:50,973 - INFO - HTTP Request: POST https://fhtverdbtmwjvgxlkmkz.supabase.co/rest/v1/execution_logs "HTTP/2 201 Created"
2026-07-26 06:27:29,629 - INFO - HTTP Request: POST https://fhtverdbtmwjvgxlkmkz.supabase.co/rest/v1/execution_logs "HTTP/2 201 Created"
2026-07-26 06:28:08,381 - INFO - HTTP Request: POST https://fhtverdbtmwjvgxlkmkz.supabase.co/rest/v1/execution_logs "HTTP/2 201 Created"
2026-07-26 06:28:47,022 - INFO - HTTP Request: POST https://fhtverdbtmwjvgxlkmkz.supabase.co/rest/v1/execution_logs "HTTP/2 201 Created"
2026-07-26 06:29:25,693 - INFO - HTTP Request: POST https://fhtverdbtmwjvgxlkmkz.supabase.co/rest/v1/execution_logs "HTTP/2 201 Created"
2026-07-26 06:30:04,342 - INFO - HTTP Request: POST https://fhtverdbtmwjvgxlkmkz.supabase.co/rest/v1/execution_logs "HTTP/2 201 Created"
2026-07-26 06:30:43,065 - INFO - HTTP Request: POST https://fhtverdbtmwjvgxlkmkz.supabase.co/rest/v1/execution_logs "HTTP/2 201 Created"
2026-07-26 06:31:21,836 - INFO - HTTP Request: POST https://fhtverdbtmwjvgxlkmkz.supabase.co/rest/v1/execution_logs "HTTP/2 201 Created"
2026-07-26 06:32:00,814 - INFO - HTTP Request: POST https://fhtverdbtmwjvgxlkmkz.supabase.co/rest/v1/execution_logs "HTTP/2 201 Created"
2026-07-26 06:32:39,628 - INFO - HTTP Request: POST https://fhtverdbtmwjvgxlkmkz.supabase.co/rest/v1/execution_logs "HTTP/2 201 Created"
2026-07-26 06:33:18,226 - INFO - HTTP Request: POST https://fhtverdbtmwjvgxlkmkz.supabase.co/rest/v1/execution_logs "HTTP/2 201 Created"
2026-07-26 06:33:57,013 - INFO - HTTP Request: POST https://fhtverdbtmwjvgxlkmkz.supabase.co/rest/v1/execution_logs "HTTP/2 201 Created"
2026-07-26 06:34:35,780 - INFO - HTTP Request: POST https://fhtverdbtmwjvgxlkmkz.supabase.co/rest/v1/execution_logs "HTTP/2 201 Created"
2026-07-26 06:35:14,645 - INFO - HTTP Request: POST https://fhtverdbtmwjvgxlkmkz.supabase.co/rest/v1/execution_logs "HTTP/2 201 Created"
2026-07-26 06:35:53,271 - INFO - HTTP Request: POST https://fhtverdbtmwjvgxlkmkz.supabase.co/rest/v1/execution_logs "HTTP/2 201 Created"
2026-07-26 06:36:32,106 - INFO - HTTP Request: POST https://fhtverdbtmwjvgxlkmkz.supabase.co/rest/v1/execution_logs "HTTP/2 201 Created"
2026-07-26 06:37:10,785 - INFO - HTTP Request: POST https://fhtverdbtmwjvgxlkmkz.supabase.co/rest/v1/execution_logs "HTTP/2 201 Created"
2026-07-26 06:37:49,522 - INFO - HTTP Request: POST https://fhtverdbtmwjvgxlkmkz.supabase.co/rest/v1/execution_logs "HTTP/2 201 Created"
2026-07-26 06:38:28,390 - INFO - HTTP Request: POST https://fhtverdbtmwjvgxlkmkz.supabase.co/rest/v1/execution_logs "HTTP/2 201 Created"
2026-07-26 06:39:07,101 - INFO - HTTP Request: POST https://fhtverdbtmwjvgxlkmkz.supabase.co/rest/v1/execution_logs "HTTP/2 201 Created"
2026-07-26 06:39:45,836 - INFO - HTTP Request: POST https://fhtverdbtmwjvgxlkmkz.supabase.co/rest/v1/execution_logs "HTTP/2 201 Created"
2026-07-26 06:40:24,626 - INFO - HTTP Request: POST https://fhtverdbtmwjvgxlkmkz.supabase.co/rest/v1/execution_logs "HTTP/2 201 Created"
2026-07-26 06:41:03,547 - INFO - HTTP Request: POST https://fhtverdbtmwjvgxlkmkz.supabase.co/rest/v1/execution_logs "HTTP/2 201 Created"
2026-07-26 06:41:42,113 - INFO - HTTP Request: POST https://fhtverdbtmwjvgxlkmkz.supabase.co/rest/v1/execution_logs "HTTP/2 201 Created"
2026-07-26 06:42:21,080 - INFO - HTTP Request: POST https://fhtverdbtmwjvgxlkmkz.supabase.co/rest/v1/execution_logs "HTTP/2 201 Created"
2026-07-26 06:42:59,991 - INFO - HTTP Request: POST https://fhtverdbtmwjvgxlkmkz.supabase.co/rest/v1/execution_logs "HTTP/2 201 Created"
2026-07-26 06:43:38,547 - INFO - HTTP Request: POST https://fhtverdbtmwjvgxlkmkz.supabase.co/rest/v1/execution_logs "HTTP/2 201 Created"
2026-07-26 06:44:17,299 - INFO - HTTP Request: POST https://fhtverdbtmwjvgxlkmkz.supabase.co/rest/v1/execution_logs "HTTP/2 201 Created"
2026-07-26 06:44:55,848 - INFO - HTTP Request: POST https://fhtverdbtmwjvgxlkmkz.supabase.co/rest/v1/execution_logs "HTTP/2 201 Created"
2026-07-26 06:45:34,514 - INFO - HTTP Request: POST https://fhtverdbtmwjvgxlkmkz.supabase.co/rest/v1/execution_logs "HTTP/2 201 Created"
2026-07-26 06:46:13,391 - INFO - HTTP Request: POST https://fhtverdbtmwjvgxlkmkz.supabase.co/rest/v1/execution_logs "HTTP/2 201 Created"
2026-07-26 06:46:52,446 - INFO - HTTP Request: POST https://fhtverdbtmwjvgxlkmkz.supabase.co/rest/v1/execution_logs "HTTP/2 201 Created"
2026-07-26 06:47:31,107 - INFO - HTTP Request: POST https://fhtverdbtmwjvgxlkmkz.supabase.co/rest/v1/execution_logs "HTTP/2 201 Created"
2026-07-26 06:48:09,956 - INFO - HTTP Request: POST https://fhtverdbtmwjvgxlkmkz.supabase.co/rest/v1/execution_logs "HTTP/2 201 Created"
2026-07-26 06:48:48,907 - INFO - HTTP Request: POST https://fhtverdbtmwjvgxlkmkz.supabase.co/rest/v1/execution_logs "HTTP/2 201 Created"
2026-07-26 06:49:27,507 - INFO - HTTP Request: POST https://fhtverdbtmwjvgxlkmkz.supabase.co/rest/v1/execution_logs "HTTP/2 201 Created"
2026-07-26 06:50:06,347 - INFO - HTTP Request: POST https://fhtverdbtmwjvgxlkmkz.supabase.co/rest/v1/execution_logs "HTTP/2 201 Created"
2026-07-26 06:50:45,017 - INFO - HTTP Request: POST https://fhtverdbtmwjvgxlkmkz.supabase.co/rest/v1/execution_logs "HTTP/2 201 Created"
2026-07-26 06:51:23,760 - INFO - HTTP Request: POST https://fhtverdbtmwjvgxlkmkz.supabase.co/rest/v1/execution_logs "HTTP/2 201 Created"
2026-07-26 06:52:02,618 - INFO - HTTP Request: POST https://fhtverdbtmwjvgxlkmkz.supabase.co/rest/v1/execution_logs "HTTP/2 201 Created"
2026-07-26 06:52:41,288 - INFO - HTTP Request: POST https://fhtverdbtmwjvgxlkmkz.supabase.co/rest/v1/execution_logs "HTTP/2 201 Created"
2026-07-26 06:53:19,891 - INFO - HTTP Request: POST https://fhtverdbtmwjvgxlkmkz.supabase.co/rest/v1/execution_logs "HTTP/2 201 Created"
2026-07-26 06:53:58,595 - INFO - HTTP Request: POST https://fhtverdbtmwjvgxlkmkz.supabase.co/rest/v1/execution_logs "HTTP/2 201 Created"
2026-07-26 06:54:37,455 - INFO - HTTP Request: POST https://fhtverdbtmwjvgxlkmkz.supabase.co/rest/v1/execution_logs "HTTP/2 201 Created"
2026-07-26 06:55:16,268 - INFO - HTTP Request: POST https://fhtverdbtmwjvgxlkmkz.supabase.co/rest/v1/execution_logs "HTTP/2 201 Created"
2026-07-26 06:55:54,973 - INFO - HTTP Request: POST https://fhtverdbtmwjvgxlkmkz.supabase.co/rest/v1/execution_logs "HTTP/2 201 Created"
2026-07-26 06:56:33,723 - INFO - HTTP Request: POST https://fhtverdbtmwjvgxlkmkz.supabase.co/rest/v1/execution_logs "HTTP/2 201 Created"
2026-07-26 06:57:12,749 - INFO - HTTP Request: POST https://fhtverdbtmwjvgxlkmkz.supabase.co/rest/v1/execution_logs "HTTP/2 201 Created"
2026-07-26 06:57:51,311 - INFO - HTTP Request: POST https://fhtverdbtmwjvgxlkmkz.supabase.co/rest/v1/execution_logs "HTTP/2 201 Created"
2026-07-26 06:58:29,906 - INFO - HTTP Request: POST https://fhtverdbtmwjvgxlkmkz.supabase.co/rest/v1/execution_logs "HTTP/2 201 Created"
2026-07-26 06:59:08,438 - INFO - HTTP Request: POST https://fhtverdbtmwjvgxlkmkz.supabase.co/rest/v1/execution_logs "HTTP/2 201 Created"
2026-07-26 06:59:47,519 - INFO - HTTP Request: POST https://fhtverdbtmwjvgxlkmkz.supabase.co/rest/v1/execution_logs "HTTP/2 201 Created"
2026-07-26 07:00:26,068 - INFO - HTTP Request: POST https://fhtverdbtmwjvgxlkmkz.supabase.co/rest/v1/execution_logs "HTTP/2 201 Created"
2026-07-26 07:01:04,782 - INFO - HTTP Request: POST https://fhtverdbtmwjvgxlkmkz.supabase.co/rest/v1/execution_logs "HTTP/2 201 Created"
2026-07-26 07:01:43,541 - INFO - HTTP Request: POST https://fhtverdbtmwjvgxlkmkz.supabase.co/rest/v1/execution_logs "HTTP/2 201 Created"
2026-07-26 07:02:22,250 - INFO - HTTP Request: POST https://fhtverdbtmwjvgxlkmkz.supabase.co/rest/v1/execution_logs "HTTP/2 201 Created"
2026-07-26 07:03:00,815 - INFO - HTTP Request: POST https://fhtverdbtmwjvgxlkmkz.supabase.co/rest/v1/execution_logs "HTTP/2 201 Created"
2026-07-26 07:03:39,566 - INFO - HTTP Request: POST https://fhtverdbtmwjvgxlkmkz.supabase.co/rest/v1/execution_logs "HTTP/2 201 Created"
2026-07-26 07:04:18,150 - INFO - HTTP Request: POST https://fhtverdbtmwjvgxlkmkz.supabase.co/rest/v1/execution_logs "HTTP/2 201 Created"
2026-07-26 07:04:56,751 - INFO - HTTP Request: POST https://fhtverdbtmwjvgxlkmkz.supabase.co/rest/v1/execution_logs "HTTP/2 201 Created"
2026-07-26 07:05:35,297 - INFO - HTTP Request: POST https://fhtverdbtmwjvgxlkmkz.supabase.co/rest/v1/execution_logs "HTTP/2 201 Created"
2026-07-26 07:06:14,188 - INFO - HTTP Request: POST https://fhtverdbtmwjvgxlkmkz.supabase.co/rest/v1/execution_logs "HTTP/2 201 Created"
2026-07-26 07:06:52,757 - INFO - HTTP Request: POST https://fhtverdbtmwjvgxlkmkz.supabase.co/rest/v1/execution_logs "HTTP/2 201 Created"
2026-07-26 07:07:31,321 - INFO - HTTP Request: POST https://fhtverdbtmwjvgxlkmkz.supabase.co/rest/v1/execution_logs "HTTP/2 201 Created"
2026-07-26 07:08:10,047 - INFO - HTTP Request: POST https://fhtverdbtmwjvgxlkmkz.supabase.co/rest/v1/execution_logs "HTTP/2 201 Created"
2026-07-26 07:08:48,948 - INFO - HTTP Request: POST https://fhtverdbtmwjvgxlkmkz.supabase.co/rest/v1/execution_logs "HTTP/2 201 Created"
2026-07-26 07:09:27,767 - INFO - HTTP Request: POST https://fhtverdbtmwjvgxlkmkz.supabase.co/rest/v1/execution_logs "HTTP/2 201 Created"
2026-07-26 07:10:06,272 - INFO - HTTP Request: POST https://fhtverdbtmwjvgxlkmkz.supabase.co/rest/v1/execution_logs "HTTP/2 201 Created"
2026-07-26 07:10:44,881 - INFO - HTTP Request: POST https://fhtverdbtmwjvgxlkmkz.supabase.co/rest/v1/execution_logs "HTTP/2 201 Created"
2026-07-26 07:11:23,427 - INFO - HTTP Request: POST https://fhtverdbtmwjvgxlkmkz.supabase.co/rest/v1/execution_logs "HTTP/2 201 Created"
2026-07-26 07:12:02,044 - INFO - HTTP Request: POST https://fhtverdbtmwjvgxlkmkz.supabase.co/rest/v1/execution_logs "HTTP/2 201 Created"
2026-07-26 07:12:40,854 - INFO - HTTP Request: POST https://fhtverdbtmwjvgxlkmkz.supabase.co/rest/v1/execution_logs "HTTP/2 201 Created"
2026-07-26 07:13:19,689 - INFO - HTTP Request: POST https://fhtverdbtmwjvgxlkmkz.supabase.co/rest/v1/execution_logs "HTTP/2 201 Created"
2026-07-26 07:13:58,246 - INFO - HTTP Request: POST https://fhtverdbtmwjvgxlkmkz.supabase.co/rest/v1/execution_logs "HTTP/2 201 Created"
2026-07-26 07:14:36,864 - INFO - HTTP Request: POST https://fhtverdbtmwjvgxlkmkz.supabase.co/rest/v1/execution_logs "HTTP/2 201 Created"
2026-07-26 07:15:15,952 - INFO - HTTP Request: POST https://fhtverdbtmwjvgxlkmkz.supabase.co/rest/v1/execution_logs "HTTP/2 201 Created"
2026-07-26 07:15:54,728 - INFO - HTTP Request: POST https://fhtverdbtmwjvgxlkmkz.supabase.co/rest/v1/execution_logs "HTTP/2 201 Created"
2026-07-26 07:16:33,544 - INFO - HTTP Request: POST https://fhtverdbtmwjvgxlkmkz.supabase.co/rest/v1/execution_logs "HTTP/2 201 Created"
2026-07-26 07:17:12,201 - INFO - HTTP Request: POST https://fhtverdbtmwjvgxlkmkz.supabase.co/rest/v1/execution_logs "HTTP/2 201 Created"
2026-07-26 07:17:50,802 - INFO - HTTP Request: POST https://fhtverdbtmwjvgxlkmkz.supabase.co/rest/v1/execution_logs "HTTP/2 201 Created"
2026-07-26 07:18:29,504 - INFO - HTTP Request: POST https://fhtverdbtmwjvgxlkmkz.supabase.co/rest/v1/execution_logs "HTTP/2 201 Created"
2026-07-26 07:19:08,444 - INFO - HTTP Request: POST https://fhtverdbtmwjvgxlkmkz.supabase.co/rest/v1/execution_logs "HTTP/2 201 Created"
2026-07-26 07:19:47,354 - INFO - HTTP Request: POST https://fhtverdbtmwjvgxlkmkz.supabase.co/rest/v1/execution_logs "HTTP/2 201 Created"
2026-07-26 07:20:25,928 - INFO - HTTP Request: POST https://fhtverdbtmwjvgxlkmkz.supabase.co/rest/v1/execution_logs "HTTP/2 201 Created"
2026-07-26 07:21:04,975 - INFO - HTTP Request: POST https://fhtverdbtmwjvgxlkmkz.supabase.co/rest/v1/execution_logs "HTTP/2 201 Created"
2026-07-26 07:21:43,793 - INFO - HTTP Request: POST https://fhtverdbtmwjvgxlkmkz.supabase.co/rest/v1/execution_logs "HTTP/2 201 Created"
2026-07-26 07:22:22,532 - INFO - HTTP Request: POST https://fhtverdbtmwjvgxlkmkz.supabase.co/rest/v1/execution_logs "HTTP/2 201 Created"
2026-07-26 07:23:01,404 - INFO - HTTP Request: POST https://fhtverdbtmwjvgxlkmkz.supabase.co/rest/v1/execution_logs "HTTP/2 201 Created"
2026-07-26 07:23:39,966 - INFO - HTTP Request: POST https://fhtverdbtmwjvgxlkmkz.supabase.co/rest/v1/execution_logs "HTTP/2 201 Created"
2026-07-26 07:24:18,499 - INFO - HTTP Request: POST https://fhtverdbtmwjvgxlkmkz.supabase.co/rest/v1/execution_logs "HTTP/2 201 Created"
2026-07-26 07:24:57,305 - INFO - HTTP Request: POST https://fhtverdbtmwjvgxlkmkz.supabase.co/rest/v1/execution_logs "HTTP/2 201 Created"
2026-07-26 07:25:36,132 - INFO - HTTP Request: POST https://fhtverdbtmwjvgxlkmkz.supabase.co/rest/v1/execution_logs "HTTP/2 201 Created"
2026-07-26 07:26:14,834 - INFO - HTTP Request: POST https://fhtverdbtmwjvgxlkmkz.supabase.co/rest/v1/execution_logs "HTTP/2 201 Created"
2026-07-26 07:26:53,956 - INFO - HTTP Request: POST https://fhtverdbtmwjvgxlkmkz.supabase.co/rest/v1/execution_logs "HTTP/2 201 Created"
2026-07-26 07:27:33,177 - INFO - HTTP Request: POST https://fhtverdbtmwjvgxlkmkz.supabase.co/rest/v1/execution_logs "HTTP/2 201 Created"
2026-07-26 07:28:11,875 - INFO - HTTP Request: POST https://fhtverdbtmwjvgxlkmkz.supabase.co/rest/v1/execution_logs "HTTP/2 201 Created"
2026-07-26 07:28:50,673 - INFO - HTTP Request: POST https://fhtverdbtmwjvgxlkmkz.supabase.co/rest/v1/execution_logs "HTTP/2 201 Created"
2026-07-26 07:29:29,606 - INFO - HTTP Request: POST https://fhtverdbtmwjvgxlkmkz.supabase.co/rest/v1/execution_logs "HTTP/2 201 Created"
2026-07-26 07:30:08,519 - INFO - HTTP Request: POST https://fhtverdbtmwjvgxlkmkz.supabase.co/rest/v1/execution_logs "HTTP/2 201 Created"
2026-07-26 07:30:47,118 - INFO - HTTP Request: POST https://fhtverdbtmwjvgxlkmkz.supabase.co/rest/v1/execution_logs "HTTP/2 201 Created"
2026-07-26 07:31:25,721 - INFO - HTTP Request: POST https://fhtverdbtmwjvgxlkmkz.supabase.co/rest/v1/execution_logs "HTTP/2 201 Created"
2026-07-26 07:32:04,343 - INFO - HTTP Request: POST https://fhtverdbtmwjvgxlkmkz.supabase.co/rest/v1/execution_logs "HTTP/2 201 Created"
2026-07-26 07:32:43,103 - INFO - HTTP Request: POST https://fhtverdbtmwjvgxlkmkz.supabase.co/rest/v1/execution_logs "HTTP/2 201 Created"
2026-07-26 07:33:21,770 - INFO - HTTP Request: POST https://fhtverdbtmwjvgxlkmkz.supabase.co/rest/v1/execution_logs "HTTP/2 201 Created"
2026-07-26 07:34:00,387 - INFO - HTTP Request: POST https://fhtverdbtmwjvgxlkmkz.supabase.co/rest/v1/execution_logs "HTTP/2 201 Created"
2026-07-26 07:34:39,474 - INFO - HTTP Request: POST https://fhtverdbtmwjvgxlkmkz.supabase.co/rest/v1/execution_logs "HTTP/2 201 Created"
2026-07-26 07:35:18,589 - INFO - HTTP Request: POST https://fhtverdbtmwjvgxlkmkz.supabase.co/rest/v1/execution_logs "HTTP/2 201 Created"
2026-07-26 07:35:57,138 - INFO - HTTP Request: POST https://fhtverdbtmwjvgxlkmkz.supabase.co/rest/v1/execution_logs "HTTP/2 201 Created"
2026-07-26 07:36:35,954 - INFO - HTTP Request: POST https://fhtverdbtmwjvgxlkmkz.supabase.co/rest/v1/execution_logs "HTTP/2 201 Created"
2026-07-26 07:37:14,588 - INFO - HTTP Request: POST https://fhtverdbtmwjvgxlkmkz.supabase.co/rest/v1/execution_logs "HTTP/2 201 Created"
2026-07-26 07:37:53,346 - INFO - HTTP Request: POST https://fhtverdbtmwjvgxlkmkz.supabase.co/rest/v1/execution_logs "HTTP/2 201 Created"
2026-07-26 07:38:32,074 - INFO - HTTP Request: POST https://fhtverdbtmwjvgxlkmkz.supabase.co/rest/v1/execution_logs "HTTP/2 201 Created"
2026-07-26 07:39:10,900 - INFO - HTTP Request: POST https://fhtverdbtmwjvgxlkmkz.supabase.co/rest/v1/execution_logs "HTTP/2 201 Created"
2026-07-26 07:39:49,411 - INFO - HTTP Request: POST https://fhtverdbtmwjvgxlkmkz.supabase.co/rest/v1/execution_logs "HTTP/2 201 Created"
2026-07-26 07:40:28,190 - INFO - HTTP Request: POST https://fhtverdbtmwjvgxlkmkz.supabase.co/rest/v1/execution_logs "HTTP/2 201 Created"
2026-07-26 07:41:06,749 - INFO - HTTP Request: POST https://fhtverdbtmwjvgxlkmkz.supabase.co/rest/v1/execution_logs "HTTP/2 201 Created"
2026-07-26 07:41:45,709 - INFO - HTTP Request: POST https://fhtverdbtmwjvgxlkmkz.supabase.co/rest/v1/execution_logs "HTTP/2 201 Created"
2026-07-26 07:42:24,465 - INFO - HTTP Request: POST https://fhtverdbtmwjvgxlkmkz.supabase.co/rest/v1/execution_logs "HTTP/2 201 Created"
2026-07-26 07:43:03,436 - INFO - HTTP Request: POST https://fhtverdbtmwjvgxlkmkz.supabase.co/rest/v1/execution_logs "HTTP/2 201 Created"
2026-07-26 07:43:42,139 - INFO - HTTP Request: POST https://fhtverdbtmwjvgxlkmkz.supabase.co/rest/v1/execution_logs "HTTP/2 201 Created"
2026-07-26 07:44:20,991 - INFO - HTTP Request: POST https://fhtverdbtmwjvgxlkmkz.supabase.co/rest/v1/execution_logs "HTTP/2 201 Created"
2026-07-26 07:44:59,610 - INFO - HTTP Request: POST https://fhtverdbtmwjvgxlkmkz.supabase.co/rest/v1/execution_logs "HTTP/2 201 Created"
2026-07-26 07:45:38,220 - INFO - HTTP Request: POST https://fhtverdbtmwjvgxlkmkz.supabase.co/rest/v1/execution_logs "HTTP/2 201 Created"
2026-07-26 07:46:17,080 - INFO - HTTP Request: POST https://fhtverdbtmwjvgxlkmkz.supabase.co/rest/v1/execution_logs "HTTP/2 201 Created"
2026-07-26 07:46:55,906 - INFO - HTTP Request: POST https://fhtverdbtmwjvgxlkmkz.supabase.co/rest/v1/execution_logs "HTTP/2 201 Created"
2026-07-26 07:47:34,460 - INFO - HTTP Request: POST https://fhtverdbtmwjvgxlkmkz.supabase.co/rest/v1/execution_logs "HTTP/2 201 Created"
2026-07-26 07:48:13,352 - INFO - HTTP Request: POST https://fhtverdbtmwjvgxlkmkz.supabase.co/rest/v1/execution_logs "HTTP/2 201 Created"
2026-07-26 07:48:52,122 - INFO - HTTP Request: POST https://fhtverdbtmwjvgxlkmkz.supabase.co/rest/v1/execution_logs "HTTP/2 201 Created"
2026-07-26 07:49:30,736 - INFO - HTTP Request: POST https://fhtverdbtmwjvgxlkmkz.supabase.co/rest/v1/execution_logs "HTTP/2 201 Created"
2026-07-26 07:50:09,643 - INFO - HTTP Request: POST https://fhtverdbtmwjvgxlkmkz.supabase.co/rest/v1/execution_logs "HTTP/2 201 Created"
2026-07-26 07:50:48,268 - INFO - HTTP Request: POST https://fhtverdbtmwjvgxlkmkz.supabase.co/rest/v1/execution_logs "HTTP/2 201 Created"
2026-07-26 07:51:27,262 - INFO - HTTP Request: POST https://fhtverdbtmwjvgxlkmkz.supabase.co/rest/v1/execution_logs "HTTP/2 201 Created"
2026-07-26 07:52:06,135 - INFO - HTTP Request: POST https://fhtverdbtmwjvgxlkmkz.supabase.co/rest/v1/execution_logs "HTTP/2 201 Created"
2026-07-26 07:52:44,725 - INFO - HTTP Request: POST https://fhtverdbtmwjvgxlkmkz.supabase.co/rest/v1/execution_logs "HTTP/2 201 Created"
2026-07-26 07:53:23,406 - INFO - HTTP Request: POST https://fhtverdbtmwjvgxlkmkz.supabase.co/rest/v1/execution_logs "HTTP/2 201 Created"
2026-07-26 07:54:02,056 - INFO - HTTP Request: POST https://fhtverdbtmwjvgxlkmkz.supabase.co/rest/v1/execution_logs "HTTP/2 201 Created"
2026-07-26 07:54:40,815 - INFO - HTTP Request: POST https://fhtverdbtmwjvgxlkmkz.supabase.co/rest/v1/execution_logs "HTTP/2 201 Created"
2026-07-26 07:55:19,549 - INFO - HTTP Request: POST https://fhtverdbtmwjvgxlkmkz.supabase.co/rest/v1/execution_logs "HTTP/2 201 Created"
2026-07-26 07:55:58,626 - INFO - HTTP Request: POST https://fhtverdbtmwjvgxlkmkz.supabase.co/rest/v1/execution_logs "HTTP/2 201 Created"
2026-07-26 07:56:37,442 - INFO - HTTP Request: POST https://fhtverdbtmwjvgxlkmkz.supabase.co/rest/v1/execution_logs "HTTP/2 201 Created"
2026-07-26 07:57:16,236 - INFO - HTTP Request: POST https://fhtverdbtmwjvgxlkmkz.supabase.co/rest/v1/execution_logs "HTTP/2 201 Created"
2026-07-26 07:57:55,003 - INFO - HTTP Request: POST https://fhtverdbtmwjvgxlkmkz.supabase.co/rest/v1/execution_logs "HTTP/2 201 Created"
2026-07-26 07:58:33,797 - INFO - HTTP Request: POST https://fhtverdbtmwjvgxlkmkz.supabase.co/rest/v1/execution_logs "HTTP/2 201 Created"
2026-07-26 07:59:12,623 - INFO - HTTP Request: POST https://fhtverdbtmwjvgxlkmkz.supabase.co/rest/v1/execution_logs "HTTP/2 201 Created"
2026-07-26 07:59:51,634 - INFO - HTTP Request: POST https://fhtverdbtmwjvgxlkmkz.supabase.co/rest/v1/execution_logs "HTTP/2 201 Created"
2026-07-26 08:00:30,168 - INFO - HTTP Request: POST https://fhtverdbtmwjvgxlkmkz.supabase.co/rest/v1/execution_logs "HTTP/2 201 Created"
2026-07-26 08:01:08,915 - INFO - HTTP Request: POST https://fhtverdbtmwjvgxlkmkz.supabase.co/rest/v1/execution_logs "HTTP/2 201 Created"
2026-07-26 08:01:47,853 - INFO - HTTP Request: POST https://fhtverdbtmwjvgxlkmkz.supabase.co/rest/v1/execution_logs "HTTP/2 201 Created"
2026-07-26 08:02:26,868 - INFO - HTTP Request: POST https://fhtverdbtmwjvgxlkmkz.supabase.co/rest/v1/execution_logs "HTTP/2 201 Created"
2026-07-26 08:03:05,755 - INFO - HTTP Request: POST https://fhtverdbtmwjvgxlkmkz.supabase.co/rest/v1/execution_logs "HTTP/2 201 Created"
2026-07-26 08:03:44,412 - INFO - HTTP Request: POST https://fhtverdbtmwjvgxlkmkz.supabase.co/rest/v1/execution_logs "HTTP/2 201 Created"
2026-07-26 08:04:23,355 - INFO - HTTP Request: POST https://fhtverdbtmwjvgxlkmkz.supabase.co/rest/v1/execution_logs "HTTP/2 201 Created"
2026-07-26 08:05:01,993 - INFO - HTTP Request: POST https://fhtverdbtmwjvgxlkmkz.supabase.co/rest/v1/execution_logs "HTTP/2 201 Created"
2026-07-26 08:05:41,024 - INFO - HTTP Request: POST https://fhtverdbtmwjvgxlkmkz.supabase.co/rest/v1/execution_logs "HTTP/2 201 Created"
2026-07-26 08:06:19,714 - INFO - HTTP Request: POST https://fhtverdbtmwjvgxlkmkz.supabase.co/rest/v1/execution_logs "HTTP/2 201 Created"
2026-07-26 08:06:58,563 - INFO - HTTP Request: POST https://fhtverdbtmwjvgxlkmkz.supabase.co/rest/v1/execution_logs "HTTP/2 201 Created"
2026-07-26 08:07:37,451 - INFO - HTTP Request: POST https://fhtverdbtmwjvgxlkmkz.supabase.co/rest/v1/execution_logs "HTTP/2 201 Created"
2026-07-26 08:08:16,565 - INFO - HTTP Request: POST https://fhtverdbtmwjvgxlkmkz.supabase.co/rest/v1/execution_logs "HTTP/2 201 Created"
2026-07-26 08:08:55,146 - INFO - HTTP Request: POST https://fhtverdbtmwjvgxlkmkz.supabase.co/rest/v1/execution_logs "HTTP/2 201 Created"
2026-07-26 08:09:33,855 - INFO - HTTP Request: POST https://fhtverdbtmwjvgxlkmkz.supabase.co/rest/v1/execution_logs "HTTP/2 201 Created"
2026-07-26 08:10:13,204 - INFO - HTTP Request: POST https://fhtverdbtmwjvgxlkmkz.supabase.co/rest/v1/execution_logs "HTTP/2 201 Created"
2026-07-26 08:10:51,952 - INFO - HTTP Request: POST https://fhtverdbtmwjvgxlkmkz.supabase.co/rest/v1/execution_logs "HTTP/2 201 Created"
2026-07-26 08:11:30,542 - INFO - HTTP Request: POST https://fhtverdbtmwjvgxlkmkz.supabase.co/rest/v1/execution_logs "HTTP/2 201 Created"
2026-07-26 08:12:09,403 - INFO - HTTP Request: POST https://fhtverdbtmwjvgxlkmkz.supabase.co/rest/v1/execution_logs "HTTP/2 201 Created"
2026-07-26 08:12:48,145 - INFO - HTTP Request: POST https://fhtverdbtmwjvgxlkmkz.supabase.co/rest/v1/execution_logs "HTTP/2 201 Created"
2026-07-26 08:13:26,844 - INFO - HTTP Request: POST https://fhtverdbtmwjvgxlkmkz.supabase.co/rest/v1/execution_logs "HTTP/2 201 Created"
2026-07-26 08:14:05,394 - INFO - HTTP Request: POST https://fhtverdbtmwjvgxlkmkz.supabase.co/rest/v1/execution_logs "HTTP/2 201 Created"
2026-07-26 08:14:43,923 - INFO - HTTP Request: POST https://fhtverdbtmwjvgxlkmkz.supabase.co/rest/v1/execution_logs "HTTP/2 201 Created"
2026-07-26 08:15:22,658 - INFO - HTTP Request: POST https://fhtverdbtmwjvgxlkmkz.supabase.co/rest/v1/execution_logs "HTTP/2 201 Created"
2026-07-26 08:16:01,259 - INFO - HTTP Request: POST https://fhtverdbtmwjvgxlkmkz.supabase.co/rest/v1/execution_logs "HTTP/2 201 Created"
2026-07-26 08:16:39,840 - INFO - HTTP Request: POST https://fhtverdbtmwjvgxlkmkz.supabase.co/rest/v1/execution_logs "HTTP/2 201 Created"
2026-07-26 08:17:18,436 - INFO - HTTP Request: POST https://fhtverdbtmwjvgxlkmkz.supabase.co/rest/v1/execution_logs "HTTP/2 201 Created"
2026-07-26 08:17:57,106 - INFO - HTTP Request: POST https://fhtverdbtmwjvgxlkmkz.supabase.co/rest/v1/execution_logs "HTTP/2 201 Created"
2026-07-26 08:18:35,895 - INFO - HTTP Request: POST https://fhtverdbtmwjvgxlkmkz.supabase.co/rest/v1/execution_logs "HTTP/2 201 Created"
2026-07-26 08:19:14,904 - INFO - HTTP Request: POST https://fhtverdbtmwjvgxlkmkz.supabase.co/rest/v1/execution_logs "HTTP/2 201 Created"
2026-07-26 08:19:53,642 - INFO - HTTP Request: POST https://fhtverdbtmwjvgxlkmkz.supabase.co/rest/v1/execution_logs "HTTP/2 201 Created"
2026-07-26 08:20:32,527 - INFO - HTTP Request: POST https://fhtverdbtmwjvgxlkmkz.supabase.co/rest/v1/execution_logs "HTTP/2 201 Created"
2026-07-26 08:21:11,255 - INFO - HTTP Request: POST https://fhtverdbtmwjvgxlkmkz.supabase.co/rest/v1/execution_logs "HTTP/2 201 Created"
2026-07-26 08:21:49,836 - INFO - HTTP Request: POST https://fhtverdbtmwjvgxlkmkz.supabase.co/rest/v1/execution_logs "HTTP/2 201 Created"
2026-07-26 08:22:28,605 - INFO - HTTP Request: POST https://fhtverdbtmwjvgxlkmkz.supabase.co/rest/v1/execution_logs "HTTP/2 201 Created"
2026-07-26 08:23:07,160 - INFO - HTTP Request: POST https://fhtverdbtmwjvgxlkmkz.supabase.co/rest/v1/execution_logs "HTTP/2 201 Created"
2026-07-26 08:23:45,759 - INFO - HTTP Request: POST https://fhtverdbtmwjvgxlkmkz.supabase.co/rest/v1/execution_logs "HTTP/2 201 Created"
2026-07-26 08:24:24,395 - INFO - HTTP Request: POST https://fhtverdbtmwjvgxlkmkz.supabase.co/rest/v1/execution_logs "HTTP/2 201 Created"
2026-07-26 08:25:03,161 - INFO - HTTP Request: POST https://fhtverdbtmwjvgxlkmkz.supabase.co/rest/v1/execution_logs "HTTP/2 201 Created"
2026-07-26 08:25:42,097 - INFO - HTTP Request: POST https://fhtverdbtmwjvgxlkmkz.supabase.co/rest/v1/execution_logs "HTTP/2 201 Created"
2026-07-26 08:26:20,666 - INFO - HTTP Request: POST https://fhtverdbtmwjvgxlkmkz.supabase.co/rest/v1/execution_logs "HTTP/2 201 Created"
2026-07-26 08:26:59,432 - INFO - HTTP Request: POST https://fhtverdbtmwjvgxlkmkz.supabase.co/rest/v1/execution_logs "HTTP/2 201 Created"
2026-07-26 08:27:37,994 - INFO - HTTP Request: POST https://fhtverdbtmwjvgxlkmkz.supabase.co/rest/v1/execution_logs "HTTP/2 201 Created"
2026-07-26 08:28:16,783 - INFO - HTTP Request: POST https://fhtverdbtmwjvgxlkmkz.supabase.co/rest/v1/execution_logs "HTTP/2 201 Created"
2026-07-26 08:28:55,491 - INFO - HTTP Request: POST https://fhtverdbtmwjvgxlkmkz.supabase.co/rest/v1/execution_logs "HTTP/2 201 Created"
2026-07-26 08:29:34,533 - INFO - HTTP Request: POST https://fhtverdbtmwjvgxlkmkz.supabase.co/rest/v1/execution_logs "HTTP/2 201 Created"
2026-07-26 08:30:13,216 - INFO - HTTP Request: POST https://fhtverdbtmwjvgxlkmkz.supabase.co/rest/v1/execution_logs "HTTP/2 201 Created"
2026-07-26 08:30:51,867 - INFO - HTTP Request: POST https://fhtverdbtmwjvgxlkmkz.supabase.co/rest/v1/execution_logs "HTTP/2 201 Created"
2026-07-26 08:31:30,758 - INFO - HTTP Request: POST https://fhtverdbtmwjvgxlkmkz.supabase.co/rest/v1/execution_logs "HTTP/2 201 Created"
2026-07-26 08:32:09,347 - INFO - HTTP Request: POST https://fhtverdbtmwjvgxlkmkz.supabase.co/rest/v1/execution_logs "HTTP/2 201 Created"
2026-07-26 08:32:47,936 - INFO - HTTP Request: POST https://fhtverdbtmwjvgxlkmkz.supabase.co/rest/v1/execution_logs "HTTP/2 201 Created"
2026-07-26 08:33:26,728 - INFO - HTTP Request: POST https://fhtverdbtmwjvgxlkmkz.supabase.co/rest/v1/execution_logs "HTTP/2 201 Created"
2026-07-26 08:34:05,508 - INFO - HTTP Request: POST https://fhtverdbtmwjvgxlkmkz.supabase.co/rest/v1/execution_logs "HTTP/2 201 Created"
2026-07-26 08:34:44,501 - INFO - HTTP Request: POST https://fhtverdbtmwjvgxlkmkz.supabase.co/rest/v1/execution_logs "HTTP/2 201 Created"
2026-07-26 08:35:23,418 - INFO - HTTP Request: POST https://fhtverdbtmwjvgxlkmkz.supabase.co/rest/v1/execution_logs "HTTP/2 201 Created"
2026-07-26 08:36:01,965 - INFO - HTTP Request: POST https://fhtverdbtmwjvgxlkmkz.supabase.co/rest/v1/execution_logs "HTTP/2 201 Created"
2026-07-26 08:36:40,552 - INFO - HTTP Request: POST https://fhtverdbtmwjvgxlkmkz.supabase.co/rest/v1/execution_logs "HTTP/2 201 Created"
2026-07-26 08:37:19,168 - INFO - HTTP Request: POST https://fhtverdbtmwjvgxlkmkz.supabase.co/rest/v1/execution_logs "HTTP/2 201 Created"
2026-07-26 08:37:57,705 - INFO - HTTP Request: POST https://fhtverdbtmwjvgxlkmkz.supabase.co/rest/v1/execution_logs "HTTP/2 201 Created"
2026-07-26 08:38:36,611 - INFO - HTTP Request: POST https://fhtverdbtmwjvgxlkmkz.supabase.co/rest/v1/execution_logs "HTTP/2 201 Created"
2026-07-26 08:39:15,557 - INFO - HTTP Request: POST https://fhtverdbtmwjvgxlkmkz.supabase.co/rest/v1/execution_logs "HTTP/2 201 Created"
2026-07-26 08:39:54,227 - INFO - HTTP Request: POST https://fhtverdbtmwjvgxlkmkz.supabase.co/rest/v1/execution_logs "HTTP/2 201 Created"
2026-07-26 08:40:33,027 - INFO - HTTP Request: POST https://fhtverdbtmwjvgxlkmkz.supabase.co/rest/v1/execution_logs "HTTP/2 201 Created"
2026-07-26 08:56:53,070 - ERROR - Cloud sync error: Server disconnected
2026-07-26 08:57:43,863 - ERROR - Cloud sync error: [Errno 54] Connection reset by peer
2026-07-26 08:58:27,694 - INFO - HTTP Request: POST https://fhtverdbtmwjvgxlkmkz.supabase.co/rest/v1/execution_logs "HTTP/2 201 Created"
2026-07-26 08:59:50,659 - ERROR - Cloud sync error: [Errno 54] Connection reset by peer
2026-07-26 09:02:53,268 - ERROR - Cloud sync error: _ssl.c:1064: The handshake operation timed out
2026-07-26 09:03:32,494 - INFO - HTTP Request: POST https://fhtverdbtmwjvgxlkmkz.supabase.co/rest/v1/execution_logs "HTTP/2 201 Created"
2026-07-26 09:04:11,553 - INFO - HTTP Request: POST https://fhtverdbtmwjvgxlkmkz.supabase.co/rest/v1/execution_logs "HTTP/2 201 Created"
2026-07-26 09:04:50,372 - INFO - HTTP Request: POST https://fhtverdbtmwjvgxlkmkz.supabase.co/rest/v1/execution_logs "HTTP/2 201 Created"
2026-07-26 09:05:29,459 - INFO - HTTP Request: POST https://fhtverdbtmwjvgxlkmkz.supabase.co/rest/v1/execution_logs "HTTP/2 201 Created"
2026-07-26 09:06:08,073 - INFO - HTTP Request: POST https://fhtverdbtmwjvgxlkmkz.supabase.co/rest/v1/execution_logs "HTTP/2 201 Created"
2026-07-26 09:06:46,885 - INFO - HTTP Request: POST https://fhtverdbtmwjvgxlkmkz.supabase.co/rest/v1/execution_logs "HTTP/2 201 Created"
2026-07-26 09:07:25,773 - INFO - HTTP Request: POST https://fhtverdbtmwjvgxlkmkz.supabase.co/rest/v1/execution_logs "HTTP/2 201 Created"
2026-07-26 09:08:04,516 - INFO - HTTP Request: POST https://fhtverdbtmwjvgxlkmkz.supabase.co/rest/v1/execution_logs "HTTP/2 201 Created"
2026-07-26 09:08:43,297 - INFO - HTTP Request: POST https://fhtverdbtmwjvgxlkmkz.supabase.co/rest/v1/execution_logs "HTTP/2 201 Created"
2026-07-26 09:09:22,318 - INFO - HTTP Request: POST https://fhtverdbtmwjvgxlkmkz.supabase.co/rest/v1/execution_logs "HTTP/2 201 Created"
2026-07-26 09:10:01,220 - INFO - HTTP Request: POST https://fhtverdbtmwjvgxlkmkz.supabase.co/rest/v1/execution_logs "HTTP/2 201 Created"
2026-07-26 09:10:39,928 - INFO - HTTP Request: POST https://fhtverdbtmwjvgxlkmkz.supabase.co/rest/v1/execution_logs "HTTP/2 201 Created"
2026-07-26 09:11:18,748 - INFO - HTTP Request: POST https://fhtverdbtmwjvgxlkmkz.supabase.co/rest/v1/execution_logs "HTTP/2 201 Created"
2026-07-26 09:11:57,864 - INFO - HTTP Request: POST https://fhtverdbtmwjvgxlkmkz.supabase.co/rest/v1/execution_logs "HTTP/2 201 Created"
2026-07-26 09:12:36,794 - INFO - HTTP Request: POST https://fhtverdbtmwjvgxlkmkz.supabase.co/rest/v1/execution_logs "HTTP/2 201 Created"
2026-07-26 09:13:34,608 - ERROR - Cloud sync error: [Errno 54] Connection reset by peer
2026-07-26 09:14:23,989 - INFO - HTTP Request: POST https://fhtverdbtmwjvgxlkmkz.supabase.co/rest/v1/execution_logs "HTTP/2 201 Created"
2026-07-26 09:15:03,516 - INFO - HTTP Request: POST https://fhtverdbtmwjvgxlkmkz.supabase.co/rest/v1/execution_logs "HTTP/2 201 Created"
2026-07-26 09:15:49,895 - ERROR - Cloud sync error: [Errno 54] Connection reset by peer
2026-07-26 09:16:29,430 - INFO - HTTP Request: POST https://fhtverdbtmwjvgxlkmkz.supabase.co/rest/v1/execution_logs "HTTP/2 201 Created"
2026-07-26 09:17:18,222 - INFO - HTTP Request: POST https://fhtverdbtmwjvgxlkmkz.supabase.co/rest/v1/execution_logs "HTTP/2 201 Created"
2026-07-26 09:17:57,475 - INFO - HTTP Request: POST https://fhtverdbtmwjvgxlkmkz.supabase.co/rest/v1/execution_logs "HTTP/2 201 Created"
2026-07-26 09:18:37,873 - INFO - HTTP Request: POST https://fhtverdbtmwjvgxlkmkz.supabase.co/rest/v1/execution_logs "HTTP/2 201 Created"
2026-07-26 09:19:18,476 - INFO - HTTP Request: POST https://fhtverdbtmwjvgxlkmkz.supabase.co/rest/v1/execution_logs "HTTP/2 201 Created"
2026-07-26 09:19:58,522 - INFO - HTTP Request: POST https://fhtverdbtmwjvgxlkmkz.supabase.co/rest/v1/execution_logs "HTTP/2 201 Created"
2026-07-26 09:20:37,584 - INFO - HTTP Request: POST https://fhtverdbtmwjvgxlkmkz.supabase.co/rest/v1/execution_logs "HTTP/2 201 Created"
2026-07-26 09:21:17,194 - INFO - HTTP Request: POST https://fhtverdbtmwjvgxlkmkz.supabase.co/rest/v1/execution_logs "HTTP/2 201 Created"
2026-07-26 09:21:57,693 - INFO - HTTP Request: POST https://fhtverdbtmwjvgxlkmkz.supabase.co/rest/v1/execution_logs "HTTP/2 201 Created"
2026-07-26 09:22:37,870 - INFO - HTTP Request: POST https://fhtverdbtmwjvgxlkmkz.supabase.co/rest/v1/execution_logs "HTTP/2 201 Created"
2026-07-26 09:23:17,293 - INFO - HTTP Request: POST https://fhtverdbtmwjvgxlkmkz.supabase.co/rest/v1/execution_logs "HTTP/2 201 Created"
2026-07-26 09:23:56,771 - INFO - HTTP Request: POST https://fhtverdbtmwjvgxlkmkz.supabase.co/rest/v1/execution_logs "HTTP/2 201 Created"
2026-07-26 09:25:15,454 - ERROR - Cloud sync error: [Errno 54] Connection reset by peer
2026-07-26 09:28:15,467 - ERROR - Cloud sync error: [Errno 54] Connection reset by peer
2026-07-26 09:29:23,796 - ERROR - Cloud sync error: [Errno 8] nodename nor servname provided, or not known
2026-07-26 09:31:12,992 - ERROR - Cloud sync error: [Errno 54] Connection reset by peer
2026-07-26 09:32:16,721 - INFO - HTTP Request: POST https://fhtverdbtmwjvgxlkmkz.supabase.co/rest/v1/execution_logs "HTTP/2 201 Created"
2026-07-26 09:33:18,577 - ERROR - Cloud sync error: [Errno 54] Connection reset by peer
2026-07-26 09:34:08,666 - INFO - HTTP Request: POST https://fhtverdbtmwjvgxlkmkz.supabase.co/rest/v1/execution_logs "HTTP/2 201 Created"
2026-07-26 09:34:49,933 - INFO - HTTP Request: POST https://fhtverdbtmwjvgxlkmkz.supabase.co/rest/v1/execution_logs "HTTP/2 201 Created"
2026-07-26 09:35:32,518 - INFO - HTTP Request: POST https://fhtverdbtmwjvgxlkmkz.supabase.co/rest/v1/execution_logs "HTTP/2 201 Created"
2026-07-26 09:36:13,033 - INFO - HTTP Request: POST https://fhtverdbtmwjvgxlkmkz.supabase.co/rest/v1/execution_logs "HTTP/2 201 Created"
2026-07-26 09:36:53,605 - INFO - HTTP Request: POST https://fhtverdbtmwjvgxlkmkz.supabase.co/rest/v1/execution_logs "HTTP/2 201 Created"
2026-07-26 09:37:34,194 - INFO - HTTP Request: POST https://fhtverdbtmwjvgxlkmkz.supabase.co/rest/v1/execution_logs "HTTP/2 201 Created"
2026-07-26 09:38:17,862 - INFO - HTTP Request: POST https://fhtverdbtmwjvgxlkmkz.supabase.co/rest/v1/execution_logs "HTTP/2 201 Created"
2026-07-26 09:38:57,939 - INFO - HTTP Request: POST https://fhtverdbtmwjvgxlkmkz.supabase.co/rest/v1/execution_logs "HTTP/2 201 Created"
2026-07-26 09:39:37,780 - INFO - HTTP Request: POST https://fhtverdbtmwjvgxlkmkz.supabase.co/rest/v1/execution_logs "HTTP/2 201 Created"
2026-07-26 09:40:19,244 - INFO - HTTP Request: POST https://fhtverdbtmwjvgxlkmkz.supabase.co/rest/v1/execution_logs "HTTP/2 201 Created"
2026-07-26 09:41:28,232 - ERROR - Cloud sync error: [Errno 54] Connection reset by peer
2026-07-26 09:42:15,708 - INFO - HTTP Request: POST https://fhtverdbtmwjvgxlkmkz.supabase.co/rest/v1/execution_logs "HTTP/2 201 Created"
2026-07-26 09:42:55,794 - INFO - HTTP Request: POST https://fhtverdbtmwjvgxlkmkz.supabase.co/rest/v1/execution_logs "HTTP/2 201 Created"
2026-07-26 09:43:35,881 - INFO - HTTP Request: POST https://fhtverdbtmwjvgxlkmkz.supabase.co/rest/v1/execution_logs "HTTP/2 201 Created"
2026-07-26 09:44:16,748 - INFO - HTTP Request: POST https://fhtverdbtmwjvgxlkmkz.supabase.co/rest/v1/execution_logs "HTTP/2 201 Created"
2026-07-26 09:44:58,361 - INFO - HTTP Request: POST https://fhtverdbtmwjvgxlkmkz.supabase.co/rest/v1/execution_logs "HTTP/2 201 Created"
2026-07-26 09:45:38,504 - INFO - HTTP Request: POST https://fhtverdbtmwjvgxlkmkz.supabase.co/rest/v1/execution_logs "HTTP/2 201 Created"
2026-07-26 09:46:18,026 - INFO - HTTP Request: POST https://fhtverdbtmwjvgxlkmkz.supabase.co/rest/v1/execution_logs "HTTP/2 201 Created"
2026-07-26 09:47:00,040 - INFO - HTTP Request: POST https://fhtverdbtmwjvgxlkmkz.supabase.co/rest/v1/execution_logs "HTTP/2 201 Created"
2026-07-26 09:47:39,643 - INFO - HTTP Request: POST https://fhtverdbtmwjvgxlkmkz.supabase.co/rest/v1/execution_logs "HTTP/2 201 Created"
2026-07-26 09:48:20,802 - INFO - HTTP Request: POST https://fhtverdbtmwjvgxlkmkz.supabase.co/rest/v1/execution_logs "HTTP/2 201 Created"
2026-07-26 09:49:00,178 - INFO - HTTP Request: POST https://fhtverdbtmwjvgxlkmkz.supabase.co/rest/v1/execution_logs "HTTP/2 201 Created"
2026-07-26 09:49:39,965 - INFO - HTTP Request: POST https://fhtverdbtmwjvgxlkmkz.supabase.co/rest/v1/execution_logs "HTTP/2 201 Created"
2026-07-26 09:50:19,492 - INFO - HTTP Request: POST https://fhtverdbtmwjvgxlkmkz.supabase.co/rest/v1/execution_logs "HTTP/2 201 Created"
2026-07-26 09:50:59,554 - INFO - HTTP Request: POST https://fhtverdbtmwjvgxlkmkz.supabase.co/rest/v1/execution_logs "HTTP/2 201 Created"
2026-07-26 09:51:39,772 - INFO - HTTP Request: POST https://fhtverdbtmwjvgxlkmkz.supabase.co/rest/v1/execution_logs "HTTP/2 201 Created"
2026-07-26 09:52:19,912 - INFO - HTTP Request: POST https://fhtverdbtmwjvgxlkmkz.supabase.co/rest/v1/execution_logs "HTTP/2 201 Created"
2026-07-26 09:52:59,431 - INFO - HTTP Request: POST https://fhtverdbtmwjvgxlkmkz.supabase.co/rest/v1/execution_logs "HTTP/2 201 Created"
2026-07-26 09:53:39,626 - INFO - HTTP Request: POST https://fhtverdbtmwjvgxlkmkz.supabase.co/rest/v1/execution_logs "HTTP/2 201 Created"
2026-07-26 09:54:21,825 - INFO - HTTP Request: POST https://fhtverdbtmwjvgxlkmkz.supabase.co/rest/v1/execution_logs "HTTP/2 201 Created"
2026-07-26 09:55:02,227 - INFO - HTTP Request: POST https://fhtverdbtmwjvgxlkmkz.supabase.co/rest/v1/execution_logs "HTTP/2 201 Created"
2026-07-26 09:55:43,120 - INFO - HTTP Request: POST https://fhtverdbtmwjvgxlkmkz.supabase.co/rest/v1/execution_logs "HTTP/2 201 Created"
2026-07-26 09:56:23,833 - INFO - HTTP Request: POST https://fhtverdbtmwjvgxlkmkz.supabase.co/rest/v1/execution_logs "HTTP/2 201 Created"
2026-07-26 09:57:03,981 - INFO - HTTP Request: POST https://fhtverdbtmwjvgxlkmkz.supabase.co/rest/v1/execution_logs "HTTP/2 201 Created"
2026-07-26 09:57:43,713 - INFO - HTTP Request: POST https://fhtverdbtmwjvgxlkmkz.supabase.co/rest/v1/execution_logs "HTTP/2 201 Created"
2026-07-26 09:58:25,793 - INFO - HTTP Request: POST https://fhtverdbtmwjvgxlkmkz.supabase.co/rest/v1/execution_logs "HTTP/2 201 Created"
2026-07-26 09:59:07,069 - INFO - HTTP Request: POST https://fhtverdbtmwjvgxlkmkz.supabase.co/rest/v1/execution_logs "HTTP/2 201 Created"
2026-07-26 09:59:46,593 - INFO - HTTP Request: POST https://fhtverdbtmwjvgxlkmkz.supabase.co/rest/v1/execution_logs "HTTP/2 201 Created"
2026-07-26 10:00:26,626 - INFO - HTTP Request: POST https://fhtverdbtmwjvgxlkmkz.supabase.co/rest/v1/execution_logs "HTTP/2 201 Created"
2026-07-26 10:01:06,451 - INFO - HTTP Request: POST https://fhtverdbtmwjvgxlkmkz.supabase.co/rest/v1/execution_logs "HTTP/2 201 Created"
2026-07-26 10:01:45,868 - INFO - HTTP Request: POST https://fhtverdbtmwjvgxlkmkz.supabase.co/rest/v1/execution_logs "HTTP/2 201 Created"
2026-07-26 10:02:25,820 - INFO - HTTP Request: POST https://fhtverdbtmwjvgxlkmkz.supabase.co/rest/v1/execution_logs "HTTP/2 201 Created"
2026-07-26 10:03:05,206 - INFO - HTTP Request: POST https://fhtverdbtmwjvgxlkmkz.supabase.co/rest/v1/execution_logs "HTTP/2 201 Created"
2026-07-26 10:03:45,746 - INFO - HTTP Request: POST https://fhtverdbtmwjvgxlkmkz.supabase.co/rest/v1/execution_logs "HTTP/2 201 Created"
2026-07-26 10:04:30,553 - INFO - HTTP Request: POST https://fhtverdbtmwjvgxlkmkz.supabase.co/rest/v1/execution_logs "HTTP/2 201 Created"
2026-07-26 10:05:14,702 - INFO - HTTP Request: POST https://fhtverdbtmwjvgxlkmkz.supabase.co/rest/v1/execution_logs "HTTP/2 201 Created"
2026-07-26 10:05:55,498 - INFO - HTTP Request: POST https://fhtverdbtmwjvgxlkmkz.supabase.co/rest/v1/execution_logs "HTTP/2 201 Created"
2026-07-26 10:06:35,604 - INFO - HTTP Request: POST https://fhtverdbtmwjvgxlkmkz.supabase.co/rest/v1/execution_logs "HTTP/2 201 Created"
2026-07-26 10:07:18,437 - INFO - HTTP Request: POST https://fhtverdbtmwjvgxlkmkz.supabase.co/rest/v1/execution_logs "HTTP/2 201 Created"
2026-07-26 10:07:57,932 - INFO - HTTP Request: POST https://fhtverdbtmwjvgxlkmkz.supabase.co/rest/v1/execution_logs "HTTP/2 201 Created"
2026-07-26 10:08:53,378 - ERROR - Cloud sync error: [Errno 54] Connection reset by peer
2026-07-26 10:12:06,737 - ERROR - Cloud sync error: [Errno 60] Operation timed out
2026-07-26 10:13:08,611 - ERROR - Cloud sync error: [Errno 54] Connection reset by peer
2026-07-26 10:14:02,785 - ERROR - Cloud sync error: [Errno 54] Connection reset by peer
2026-07-26 10:15:37,025 - ERROR - Cloud sync error: [SSL: UNEXPECTED_EOF_WHILE_READING] EOF occurred in violation of protocol (_ssl.c:1082)
2026-07-26 10:16:39,968 - INFO - HTTP Request: POST https://fhtverdbtmwjvgxlkmkz.supabase.co/rest/v1/execution_logs "HTTP/2 201 Created"
2026-07-26 10:17:19,058 - INFO - HTTP Request: POST https://fhtverdbtmwjvgxlkmkz.supabase.co/rest/v1/execution_logs "HTTP/2 201 Created"
2026-07-26 10:17:57,885 - INFO - HTTP Request: POST https://fhtverdbtmwjvgxlkmkz.supabase.co/rest/v1/execution_logs "HTTP/2 201 Created"
2026-07-26 10:18:36,627 - INFO - HTTP Request: POST https://fhtverdbtmwjvgxlkmkz.supabase.co/rest/v1/execution_logs "HTTP/2 201 Created"
2026-07-26 10:19:15,234 - INFO - HTTP Request: POST https://fhtverdbtmwjvgxlkmkz.supabase.co/rest/v1/execution_logs "HTTP/2 201 Created"
2026-07-26 10:19:54,399 - INFO - HTTP Request: POST https://fhtverdbtmwjvgxlkmkz.supabase.co/rest/v1/execution_logs "HTTP/2 201 Created"
2026-07-26 10:20:33,300 - INFO - HTTP Request: POST https://fhtverdbtmwjvgxlkmkz.supabase.co/rest/v1/execution_logs "HTTP/2 201 Created"
2026-07-26 10:21:12,334 - INFO - HTTP Request: POST https://fhtverdbtmwjvgxlkmkz.supabase.co/rest/v1/execution_logs "HTTP/2 201 Created"
2026-07-26 10:21:51,148 - INFO - HTTP Request: POST https://fhtverdbtmwjvgxlkmkz.supabase.co/rest/v1/execution_logs "HTTP/2 201 Created"
2026-07-26 10:22:29,876 - INFO - HTTP Request: POST https://fhtverdbtmwjvgxlkmkz.supabase.co/rest/v1/execution_logs "HTTP/2 201 Created"
2026-07-26 10:23:08,528 - INFO - HTTP Request: POST https://fhtverdbtmwjvgxlkmkz.supabase.co/rest/v1/execution_logs "HTTP/2 201 Created"
2026-07-26 10:23:47,499 - INFO - HTTP Request: POST https://fhtverdbtmwjvgxlkmkz.supabase.co/rest/v1/execution_logs "HTTP/2 201 Created"
2026-07-26 10:24:26,333 - INFO - HTTP Request: POST https://fhtverdbtmwjvgxlkmkz.supabase.co/rest/v1/execution_logs "HTTP/2 201 Created"
2026-07-26 10:25:05,198 - INFO - HTTP Request: POST https://fhtverdbtmwjvgxlkmkz.supabase.co/rest/v1/execution_logs "HTTP/2 201 Created"
2026-07-26 10:25:43,935 - INFO - HTTP Request: POST https://fhtverdbtmwjvgxlkmkz.supabase.co/rest/v1/execution_logs "HTTP/2 201 Created"
2026-07-26 10:26:22,702 - INFO - HTTP Request: POST https://fhtverdbtmwjvgxlkmkz.supabase.co/rest/v1/execution_logs "HTTP/2 201 Created"
2026-07-26 10:27:01,739 - INFO - HTTP Request: POST https://fhtverdbtmwjvgxlkmkz.supabase.co/rest/v1/execution_logs "HTTP/2 201 Created"
2026-07-26 10:27:40,502 - INFO - HTTP Request: POST https://fhtverdbtmwjvgxlkmkz.supabase.co/rest/v1/execution_logs "HTTP/2 201 Created"
2026-07-26 10:28:19,178 - INFO - HTTP Request: POST https://fhtverdbtmwjvgxlkmkz.supabase.co/rest/v1/execution_logs "HTTP/2 201 Created"
2026-07-26 10:28:58,258 - INFO - HTTP Request: POST https://fhtverdbtmwjvgxlkmkz.supabase.co/rest/v1/execution_logs "HTTP/2 201 Created"
2026-07-26 10:29:38,197 - INFO - HTTP Request: POST https://fhtverdbtmwjvgxlkmkz.supabase.co/rest/v1/execution_logs "HTTP/2 201 Created"
2026-07-26 10:30:17,127 - INFO - HTTP Request: POST https://fhtverdbtmwjvgxlkmkz.supabase.co/rest/v1/execution_logs "HTTP/2 201 Created"
2026-07-26 10:30:56,025 - INFO - HTTP Request: POST https://fhtverdbtmwjvgxlkmkz.supabase.co/rest/v1/execution_logs "HTTP/2 201 Created"
2026-07-26 10:31:34,945 - INFO - HTTP Request: POST https://fhtverdbtmwjvgxlkmkz.supabase.co/rest/v1/execution_logs "HTTP/2 201 Created"
2026-07-26 10:32:14,050 - INFO - HTTP Request: POST https://fhtverdbtmwjvgxlkmkz.supabase.co/rest/v1/execution_logs "HTTP/2 201 Created"
2026-07-26 10:32:53,274 - INFO - HTTP Request: POST https://fhtverdbtmwjvgxlkmkz.supabase.co/rest/v1/execution_logs "HTTP/2 201 Created"
2026-07-26 10:33:31,976 - INFO - HTTP Request: POST https://fhtverdbtmwjvgxlkmkz.supabase.co/rest/v1/execution_logs "HTTP/2 201 Created"
2026-07-26 10:34:10,704 - INFO - HTTP Request: POST https://fhtverdbtmwjvgxlkmkz.supabase.co/rest/v1/execution_logs "HTTP/2 201 Created"
2026-07-26 10:34:50,108 - INFO - HTTP Request: POST https://fhtverdbtmwjvgxlkmkz.supabase.co/rest/v1/execution_logs "HTTP/2 201 Created"
2026-07-26 10:35:29,016 - INFO - HTTP Request: POST https://fhtverdbtmwjvgxlkmkz.supabase.co/rest/v1/execution_logs "HTTP/2 201 Created"
2026-07-26 10:36:07,933 - INFO - HTTP Request: POST https://fhtverdbtmwjvgxlkmkz.supabase.co/rest/v1/execution_logs "HTTP/2 201 Created"
2026-07-26 10:36:47,154 - INFO - HTTP Request: POST https://fhtverdbtmwjvgxlkmkz.supabase.co/rest/v1/execution_logs "HTTP/2 201 Created"
2026-07-26 10:37:26,171 - INFO - HTTP Request: POST https://fhtverdbtmwjvgxlkmkz.supabase.co/rest/v1/execution_logs "HTTP/2 201 Created"
2026-07-26 10:38:05,455 - INFO - HTTP Request: POST https://fhtverdbtmwjvgxlkmkz.supabase.co/rest/v1/execution_logs "HTTP/2 201 Created"
2026-07-26 10:38:44,505 - INFO - HTTP Request: POST https://fhtverdbtmwjvgxlkmkz.supabase.co/rest/v1/execution_logs "HTTP/2 201 Created"
2026-07-26 10:39:23,500 - INFO - HTTP Request: POST https://fhtverdbtmwjvgxlkmkz.supabase.co/rest/v1/execution_logs "HTTP/2 201 Created"
2026-07-26 10:40:02,328 - INFO - HTTP Request: POST https://fhtverdbtmwjvgxlkmkz.supabase.co/rest/v1/execution_logs "HTTP/2 201 Created"
2026-07-26 10:40:41,100 - INFO - HTTP Request: POST https://fhtverdbtmwjvgxlkmkz.supabase.co/rest/v1/execution_logs "HTTP/2 201 Created"
2026-07-26 10:41:19,985 - INFO - HTTP Request: POST https://fhtverdbtmwjvgxlkmkz.supabase.co/rest/v1/execution_logs "HTTP/2 201 Created"
2026-07-26 10:41:58,657 - INFO - HTTP Request: POST https://fhtverdbtmwjvgxlkmkz.supabase.co/rest/v1/execution_logs "HTTP/2 201 Created"
2026-07-26 10:42:37,771 - INFO - HTTP Request: POST https://fhtverdbtmwjvgxlkmkz.supabase.co/rest/v1/execution_logs "HTTP/2 201 Created"
2026-07-26 10:43:16,698 - INFO - HTTP Request: POST https://fhtverdbtmwjvgxlkmkz.supabase.co/rest/v1/execution_logs "HTTP/2 201 Created"
2026-07-26 10:43:55,394 - INFO - HTTP Request: POST https://fhtverdbtmwjvgxlkmkz.supabase.co/rest/v1/execution_logs "HTTP/2 201 Created"
2026-07-26 10:44:34,719 - INFO - HTTP Request: POST https://fhtverdbtmwjvgxlkmkz.supabase.co/rest/v1/execution_logs "HTTP/2 201 Created"
2026-07-26 10:45:13,746 - INFO - HTTP Request: POST https://fhtverdbtmwjvgxlkmkz.supabase.co/rest/v1/execution_logs "HTTP/2 201 Created"
2026-07-26 10:45:52,591 - INFO - HTTP Request: POST https://fhtverdbtmwjvgxlkmkz.supabase.co/rest/v1/execution_logs "HTTP/2 201 Created"
2026-07-26 10:46:31,506 - INFO - HTTP Request: POST https://fhtverdbtmwjvgxlkmkz.supabase.co/rest/v1/execution_logs "HTTP/2 201 Created"
2026-07-26 10:47:10,397 - INFO - HTTP Request: POST https://fhtverdbtmwjvgxlkmkz.supabase.co/rest/v1/execution_logs "HTTP/2 201 Created"
2026-07-26 10:47:49,487 - INFO - HTTP Request: POST https://fhtverdbtmwjvgxlkmkz.supabase.co/rest/v1/execution_logs "HTTP/2 201 Created"
2026-07-26 10:48:28,706 - INFO - HTTP Request: POST https://fhtverdbtmwjvgxlkmkz.supabase.co/rest/v1/execution_logs "HTTP/2 201 Created"
2026-07-26 10:49:07,389 - INFO - HTTP Request: POST https://fhtverdbtmwjvgxlkmkz.supabase.co/rest/v1/execution_logs "HTTP/2 201 Created"
2026-07-26 10:49:46,736 - INFO - HTTP Request: POST https://fhtverdbtmwjvgxlkmkz.supabase.co/rest/v1/execution_logs "HTTP/2 201 Created"
2026-07-26 10:50:25,620 - INFO - HTTP Request: POST https://fhtverdbtmwjvgxlkmkz.supabase.co/rest/v1/execution_logs "HTTP/2 201 Created"
2026-07-26 10:51:04,869 - INFO - HTTP Request: POST https://fhtverdbtmwjvgxlkmkz.supabase.co/rest/v1/execution_logs "HTTP/2 201 Created"
2026-07-26 10:51:43,883 - INFO - HTTP Request: POST https://fhtverdbtmwjvgxlkmkz.supabase.co/rest/v1/execution_logs "HTTP/2 201 Created"
2026-07-26 10:52:22,646 - INFO - HTTP Request: POST https://fhtverdbtmwjvgxlkmkz.supabase.co/rest/v1/execution_logs "HTTP/2 201 Created"
2026-07-26 10:53:01,376 - INFO - HTTP Request: POST https://fhtverdbtmwjvgxlkmkz.supabase.co/rest/v1/execution_logs "HTTP/2 201 Created"
2026-07-26 10:53:40,292 - INFO - HTTP Request: POST https://fhtverdbtmwjvgxlkmkz.supabase.co/rest/v1/execution_logs "HTTP/2 201 Created"
2026-07-26 10:54:19,224 - INFO - HTTP Request: POST https://fhtverdbtmwjvgxlkmkz.supabase.co/rest/v1/execution_logs "HTTP/2 201 Created"
2026-07-26 10:54:58,294 - INFO - HTTP Request: POST https://fhtverdbtmwjvgxlkmkz.supabase.co/rest/v1/execution_logs "HTTP/2 201 Created"
2026-07-26 10:55:37,059 - INFO - HTTP Request: POST https://fhtverdbtmwjvgxlkmkz.supabase.co/rest/v1/execution_logs "HTTP/2 201 Created"
2026-07-26 10:56:16,040 - INFO - HTTP Request: POST https://fhtverdbtmwjvgxlkmkz.supabase.co/rest/v1/execution_logs "HTTP/2 201 Created"
2026-07-26 10:56:55,079 - INFO - HTTP Request: POST https://fhtverdbtmwjvgxlkmkz.supabase.co/rest/v1/execution_logs "HTTP/2 201 Created"
2026-07-26 10:57:33,934 - INFO - HTTP Request: POST https://fhtverdbtmwjvgxlkmkz.supabase.co/rest/v1/execution_logs "HTTP/2 201 Created"
2026-07-26 10:58:13,210 - INFO - HTTP Request: POST https://fhtverdbtmwjvgxlkmkz.supabase.co/rest/v1/execution_logs "HTTP/2 201 Created"
2026-07-26 10:58:52,184 - INFO - HTTP Request: POST https://fhtverdbtmwjvgxlkmkz.supabase.co/rest/v1/execution_logs "HTTP/2 201 Created"
2026-07-26 10:59:30,879 - INFO - HTTP Request: POST https://fhtverdbtmwjvgxlkmkz.supabase.co/rest/v1/execution_logs "HTTP/2 201 Created"
2026-07-26 11:00:10,054 - INFO - HTTP Request: POST https://fhtverdbtmwjvgxlkmkz.supabase.co/rest/v1/execution_logs "HTTP/2 201 Created"
2026-07-26 11:00:48,939 - INFO - HTTP Request: POST https://fhtverdbtmwjvgxlkmkz.supabase.co/rest/v1/execution_logs "HTTP/2 201 Created"
2026-07-26 11:01:27,847 - INFO - HTTP Request: POST https://fhtverdbtmwjvgxlkmkz.supabase.co/rest/v1/execution_logs "HTTP/2 201 Created"
2026-07-26 11:02:06,725 - INFO - HTTP Request: POST https://fhtverdbtmwjvgxlkmkz.supabase.co/rest/v1/execution_logs "HTTP/2 201 Created"
2026-07-26 11:02:45,773 - INFO - HTTP Request: POST https://fhtverdbtmwjvgxlkmkz.supabase.co/rest/v1/execution_logs "HTTP/2 201 Created"
2026-07-26 11:03:25,014 - INFO - HTTP Request: POST https://fhtverdbtmwjvgxlkmkz.supabase.co/rest/v1/execution_logs "HTTP/2 201 Created"
2026-07-26 11:04:03,965 - INFO - HTTP Request: POST https://fhtverdbtmwjvgxlkmkz.supabase.co/rest/v1/execution_logs "HTTP/2 201 Created"
2026-07-26 11:04:43,266 - INFO - HTTP Request: POST https://fhtverdbtmwjvgxlkmkz.supabase.co/rest/v1/execution_logs "HTTP/2 201 Created"
2026-07-26 11:05:22,056 - INFO - HTTP Request: POST https://fhtverdbtmwjvgxlkmkz.supabase.co/rest/v1/execution_logs "HTTP/2 201 Created"
2026-07-26 11:06:01,293 - INFO - HTTP Request: POST https://fhtverdbtmwjvgxlkmkz.supabase.co/rest/v1/execution_logs "HTTP/2 201 Created"
2026-07-26 11:06:40,303 - INFO - HTTP Request: POST https://fhtverdbtmwjvgxlkmkz.supabase.co/rest/v1/execution_logs "HTTP/2 201 Created"
2026-07-26 11:07:19,420 - INFO - HTTP Request: POST https://fhtverdbtmwjvgxlkmkz.supabase.co/rest/v1/execution_logs "HTTP/2 201 Created"
2026-07-26 11:07:58,641 - INFO - HTTP Request: POST https://fhtverdbtmwjvgxlkmkz.supabase.co/rest/v1/execution_logs "HTTP/2 201 Created"
2026-07-26 11:08:37,581 - INFO - HTTP Request: POST https://fhtverdbtmwjvgxlkmkz.supabase.co/rest/v1/execution_logs "HTTP/2 201 Created"
2026-07-26 11:09:16,669 - INFO - HTTP Request: POST https://fhtverdbtmwjvgxlkmkz.supabase.co/rest/v1/execution_logs "HTTP/2 201 Created"
2026-07-26 11:09:55,889 - INFO - HTTP Request: POST https://fhtverdbtmwjvgxlkmkz.supabase.co/rest/v1/execution_logs "HTTP/2 201 Created"
2026-07-26 11:10:34,744 - INFO - HTTP Request: POST https://fhtverdbtmwjvgxlkmkz.supabase.co/rest/v1/execution_logs "HTTP/2 201 Created"
2026-07-26 11:11:13,816 - INFO - HTTP Request: POST https://fhtverdbtmwjvgxlkmkz.supabase.co/rest/v1/execution_logs "HTTP/2 201 Created"
2026-07-26 11:11:52,703 - INFO - HTTP Request: POST https://fhtverdbtmwjvgxlkmkz.supabase.co/rest/v1/execution_logs "HTTP/2 201 Created"
2026-07-26 11:12:32,050 - INFO - HTTP Request: POST https://fhtverdbtmwjvgxlkmkz.supabase.co/rest/v1/execution_logs "HTTP/2 201 Created"
2026-07-26 11:13:10,851 - INFO - HTTP Request: POST https://fhtverdbtmwjvgxlkmkz.supabase.co/rest/v1/execution_logs "HTTP/2 201 Created"
2026-07-26 11:13:49,980 - INFO - HTTP Request: POST https://fhtverdbtmwjvgxlkmkz.supabase.co/rest/v1/execution_logs "HTTP/2 201 Created"
2026-07-26 11:14:29,197 - INFO - HTTP Request: POST https://fhtverdbtmwjvgxlkmkz.supabase.co/rest/v1/execution_logs "HTTP/2 201 Created"
2026-07-26 11:15:08,008 - INFO - HTTP Request: POST https://fhtverdbtmwjvgxlkmkz.supabase.co/rest/v1/execution_logs "HTTP/2 201 Created"
2026-07-26 11:15:47,242 - INFO - HTTP Request: POST https://fhtverdbtmwjvgxlkmkz.supabase.co/rest/v1/execution_logs "HTTP/2 201 Created"
2026-07-26 11:16:26,132 - INFO - HTTP Request: POST https://fhtverdbtmwjvgxlkmkz.supabase.co/rest/v1/execution_logs "HTTP/2 201 Created"
2026-07-26 11:17:04,947 - INFO - HTTP Request: POST https://fhtverdbtmwjvgxlkmkz.supabase.co/rest/v1/execution_logs "HTTP/2 201 Created"
2026-07-26 11:17:43,863 - INFO - HTTP Request: POST https://fhtverdbtmwjvgxlkmkz.supabase.co/rest/v1/execution_logs "HTTP/2 201 Created"
2026-07-26 11:18:22,702 - INFO - HTTP Request: POST https://fhtverdbtmwjvgxlkmkz.supabase.co/rest/v1/execution_logs "HTTP/2 201 Created"
2026-07-26 11:19:01,587 - INFO - HTTP Request: POST https://fhtverdbtmwjvgxlkmkz.supabase.co/rest/v1/execution_logs "HTTP/2 201 Created"
2026-07-26 11:19:40,703 - INFO - HTTP Request: POST https://fhtverdbtmwjvgxlkmkz.supabase.co/rest/v1/execution_logs "HTTP/2 201 Created"
2026-07-26 11:20:19,498 - INFO - HTTP Request: POST https://fhtverdbtmwjvgxlkmkz.supabase.co/rest/v1/execution_logs "HTTP/2 201 Created"
2026-07-26 11:20:58,630 - INFO - HTTP Request: POST https://fhtverdbtmwjvgxlkmkz.supabase.co/rest/v1/execution_logs "HTTP/2 201 Created"
2026-07-26 11:21:37,578 - INFO - HTTP Request: POST https://fhtverdbtmwjvgxlkmkz.supabase.co/rest/v1/execution_logs "HTTP/2 201 Created"
2026-07-26 11:22:17,410 - INFO - HTTP Request: POST https://fhtverdbtmwjvgxlkmkz.supabase.co/rest/v1/execution_logs "HTTP/2 201 Created"
2026-07-26 11:22:56,298 - INFO - HTTP Request: POST https://fhtverdbtmwjvgxlkmkz.supabase.co/rest/v1/execution_logs "HTTP/2 201 Created"
2026-07-26 11:23:35,175 - INFO - HTTP Request: POST https://fhtverdbtmwjvgxlkmkz.supabase.co/rest/v1/execution_logs "HTTP/2 201 Created"
2026-07-26 11:24:14,215 - INFO - HTTP Request: POST https://fhtverdbtmwjvgxlkmkz.supabase.co/rest/v1/execution_logs "HTTP/2 201 Created"
2026-07-26 11:24:53,333 - INFO - HTTP Request: POST https://fhtverdbtmwjvgxlkmkz.supabase.co/rest/v1/execution_logs "HTTP/2 201 Created"
2026-07-26 11:25:32,347 - INFO - HTTP Request: POST https://fhtverdbtmwjvgxlkmkz.supabase.co/rest/v1/execution_logs "HTTP/2 201 Created"
2026-07-26 11:26:11,348 - INFO - HTTP Request: POST https://fhtverdbtmwjvgxlkmkz.supabase.co/rest/v1/execution_logs "HTTP/2 201 Created"
2026-07-26 11:26:51,147 - INFO - HTTP Request: POST https://fhtverdbtmwjvgxlkmkz.supabase.co/rest/v1/execution_logs "HTTP/2 201 Created"
2026-07-26 11:27:30,087 - INFO - HTTP Request: POST https://fhtverdbtmwjvgxlkmkz.supabase.co/rest/v1/execution_logs "HTTP/2 201 Created"
2026-07-26 11:28:09,102 - INFO - HTTP Request: POST https://fhtverdbtmwjvgxlkmkz.supabase.co/rest/v1/execution_logs "HTTP/2 201 Created"
2026-07-26 11:28:48,346 - INFO - HTTP Request: POST https://fhtverdbtmwjvgxlkmkz.supabase.co/rest/v1/execution_logs "HTTP/2 201 Created"
2026-07-26 11:29:27,386 - INFO - HTTP Request: POST https://fhtverdbtmwjvgxlkmkz.supabase.co/rest/v1/execution_logs "HTTP/2 201 Created"
2026-07-26 11:30:06,450 - INFO - HTTP Request: POST https://fhtverdbtmwjvgxlkmkz.supabase.co/rest/v1/execution_logs "HTTP/2 201 Created"
2026-07-26 11:30:45,580 - INFO - HTTP Request: POST https://fhtverdbtmwjvgxlkmkz.supabase.co/rest/v1/execution_logs "HTTP/2 201 Created"
2026-07-26 11:31:24,812 - INFO - HTTP Request: POST https://fhtverdbtmwjvgxlkmkz.supabase.co/rest/v1/execution_logs "HTTP/2 201 Created"
2026-07-26 11:32:03,929 - INFO - HTTP Request: POST https://fhtverdbtmwjvgxlkmkz.supabase.co/rest/v1/execution_logs "HTTP/2 201 Created"
2026-07-26 11:32:42,862 - INFO - HTTP Request: POST https://fhtverdbtmwjvgxlkmkz.supabase.co/rest/v1/execution_logs "HTTP/2 201 Created"
2026-07-26 11:33:22,234 - INFO - HTTP Request: POST https://fhtverdbtmwjvgxlkmkz.supabase.co/rest/v1/execution_logs "HTTP/2 201 Created"
2026-07-26 11:34:01,150 - INFO - HTTP Request: POST https://fhtverdbtmwjvgxlkmkz.supabase.co/rest/v1/execution_logs "HTTP/2 201 Created"
2026-07-26 11:34:39,913 - INFO - HTTP Request: POST https://fhtverdbtmwjvgxlkmkz.supabase.co/rest/v1/execution_logs "HTTP/2 201 Created"
2026-07-26 11:35:18,919 - INFO - HTTP Request: POST https://fhtverdbtmwjvgxlkmkz.supabase.co/rest/v1/execution_logs "HTTP/2 201 Created"
2026-07-26 11:35:57,699 - INFO - HTTP Request: POST https://fhtverdbtmwjvgxlkmkz.supabase.co/rest/v1/execution_logs "HTTP/2 201 Created"
2026-07-26 11:36:36,861 - INFO - HTTP Request: POST https://fhtverdbtmwjvgxlkmkz.supabase.co/rest/v1/execution_logs "HTTP/2 201 Created"
2026-07-26 11:37:15,728 - INFO - HTTP Request: POST https://fhtverdbtmwjvgxlkmkz.supabase.co/rest/v1/execution_logs "HTTP/2 201 Created"
2026-07-26 11:37:54,961 - INFO - HTTP Request: POST https://fhtverdbtmwjvgxlkmkz.supabase.co/rest/v1/execution_logs "HTTP/2 201 Created"
2026-07-26 11:38:33,838 - INFO - HTTP Request: POST https://fhtverdbtmwjvgxlkmkz.supabase.co/rest/v1/execution_logs "HTTP/2 201 Created"
2026-07-26 11:39:12,839 - INFO - HTTP Request: POST https://fhtverdbtmwjvgxlkmkz.supabase.co/rest/v1/execution_logs "HTTP/2 201 Created"
2026-07-26 11:39:51,627 - INFO - HTTP Request: POST https://fhtverdbtmwjvgxlkmkz.supabase.co/rest/v1/execution_logs "HTTP/2 201 Created"
2026-07-26 11:40:30,862 - INFO - HTTP Request: POST https://fhtverdbtmwjvgxlkmkz.supabase.co/rest/v1/execution_logs "HTTP/2 201 Created"
2026-07-26 11:41:10,136 - INFO - HTTP Request: POST https://fhtverdbtmwjvgxlkmkz.supabase.co/rest/v1/execution_logs "HTTP/2 201 Created"
2026-07-26 11:41:49,135 - INFO - HTTP Request: POST https://fhtverdbtmwjvgxlkmkz.supabase.co/rest/v1/execution_logs "HTTP/2 201 Created"
2026-07-26 11:42:27,981 - INFO - HTTP Request: POST https://fhtverdbtmwjvgxlkmkz.supabase.co/rest/v1/execution_logs "HTTP/2 201 Created"
2026-07-26 11:43:06,859 - INFO - HTTP Request: POST https://fhtverdbtmwjvgxlkmkz.supabase.co/rest/v1/execution_logs "HTTP/2 201 Created"
2026-07-26 11:43:46,091 - INFO - HTTP Request: POST https://fhtverdbtmwjvgxlkmkz.supabase.co/rest/v1/execution_logs "HTTP/2 201 Created"
2026-07-26 11:44:25,309 - INFO - HTTP Request: POST https://fhtverdbtmwjvgxlkmkz.supabase.co/rest/v1/execution_logs "HTTP/2 201 Created"
2026-07-26 11:45:04,300 - INFO - HTTP Request: POST https://fhtverdbtmwjvgxlkmkz.supabase.co/rest/v1/execution_logs "HTTP/2 201 Created"
2026-07-26 11:45:43,244 - INFO - HTTP Request: POST https://fhtverdbtmwjvgxlkmkz.supabase.co/rest/v1/execution_logs "HTTP/2 201 Created"
2026-07-26 11:46:22,459 - INFO - HTTP Request: POST https://fhtverdbtmwjvgxlkmkz.supabase.co/rest/v1/execution_logs "HTTP/2 201 Created"
2026-07-26 11:47:01,677 - INFO - HTTP Request: POST https://fhtverdbtmwjvgxlkmkz.supabase.co/rest/v1/execution_logs "HTTP/2 201 Created"
2026-07-26 11:47:46,263 - INFO - HTTP Request: POST https://fhtverdbtmwjvgxlkmkz.supabase.co/rest/v1/execution_logs "HTTP/2 201 Created"
2026-07-26 11:48:25,509 - INFO - HTTP Request: POST https://fhtverdbtmwjvgxlkmkz.supabase.co/rest/v1/execution_logs "HTTP/2 201 Created"
2026-07-26 11:49:04,368 - INFO - HTTP Request: POST https://fhtverdbtmwjvgxlkmkz.supabase.co/rest/v1/execution_logs "HTTP/2 201 Created"
2026-07-26 11:49:43,178 - INFO - HTTP Request: POST https://fhtverdbtmwjvgxlkmkz.supabase.co/rest/v1/execution_logs "HTTP/2 201 Created"
2026-07-26 11:50:22,486 - INFO - HTTP Request: POST https://fhtverdbtmwjvgxlkmkz.supabase.co/rest/v1/execution_logs "HTTP/2 201 Created"
2026-07-26 11:51:01,284 - INFO - HTTP Request: POST https://fhtverdbtmwjvgxlkmkz.supabase.co/rest/v1/execution_logs "HTTP/2 201 Created"
2026-07-26 11:51:40,311 - INFO - HTTP Request: POST https://fhtverdbtmwjvgxlkmkz.supabase.co/rest/v1/execution_logs "HTTP/2 201 Created"
2026-07-26 11:52:19,529 - INFO - HTTP Request: POST https://fhtverdbtmwjvgxlkmkz.supabase.co/rest/v1/execution_logs "HTTP/2 201 Created"
2026-07-26 11:52:58,314 - INFO - HTTP Request: POST https://fhtverdbtmwjvgxlkmkz.supabase.co/rest/v1/execution_logs "HTTP/2 201 Created"
2026-07-26 11:53:37,085 - INFO - HTTP Request: POST https://fhtverdbtmwjvgxlkmkz.supabase.co/rest/v1/execution_logs "HTTP/2 201 Created"
2026-07-26 11:54:16,100 - INFO - HTTP Request: POST https://fhtverdbtmwjvgxlkmkz.supabase.co/rest/v1/execution_logs "HTTP/2 201 Created"
2026-07-26 11:54:55,283 - INFO - HTTP Request: POST https://fhtverdbtmwjvgxlkmkz.supabase.co/rest/v1/execution_logs "HTTP/2 201 Created"
2026-07-26 11:55:35,270 - INFO - HTTP Request: POST https://fhtverdbtmwjvgxlkmkz.supabase.co/rest/v1/execution_logs "HTTP/2 201 Created"
2026-07-26 11:56:34,741 - ERROR - Cloud sync error: [Errno 54] Connection reset by peer
2026-07-26 11:57:13,790 - INFO - HTTP Request: POST https://fhtverdbtmwjvgxlkmkz.supabase.co/rest/v1/execution_logs "HTTP/2 201 Created"
2026-07-26 11:57:52,774 - INFO - HTTP Request: POST https://fhtverdbtmwjvgxlkmkz.supabase.co/rest/v1/execution_logs "HTTP/2 201 Created"
2026-07-26 11:58:32,269 - INFO - HTTP Request: POST https://fhtverdbtmwjvgxlkmkz.supabase.co/rest/v1/execution_logs "HTTP/2 201 Created"
2026-07-26 11:59:11,002 - INFO - HTTP Request: POST https://fhtverdbtmwjvgxlkmkz.supabase.co/rest/v1/execution_logs "HTTP/2 201 Created"
2026-07-26 11:59:50,261 - INFO - HTTP Request: POST https://fhtverdbtmwjvgxlkmkz.supabase.co/rest/v1/execution_logs "HTTP/2 201 Created"
2026-07-26 12:00:29,513 - INFO - HTTP Request: POST https://fhtverdbtmwjvgxlkmkz.supabase.co/rest/v1/execution_logs "HTTP/2 201 Created"
2026-07-26 12:01:08,328 - INFO - HTTP Request: POST https://fhtverdbtmwjvgxlkmkz.supabase.co/rest/v1/execution_logs "HTTP/2 201 Created"
2026-07-26 12:01:47,561 - INFO - HTTP Request: POST https://fhtverdbtmwjvgxlkmkz.supabase.co/rest/v1/execution_logs "HTTP/2 201 Created"
2026-07-26 12:02:26,403 - INFO - HTTP Request: POST https://fhtverdbtmwjvgxlkmkz.supabase.co/rest/v1/execution_logs "HTTP/2 201 Created"
2026-07-26 12:03:05,338 - INFO - HTTP Request: POST https://fhtverdbtmwjvgxlkmkz.supabase.co/rest/v1/execution_logs "HTTP/2 201 Created"
2026-07-26 12:03:44,594 - INFO - HTTP Request: POST https://fhtverdbtmwjvgxlkmkz.supabase.co/rest/v1/execution_logs "HTTP/2 201 Created"
2026-07-26 12:04:23,652 - INFO - HTTP Request: POST https://fhtverdbtmwjvgxlkmkz.supabase.co/rest/v1/execution_logs "HTTP/2 201 Created"
2026-07-26 12:05:02,533 - INFO - HTTP Request: POST https://fhtverdbtmwjvgxlkmkz.supabase.co/rest/v1/execution_logs "HTTP/2 201 Created"
2026-07-26 12:05:41,987 - INFO - HTTP Request: POST https://fhtverdbtmwjvgxlkmkz.supabase.co/rest/v1/execution_logs "HTTP/2 201 Created"
2026-07-26 12:06:20,737 - INFO - HTTP Request: POST https://fhtverdbtmwjvgxlkmkz.supabase.co/rest/v1/execution_logs "HTTP/2 201 Created"
2026-07-26 12:07:00,223 - INFO - HTTP Request: POST https://fhtverdbtmwjvgxlkmkz.supabase.co/rest/v1/execution_logs "HTTP/2 201 Created"
2026-07-26 12:07:38,968 - INFO - HTTP Request: POST https://fhtverdbtmwjvgxlkmkz.supabase.co/rest/v1/execution_logs "HTTP/2 201 Created"
2026-07-26 12:08:18,209 - INFO - HTTP Request: POST https://fhtverdbtmwjvgxlkmkz.supabase.co/rest/v1/execution_logs "HTTP/2 201 Created"
2026-07-26 12:08:56,936 - INFO - HTTP Request: POST https://fhtverdbtmwjvgxlkmkz.supabase.co/rest/v1/execution_logs "HTTP/2 201 Created"
2026-07-26 12:09:35,644 - INFO - HTTP Request: POST https://fhtverdbtmwjvgxlkmkz.supabase.co/rest/v1/execution_logs "HTTP/2 201 Created"
2026-07-26 12:10:14,683 - INFO - HTTP Request: POST https://fhtverdbtmwjvgxlkmkz.supabase.co/rest/v1/execution_logs "HTTP/2 201 Created"
2026-07-26 12:10:53,599 - INFO - HTTP Request: POST https://fhtverdbtmwjvgxlkmkz.supabase.co/rest/v1/execution_logs "HTTP/2 201 Created"
2026-07-26 12:11:32,561 - INFO - HTTP Request: POST https://fhtverdbtmwjvgxlkmkz.supabase.co/rest/v1/execution_logs "HTTP/2 201 Created"
2026-07-26 12:12:11,275 - INFO - HTTP Request: POST https://fhtverdbtmwjvgxlkmkz.supabase.co/rest/v1/execution_logs "HTTP/2 201 Created"
2026-07-26 12:12:50,277 - INFO - HTTP Request: POST https://fhtverdbtmwjvgxlkmkz.supabase.co/rest/v1/execution_logs "HTTP/2 201 Created"
2026-07-26 12:13:29,306 - INFO - HTTP Request: POST https://fhtverdbtmwjvgxlkmkz.supabase.co/rest/v1/execution_logs "HTTP/2 201 Created"
2026-07-26 12:14:08,187 - INFO - HTTP Request: POST https://fhtverdbtmwjvgxlkmkz.supabase.co/rest/v1/execution_logs "HTTP/2 201 Created"
2026-07-26 12:14:47,141 - INFO - HTTP Request: POST https://fhtverdbtmwjvgxlkmkz.supabase.co/rest/v1/execution_logs "HTTP/2 201 Created"
2026-07-26 12:15:26,246 - INFO - HTTP Request: POST https://fhtverdbtmwjvgxlkmkz.supabase.co/rest/v1/execution_logs "HTTP/2 201 Created"
2026-07-26 12:16:05,469 - INFO - HTTP Request: POST https://fhtverdbtmwjvgxlkmkz.supabase.co/rest/v1/execution_logs "HTTP/2 201 Created"
2026-07-26 12:16:44,314 - INFO - HTTP Request: POST https://fhtverdbtmwjvgxlkmkz.supabase.co/rest/v1/execution_logs "HTTP/2 201 Created"
2026-07-26 12:17:23,318 - INFO - HTTP Request: POST https://fhtverdbtmwjvgxlkmkz.supabase.co/rest/v1/execution_logs "HTTP/2 201 Created"
2026-07-26 12:18:02,436 - INFO - HTTP Request: POST https://fhtverdbtmwjvgxlkmkz.supabase.co/rest/v1/execution_logs "HTTP/2 201 Created"
2026-07-26 12:18:41,101 - INFO - HTTP Request: POST https://fhtverdbtmwjvgxlkmkz.supabase.co/rest/v1/execution_logs "HTTP/2 201 Created"
2026-07-26 12:19:19,892 - INFO - HTTP Request: POST https://fhtverdbtmwjvgxlkmkz.supabase.co/rest/v1/execution_logs "HTTP/2 201 Created"
2026-07-26 12:19:58,762 - INFO - HTTP Request: POST https://fhtverdbtmwjvgxlkmkz.supabase.co/rest/v1/execution_logs "HTTP/2 201 Created"
2026-07-26 12:20:37,802 - INFO - HTTP Request: POST https://fhtverdbtmwjvgxlkmkz.supabase.co/rest/v1/execution_logs "HTTP/2 201 Created"
2026-07-26 12:21:16,763 - INFO - HTTP Request: POST https://fhtverdbtmwjvgxlkmkz.supabase.co/rest/v1/execution_logs "HTTP/2 201 Created"
2026-07-26 12:21:55,983 - INFO - HTTP Request: POST https://fhtverdbtmwjvgxlkmkz.supabase.co/rest/v1/execution_logs "HTTP/2 201 Created"
2026-07-26 12:22:34,838 - INFO - HTTP Request: POST https://fhtverdbtmwjvgxlkmkz.supabase.co/rest/v1/execution_logs "HTTP/2 201 Created"
2026-07-26 12:23:13,655 - INFO - HTTP Request: POST https://fhtverdbtmwjvgxlkmkz.supabase.co/rest/v1/execution_logs "HTTP/2 201 Created"
2026-07-26 12:23:52,382 - INFO - HTTP Request: POST https://fhtverdbtmwjvgxlkmkz.supabase.co/rest/v1/execution_logs "HTTP/2 201 Created"
2026-07-26 12:24:32,219 - INFO - HTTP Request: POST https://fhtverdbtmwjvgxlkmkz.supabase.co/rest/v1/execution_logs "HTTP/2 201 Created"
2026-07-26 12:25:11,112 - INFO - HTTP Request: POST https://fhtverdbtmwjvgxlkmkz.supabase.co/rest/v1/execution_logs "HTTP/2 201 Created"
2026-07-26 12:25:50,047 - INFO - HTTP Request: POST https://fhtverdbtmwjvgxlkmkz.supabase.co/rest/v1/execution_logs "HTTP/2 201 Created"
2026-07-26 12:26:28,727 - INFO - HTTP Request: POST https://fhtverdbtmwjvgxlkmkz.supabase.co/rest/v1/execution_logs "HTTP/2 201 Created"
2026-07-26 12:27:07,906 - INFO - HTTP Request: POST https://fhtverdbtmwjvgxlkmkz.supabase.co/rest/v1/execution_logs "HTTP/2 201 Created"
2026-07-26 12:27:46,649 - INFO - HTTP Request: POST https://fhtverdbtmwjvgxlkmkz.supabase.co/rest/v1/execution_logs "HTTP/2 201 Created"
2026-07-26 12:28:25,367 - INFO - HTTP Request: POST https://fhtverdbtmwjvgxlkmkz.supabase.co/rest/v1/execution_logs "HTTP/2 201 Created"
2026-07-26 12:29:04,210 - INFO - HTTP Request: POST https://fhtverdbtmwjvgxlkmkz.supabase.co/rest/v1/execution_logs "HTTP/2 201 Created"
2026-07-26 12:29:42,970 - INFO - HTTP Request: POST https://fhtverdbtmwjvgxlkmkz.supabase.co/rest/v1/execution_logs "HTTP/2 201 Created"
2026-07-26 12:30:22,152 - INFO - HTTP Request: POST https://fhtverdbtmwjvgxlkmkz.supabase.co/rest/v1/execution_logs "HTTP/2 201 Created"
2026-07-26 12:31:01,079 - INFO - HTTP Request: POST https://fhtverdbtmwjvgxlkmkz.supabase.co/rest/v1/execution_logs "HTTP/2 201 Created"
2026-07-26 12:31:39,971 - INFO - HTTP Request: POST https://fhtverdbtmwjvgxlkmkz.supabase.co/rest/v1/execution_logs "HTTP/2 201 Created"
2026-07-26 12:32:18,919 - INFO - HTTP Request: POST https://fhtverdbtmwjvgxlkmkz.supabase.co/rest/v1/execution_logs "HTTP/2 201 Created"
2026-07-26 12:32:57,646 - INFO - HTTP Request: POST https://fhtverdbtmwjvgxlkmkz.supabase.co/rest/v1/execution_logs "HTTP/2 201 Created"
2026-07-26 12:33:36,614 - INFO - HTTP Request: POST https://fhtverdbtmwjvgxlkmkz.supabase.co/rest/v1/execution_logs "HTTP/2 201 Created"
2026-07-26 12:34:15,233 - INFO - HTTP Request: POST https://fhtverdbtmwjvgxlkmkz.supabase.co/rest/v1/execution_logs "HTTP/2 201 Created"
2026-07-26 12:34:54,047 - INFO - HTTP Request: POST https://fhtverdbtmwjvgxlkmkz.supabase.co/rest/v1/execution_logs "HTTP/2 201 Created"
2026-07-26 12:35:33,019 - INFO - HTTP Request: POST https://fhtverdbtmwjvgxlkmkz.supabase.co/rest/v1/execution_logs "HTTP/2 201 Created"
2026-07-26 12:36:11,930 - INFO - HTTP Request: POST https://fhtverdbtmwjvgxlkmkz.supabase.co/rest/v1/execution_logs "HTTP/2 201 Created"
2026-07-26 12:36:50,592 - INFO - HTTP Request: POST https://fhtverdbtmwjvgxlkmkz.supabase.co/rest/v1/execution_logs "HTTP/2 201 Created"
2026-07-26 12:37:29,466 - INFO - HTTP Request: POST https://fhtverdbtmwjvgxlkmkz.supabase.co/rest/v1/execution_logs "HTTP/2 201 Created"
2026-07-26 12:38:08,234 - INFO - HTTP Request: POST https://fhtverdbtmwjvgxlkmkz.supabase.co/rest/v1/execution_logs "HTTP/2 201 Created"
2026-07-26 12:38:47,191 - INFO - HTTP Request: POST https://fhtverdbtmwjvgxlkmkz.supabase.co/rest/v1/execution_logs "HTTP/2 201 Created"
2026-07-26 12:39:26,109 - INFO - HTTP Request: POST https://fhtverdbtmwjvgxlkmkz.supabase.co/rest/v1/execution_logs "HTTP/2 201 Created"
2026-07-26 12:40:04,939 - INFO - HTTP Request: POST https://fhtverdbtmwjvgxlkmkz.supabase.co/rest/v1/execution_logs "HTTP/2 201 Created"
2026-07-26 12:40:44,241 - INFO - HTTP Request: POST https://fhtverdbtmwjvgxlkmkz.supabase.co/rest/v1/execution_logs "HTTP/2 201 Created"
2026-07-26 12:41:23,169 - INFO - HTTP Request: POST https://fhtverdbtmwjvgxlkmkz.supabase.co/rest/v1/execution_logs "HTTP/2 201 Created"
2026-07-26 12:42:01,958 - INFO - HTTP Request: POST https://fhtverdbtmwjvgxlkmkz.supabase.co/rest/v1/execution_logs "HTTP/2 201 Created"
2026-07-26 12:42:40,603 - INFO - HTTP Request: POST https://fhtverdbtmwjvgxlkmkz.supabase.co/rest/v1/execution_logs "HTTP/2 201 Created"
2026-07-26 12:43:19,427 - INFO - HTTP Request: POST https://fhtverdbtmwjvgxlkmkz.supabase.co/rest/v1/execution_logs "HTTP/2 201 Created"
2026-07-26 12:43:58,418 - INFO - HTTP Request: POST https://fhtverdbtmwjvgxlkmkz.supabase.co/rest/v1/execution_logs "HTTP/2 201 Created"
2026-07-26 12:44:37,222 - INFO - HTTP Request: POST https://fhtverdbtmwjvgxlkmkz.supabase.co/rest/v1/execution_logs "HTTP/2 201 Created"
2026-07-26 12:45:15,967 - INFO - HTTP Request: POST https://fhtverdbtmwjvgxlkmkz.supabase.co/rest/v1/execution_logs "HTTP/2 201 Created"
2026-07-26 12:45:54,716 - INFO - HTTP Request: POST https://fhtverdbtmwjvgxlkmkz.supabase.co/rest/v1/execution_logs "HTTP/2 201 Created"
2026-07-26 12:46:33,743 - INFO - HTTP Request: POST https://fhtverdbtmwjvgxlkmkz.supabase.co/rest/v1/execution_logs "HTTP/2 201 Created"
2026-07-26 12:47:12,527 - INFO - HTTP Request: POST https://fhtverdbtmwjvgxlkmkz.supabase.co/rest/v1/execution_logs "HTTP/2 201 Created"
2026-07-26 12:47:51,180 - INFO - HTTP Request: POST https://fhtverdbtmwjvgxlkmkz.supabase.co/rest/v1/execution_logs "HTTP/2 201 Created"
2026-07-26 12:48:29,979 - INFO - HTTP Request: POST https://fhtverdbtmwjvgxlkmkz.supabase.co/rest/v1/execution_logs "HTTP/2 201 Created"
2026-07-26 12:49:08,749 - INFO - HTTP Request: POST https://fhtverdbtmwjvgxlkmkz.supabase.co/rest/v1/execution_logs "HTTP/2 201 Created"
2026-07-26 12:49:47,413 - INFO - HTTP Request: POST https://fhtverdbtmwjvgxlkmkz.supabase.co/rest/v1/execution_logs "HTTP/2 201 Created"
2026-07-26 12:50:26,536 - INFO - HTTP Request: POST https://fhtverdbtmwjvgxlkmkz.supabase.co/rest/v1/execution_logs "HTTP/2 201 Created"
2026-07-26 12:51:05,344 - INFO - HTTP Request: POST https://fhtverdbtmwjvgxlkmkz.supabase.co/rest/v1/execution_logs "HTTP/2 201 Created"
2026-07-26 12:51:44,141 - INFO - HTTP Request: POST https://fhtverdbtmwjvgxlkmkz.supabase.co/rest/v1/execution_logs "HTTP/2 201 Created"
2026-07-26 12:52:23,231 - INFO - HTTP Request: POST https://fhtverdbtmwjvgxlkmkz.supabase.co/rest/v1/execution_logs "HTTP/2 201 Created"
2026-07-26 12:53:01,843 - INFO - HTTP Request: POST https://fhtverdbtmwjvgxlkmkz.supabase.co/rest/v1/execution_logs "HTTP/2 201 Created"
2026-07-26 12:53:40,483 - INFO - HTTP Request: POST https://fhtverdbtmwjvgxlkmkz.supabase.co/rest/v1/execution_logs "HTTP/2 201 Created"
2026-07-26 12:54:19,540 - INFO - HTTP Request: POST https://fhtverdbtmwjvgxlkmkz.supabase.co/rest/v1/execution_logs "HTTP/2 201 Created"
2026-07-26 12:54:58,283 - INFO - HTTP Request: POST https://fhtverdbtmwjvgxlkmkz.supabase.co/rest/v1/execution_logs "HTTP/2 201 Created"
2026-07-26 12:55:37,061 - INFO - HTTP Request: POST https://fhtverdbtmwjvgxlkmkz.supabase.co/rest/v1/execution_logs "HTTP/2 201 Created"
2026-07-26 12:56:16,057 - INFO - HTTP Request: POST https://fhtverdbtmwjvgxlkmkz.supabase.co/rest/v1/execution_logs "HTTP/2 201 Created"
2026-07-26 12:56:55,025 - INFO - HTTP Request: POST https://fhtverdbtmwjvgxlkmkz.supabase.co/rest/v1/execution_logs "HTTP/2 201 Created"
2026-07-26 12:57:33,736 - INFO - HTTP Request: POST https://fhtverdbtmwjvgxlkmkz.supabase.co/rest/v1/execution_logs "HTTP/2 201 Created"
2026-07-26 12:58:12,698 - INFO - HTTP Request: POST https://fhtverdbtmwjvgxlkmkz.supabase.co/rest/v1/execution_logs "HTTP/2 201 Created"
2026-07-26 12:58:51,553 - INFO - HTTP Request: POST https://fhtverdbtmwjvgxlkmkz.supabase.co/rest/v1/execution_logs "HTTP/2 201 Created"
2026-07-26 12:59:30,103 - INFO - HTTP Request: POST https://fhtverdbtmwjvgxlkmkz.supabase.co/rest/v1/execution_logs "HTTP/2 201 Created"
2026-07-26 13:00:09,156 - INFO - HTTP Request: POST https://fhtverdbtmwjvgxlkmkz.supabase.co/rest/v1/execution_logs "HTTP/2 201 Created"
2026-07-26 13:00:47,833 - INFO - HTTP Request: POST https://fhtverdbtmwjvgxlkmkz.supabase.co/rest/v1/execution_logs "HTTP/2 201 Created"
2026-07-26 13:01:26,174 - ERROR - Cloud sync error: [Errno 2] No such file or directory
2026-07-26 13:02:04,460 - ERROR - Cloud sync error: [Errno 2] No such file or directory
2026-07-26 13:02:42,714 - ERROR - Cloud sync error: [Errno 2] No such file or directory
2026-07-26 13:03:20,941 - ERROR - Cloud sync error: [Errno 2] No such file or directory
2026-07-26 13:03:59,241 - ERROR - Cloud sync error: [Errno 2] No such file or directory
2026-07-26 13:04:37,506 - ERROR - Cloud sync error: [Errno 2] No such file or directory
2026-07-26 13:05:15,859 - ERROR - Cloud sync error: [Errno 2] No such file or directory
2026-07-26 13:05:54,153 - ERROR - Cloud sync error: [Errno 2] No such file or directory
2026-07-26 13:06:32,464 - ERROR - Cloud sync error: [Errno 2] No such file or directory
2026-07-26 13:07:10,741 - ERROR - Cloud sync error: [Errno 2] No such file or directory
2026-07-26 13:07:48,990 - ERROR - Cloud sync error: [Errno 2] No such file or directory
2026-07-26 13:08:27,326 - ERROR - Cloud sync error: [Errno 2] No such file or directory
2026-07-26 13:09:05,590 - ERROR - Cloud sync error: [Errno 2] No such file or directory
2026-07-26 13:09:43,881 - ERROR - Cloud sync error: [Errno 2] No such file or directory
2026-07-26 13:10:22,113 - ERROR - Cloud sync error: [Errno 2] No such file or directory
2026-07-26 13:11:00,415 - ERROR - Cloud sync error: [Errno 2] No such file or directory
2026-07-26 13:11:38,744 - ERROR - Cloud sync error: [Errno 2] No such file or directory
2026-07-26 13:12:16,972 - ERROR - Cloud sync error: [Errno 2] No such file or directory
2026-07-26 13:12:55,247 - ERROR - Cloud sync error: [Errno 2] No such file or directory
2026-07-26 13:13:33,587 - ERROR - Cloud sync error: [Errno 2] No such file or directory
2026-07-26 13:14:11,834 - ERROR - Cloud sync error: [Errno 2] No such file or directory
2026-07-26 13:14:50,093 - ERROR - Cloud sync error: [Errno 2] No such file or directory
2026-07-26 13:15:28,368 - ERROR - Cloud sync error: [Errno 2] No such file or directory
2026-07-26 13:16:06,659 - ERROR - Cloud sync error: [Errno 2] No such file or directory
2026-07-26 13:16:44,944 - ERROR - Cloud sync error: [Errno 2] No such file or directory
2026-07-26 13:17:23,269 - ERROR - Cloud sync error: [Errno 2] No such file or directory
2026-07-26 13:18:01,538 - ERROR - Cloud sync error: [Errno 2] No such file or directory
2026-07-26 13:18:39,871 - ERROR - Cloud sync error: [Errno 2] No such file or directory
